-- MariaDB dump 10.19  Distrib 10.4.32-MariaDB, for Win64 (AMD64)
--
-- Host: localhost    Database: e_inventory
-- ------------------------------------------------------
-- Server version	10.4.32-MariaDB

/*!40101 SET @OLD_CHARACTER_SET_CLIENT=@@CHARACTER_SET_CLIENT */;
/*!40101 SET @OLD_CHARACTER_SET_RESULTS=@@CHARACTER_SET_RESULTS */;
/*!40101 SET @OLD_COLLATION_CONNECTION=@@COLLATION_CONNECTION */;
/*!40101 SET NAMES utf8mb4 */;
/*!40103 SET @OLD_TIME_ZONE=@@TIME_ZONE */;
/*!40103 SET TIME_ZONE='+00:00' */;
/*!40014 SET @OLD_UNIQUE_CHECKS=@@UNIQUE_CHECKS, UNIQUE_CHECKS=0 */;
/*!40014 SET @OLD_FOREIGN_KEY_CHECKS=@@FOREIGN_KEY_CHECKS, FOREIGN_KEY_CHECKS=0 */;
/*!40101 SET @OLD_SQL_MODE=@@SQL_MODE, SQL_MODE='NO_AUTO_VALUE_ON_ZERO' */;
/*!40111 SET @OLD_SQL_NOTES=@@SQL_NOTES, SQL_NOTES=0 */;

--
-- Table structure for table `activity_log`
--

DROP TABLE IF EXISTS `activity_log`;
/*!40101 SET @saved_cs_client     = @@character_set_client */;
/*!40101 SET character_set_client = utf8 */;
CREATE TABLE `activity_log` (
  `activity_log_id` int(11) NOT NULL AUTO_INCREMENT,
  `user_id` int(11) NOT NULL DEFAULT 0,
  `date_log` datetime NOT NULL DEFAULT current_timestamp(),
  `action` longtext NOT NULL DEFAULT '',
  `session_id` varchar(255) NOT NULL DEFAULT '',
  `user_level` varchar(100) NOT NULL DEFAULT '0',
  `system_id` int(11) NOT NULL DEFAULT 0,
  PRIMARY KEY (`activity_log_id`)
) ENGINE=InnoDB AUTO_INCREMENT=292 DEFAULT CHARSET=latin1 COLLATE=latin1_swedish_ci;
/*!40101 SET character_set_client = @saved_cs_client */;

--
-- Dumping data for table `activity_log`
--

LOCK TABLES `activity_log` WRITE;
/*!40000 ALTER TABLE `activity_log` DISABLE KEYS */;
INSERT INTO `activity_log` VALUES (2,1,'2026-03-04 09:45:25','UPDATE EMPLOYMENT STATUS:: DETAILS::{\"user_id\":1,\"general_id\":\"CGC-08626\",\"full_name\":\"REOLO, MARLON LLANES\",\"old_employment_status_id\":1,\"new_employment_status_id\":1}','Z25vRzBEbzhDM3NRRnpmZStEeE1WVGpUOERFaG9SN0paTjVBSFh0c2hNdTNRNmFMc2dkY2lDQlkxT05LeUY4dU00UTN1U3NWaDZ5ZDNJY3ZDSTVjTnVieXorTXBaUmxxZjNqcXRCUTFHemUyK0E3ZXdLZGV2eVJueGc1SndEcmpuUzByelR6ZlVxQkM4ZldQaWhLQ3NlUm0xUHp1N0haTVhsS1YwT011VEFjZ3JoRlNIeGloYWU4d25qMHRMRnh','0',0),(3,1,'2026-03-04 09:50:39','UPDATE EMPLOYMENT STATUS:: DETAILS::{\"user_id\":1,\"general_id\":\"CGC-08626\",\"full_name\":\"REOLO, MARLON LLANES\",\"old_employment_status_id\":1,\"new_employment_status_id\":1}','Z25vRzBEbzhDM3NRRnpmZStEeE1WVGpUOERFaG9SN0paTjVBSFh0c2hNdTNRNmFMc2dkY2lDQlkxT05LeUY4dU00UTN1U3NWaDZ5ZDNJY3ZDSTVjTnVieXorTXBaUmxxZjNqcXRCUTFHemUyK0E3ZXdLZGV2eVJueGc1SndEcmpuUzByelR6ZlVxQkM4ZldQaWhLQ3NlUm0xUHp1N0haTVhsS1YwT011VEFjZ3JoRlNIeGloYWU4d25qMHRMRnh','0',0),(4,1,'2026-03-04 09:50:56','UPDATE EMPLOYMENT STATUS:: DETAILS::{\"user_id\":1,\"general_id\":\"CGC-08626\",\"full_name\":\"REOLO, MARLON LLANES\",\"old_employment_status_id\":1,\"new_employment_status_id\":2}','Z25vRzBEbzhDM3NRRnpmZStEeE1WVGpUOERFaG9SN0paTjVBSFh0c2hNdTNRNmFMc2dkY2lDQlkxT05LeUY4dU00UTN1U3NWaDZ5ZDNJY3ZDSTVjTnVieXorTXBaUmxxZjNqcXRCUTFHemUyK0E3ZXdLZGV2eVJueGc1SndEcmpuUzByelR6ZlVxQkM4ZldQaWhLQ3NlUm0xUHp1N0haTVhsS1YwT011VEFjZ3JoRlNIeGloYWU4d25qMHRMRnh','0',0),(5,1,'2026-03-04 09:51:02','UPDATE EMPLOYMENT STATUS:: DETAILS::{\"user_id\":1,\"general_id\":\"CGC-08626\",\"full_name\":\"REOLO, MARLON LLANES\",\"old_employment_status_id\":2,\"new_employment_status_id\":1}','Z25vRzBEbzhDM3NRRnpmZStEeE1WVGpUOERFaG9SN0paTjVBSFh0c2hNdTNRNmFMc2dkY2lDQlkxT05LeUY4dU00UTN1U3NWaDZ5ZDNJY3ZDSTVjTnVieXorTXBaUmxxZjNqcXRCUTFHemUyK0E3ZXdLZGV2eVJueGc1SndEcmpuUzByelR6ZlVxQkM4ZldQaWhLQ3NlUm0xUHp1N0haTVhsS1YwT011VEFjZ3JoRlNIeGloYWU4d25qMHRMRnh','0',0),(6,1,'2026-03-04 10:09:50','UPDATE EMPLOYMENT STATUS:: DETAILS::{\"user_id\":1,\"general_id\":\"CGC-08626\",\"full_name\":\"REOLO, MARLON LLANES\",\"old_employment_status_id\":1,\"new_employment_status_id\":3}','d3B2dDloWW1RNFQwdUowTSttMkVnK1BWQTVXQjljcHFNekJZTG5Wd3VBMUxqVzYrcEt4Y1Y2M0VadjZSMitPRDBKblJwR1ZkVDZ2bHpkVGZ0b1E4cDBrS3JBOHJXbytqc29qV3NXTWxZOFVXWGpDaEdLUGlLZDVJYW5sSW5VaytrSFpVMm04QlRseE4zNWdZSmwxUjZDcW94Tm9ZMmlKeVRVUTJxSUxwSmo2U0dKZFF5bTlVbVVHbjlTeVBpVnE','1',0),(7,1,'2026-03-04 10:10:02','UPDATE EMPLOYMENT STATUS:: DETAILS::{\"user_id\":1,\"general_id\":\"CGC-08626\",\"full_name\":\"REOLO, MARLON LLANES\",\"old_employment_status_id\":3,\"new_employment_status_id\":1}','d3B2dDloWW1RNFQwdUowTSttMkVnK1BWQTVXQjljcHFNekJZTG5Wd3VBMUxqVzYrcEt4Y1Y2M0VadjZSMitPRDBKblJwR1ZkVDZ2bHpkVGZ0b1E4cDBrS3JBOHJXbytqc29qV3NXTWxZOFVXWGpDaEdLUGlLZDVJYW5sSW5VaytrSFpVMm04QlRseE4zNWdZSmwxUjZDcW94Tm9ZMmlKeVRVUTJxSUxwSmo2U0dKZFF5bTlVbVVHbjlTeVBpVnE','1',0),(8,1,'2026-03-04 10:13:46','AST CATEGORY BULK ADD::SUCCESS:: DETAILS::{\"inserted\":1,\"skipped\":0,\"error_count\":0}','QVhIVTdpSklpSzZNcTdoSGN4eHI3OW5IOGZWTDEydzQ5ZHBPeXRqWDdYbzFCenpETlpoT0dIODNJSy85TklRM0VRanozcityYmp6Qldod1JiUWVqYmw0V3FCeFVkMWVEaHFnRkVUMGRDU1lwSzRrbDFDVFpJejFxNzZZbVdlUGlmNFJNZ2dRcnhYOW5pTmxRbWlFaHVjWDcyUjlkc0JUc1MvQ00yUTBEVmV3cUxPU0ZSazl0cjdoSEs2NUM5akl','2',0),(9,1,'2026-03-04 14:16:04','UPDATE EMPLOYMENT STATUS:: DETAILS::{\"user_id\":2,\"general_id\":\"po_as\",\"full_name\":\"PO, PO PO\",\"old_employment_status_id\":0,\"new_employment_status_id\":1}','cnBBeXROQmhLbmJuVjJxdW1lODNnRTNvMWduOWEyMWRJYUFKMmsvU0s5cmJYbnZmZldqSEJmS3RITUpZbWs1a0tsVXhRcHNBQ29ob1ZSTkRNNjBYd3haQmVaalVHQ2F1QmxCRUJIeVpRelNYd1c2QWhhWDlzRWRuTklzZXladEpyRjZvbE5tN2FWRVEyU0Y2akMxTnBiODI0UkU2SWZzSjQ1dnJvVGtNR1FMc1UxYkcyd1lPOGFiNU50aXowRWQ','1',0),(10,1,'2026-03-05 10:30:46','AST CATEGORY ADD CATEGORIES::SUCCESS:: DETAILS::{\"inserted\":2,\"skipped\":0,\"error_count\":0}','K1ptSlhYWi9oakFyNmFXREVHRXJ0cTJ5QXJLem1JUmd6VWpoaEljS0p3YVBnakJvQ0NpWU9SbThLUE1BVVN2TFZWeGRJeXUrdHB2NUZpR1NlNi9FOCs3cys3QjQ2ZXRsWlg0TDJVUlBpM2pHUmp3cVdkWHM4aytmYVM0Z0hLdXFmeE1CYzFsSGFleHJSWEV0NldNb3ZQb0lWS3BpcWVBUjNhNXhPSkhoWml6UDVoejRESG8vTWFuMTBDRE9xcjZ','2',0),(11,1,'2026-03-05 10:36:34','AST CATEGORY ADD CATEGORIES::SUCCESS:: DETAILS::{\"inserted\":2,\"skipped\":1,\"added\":[\"actlogdettest\",\"actlogdettest1\"],\"not_added\":[\"actlogdettest1 (duplicate)\"]}','K1ptSlhYWi9oakFyNmFXREVHRXJ0cTJ5QXJLem1JUmd6VWpoaEljS0p3YVBnakJvQ0NpWU9SbThLUE1BVVN2TFZWeGRJeXUrdHB2NUZpR1NlNi9FOCs3cys3QjQ2ZXRsWlg0TDJVUlBpM2pHUmp3cVdkWHM4aytmYVM0Z0hLdXFmeE1CYzFsSGFleHJSWEV0NldNb3ZQb0lWS3BpcWVBUjNhNXhPSkhoWml6UDVoejRESG8vTWFuMTBDRE9xcjZ','2',0),(12,1,'2026-03-05 10:54:20','AST ADD ITEM::SUCCESS:: DETAILS::{\"property_code_start\":\"AST-TEST-0004\",\"property_code_end\":\"AST-TEST-0004\",\"property_number\":\"TEST\",\"property_series_start\":4,\"units_created\":1,\"category_id\":43,\"item_description\":\"etset\",\"serial_numbers_provided\":0,\"quantity_per_unit\":1,\"available_qty\":1,\"unit\":\"pcs\",\"source_of_fund\":\"\",\"cost_value\":null,\"allowed_status\":null,\"is_available\":1}','NmNxeXlSbmdPWWprNmdlRDIxTEhJUTZWdHc4QW9WRk5pakhMTXN4S1p2TlBIVkFjOTVIQytvdG9aOG5kQXNvd21zUkUxdVMvMzdKcldKSEV2Qk9talJ4MkN4Ri9nM0J5dzg1VGhPRW5qSkxkRVl3OEEyazF4L2NMWi82dER0SnRHTmFMNTd4YTdqVHJVOXFqSkNJSXg1S0dNVUFPa2lmSlkvOWlUTitUNWNqa2QwUFgzTTRJdmxubFF3TUkzTld','2',0),(13,1,'2026-03-05 11:00:38','AST ADD ITEM::SUCCESS:: DETAILS::{\"property_code_start\":\"AST-HAHA-0001\",\"property_code_end\":\"AST-HAHA-0001\",\"property_number\":\"HAHA\",\"property_series_start\":1,\"units_created\":1,\"category_id\":43,\"item_description\":\"asdfasd\",\"serial_numbers_provided\":0,\"quantity_per_unit\":1,\"available_qty\":1,\"unit\":\"pcs\",\"source_of_fund\":\"\",\"cost_value\":null,\"allowed_status\":null,\"is_available\":1}','NmNxeXlSbmdPWWprNmdlRDIxTEhJUTZWdHc4QW9WRk5pakhMTXN4S1p2TlBIVkFjOTVIQytvdG9aOG5kQXNvd21zUkUxdVMvMzdKcldKSEV2Qk9talJ4MkN4Ri9nM0J5dzg1VGhPRW5qSkxkRVl3OEEyazF4L2NMWi82dER0SnRHTmFMNTd4YTdqVHJVOXFqSkNJSXg1S0dNVUFPa2lmSlkvOWlUTitUNWNqa2QwUFgzTTRJdmxubFF3TUkzTld','2',0),(14,1,'2026-03-05 16:46:35','AST SET AVAILABLE RULES::SUCCESS:: DETAILS::{\"property_code\":\"AST-HAHA-0001\",\"old_available_qty\":1,\"new_available_qty\":1,\"old_allowed_status\":null,\"new_allowed_status\":\"{\\\"teaching\\\":[1,2,3],\\\"non_teaching\\\":[]}\",\"old_is_available\":1,\"new_is_available\":1}','WWMyWmgvVjZ2OFM1aTdIcWhuV29GeXh5bFcrMStnNXJ4MUtObmg4bEpYdzMvWUsrZXNhdkQ3NW94TjJDTktnMzhVMWlMTzJFNjFVSk0raGtYajVqalJYQlR0dHcxelU2MkRrYncxcVlzVlhrdjR1WjBITEc0czZxMGVoanJWeGo2ejFuQmtQZ1YxZVhGOHdIcEplZ1ZXOFo3UkdhakJrYnphNUpadzRvUy83WFp4R2ZjemhYY2tBZUR4RXBaWE9','2',0),(15,1,'2026-03-05 16:56:25','AST ADD ITEM::SUCCESS:: DETAILS::{\"property_code_start\":\"AST-1234-0004\",\"property_code_end\":\"AST-1234-0004\",\"property_number\":\"1234\",\"property_series_start\":4,\"units_created\":1,\"category_id\":33,\"item_description\":\"1234\",\"serial_numbers_provided\":0,\"quantity_per_unit\":1,\"available_qty\":1,\"unit\":\"pcs\",\"source_of_fund\":\"\",\"cost_value\":null,\"allowed_status\":null,\"is_available\":1}','WWMyWmgvVjZ2OFM1aTdIcWhuV29GeXh5bFcrMStnNXJ4MUtObmg4bEpYdzMvWUsrZXNhdkQ3NW94TjJDTktnMzhVMWlMTzJFNjFVSk0raGtYajVqalJYQlR0dHcxelU2MkRrYncxcVlzVlhrdjR1WjBITEc0czZxMGVoanJWeGo2ejFuQmtQZ1YxZVhGOHdIcEplZ1ZXOFo3UkdhakJrYnphNUpadzRvUy83WFp4R2ZjemhYY2tBZUR4RXBaWE9','2',0),(16,1,'2026-03-05 16:58:41','AST ADD ITEM::SUCCESS:: DETAILS::{\"property_code_start\":\"AST-1234-0005\",\"property_code_end\":\"AST-1234-0005\",\"property_number\":\"1234\",\"property_series_start\":5,\"units_created\":1,\"category_id\":12,\"item_description\":\"1234\",\"serial_numbers_provided\":1,\"quantity_per_unit\":1,\"available_qty\":1,\"unit\":\"pcs\",\"source_of_fund\":\"\",\"cost_value\":null,\"allowed_status\":null,\"is_available\":1}','WWMyWmgvVjZ2OFM1aTdIcWhuV29GeXh5bFcrMStnNXJ4MUtObmg4bEpYdzMvWUsrZXNhdkQ3NW94TjJDTktnMzhVMWlMTzJFNjFVSk0raGtYajVqalJYQlR0dHcxelU2MkRrYncxcVlzVlhrdjR1WjBITEc0czZxMGVoanJWeGo2ejFuQmtQZ1YxZVhGOHdIcEplZ1ZXOFo3UkdhakJrYnphNUpadzRvUy83WFp4R2ZjemhYY2tBZUR4RXBaWE9','2',0),(17,1,'2026-03-05 17:06:13','AST ADD ITEM::SUCCESS:: DETAILS::{\"property_code_start\":\"AST-1234-0006\",\"property_code_end\":\"AST-1234-0006\",\"property_number\":\"1234\",\"property_series_start\":6,\"units_created\":1,\"category_id\":12,\"item_description\":\"1234\",\"serial_numbers_provided\":1,\"quantity_per_unit\":1,\"available_qty\":0,\"unit\":\"pcs\",\"source_of_fund\":\"\",\"cost_value\":null,\"allowed_status\":\"{\\\"none\\\":true}\",\"is_available\":0}','WWMyWmgvVjZ2OFM1aTdIcWhuV29GeXh5bFcrMStnNXJ4MUtObmg4bEpYdzMvWUsrZXNhdkQ3NW94TjJDTktnMzhVMWlMTzJFNjFVSk0raGtYajVqalJYQlR0dHcxelU2MkRrYncxcVlzVlhrdjR1WjBITEc0czZxMGVoanJWeGo2ejFuQmtQZ1YxZVhGOHdIcEplZ1ZXOFo3UkdhakJrYnphNUpadzRvUy83WFp4R2ZjemhYY2tBZUR4RXBaWE9','2',0),(18,1,'2026-03-05 17:07:00','AST BULK SET AVAILABLE RULES::SUCCESS:: DETAILS::{\"count\":50,\"property_codes\":[\"AST-1234-0006\",\"AST-1234-0005\",\"AST-1234-0004\",\"AST-HAHA-0001\",\"AST-TEST-0004\",\"AST-TEST-0001\",\"AST-TEST-0002\",\"AST-TEST-0003\",\"AST-1234-0001\",\"AST-1234-0002\",\"AST-1234-0003\",\"AST-JIPRE-0001\",\"AST-JIPRE-0002\",\"AST-JIPRE-0003\",\"AST-ASDF351-0001\",\"AST-0321-0001\",\"AST-UNITTEST-0003\",\"AST-UNITTEST-0002\",\"AST-UNITTEST-0001\",\"AST-HAHAHATESTINGLANGPO123456789-0001\",\"AST-0000-0019\",\"AST-0000-0018\",\"AST-1111-0001\",\"AST-3452-0001\",\"AST-8946-0001\",\"AST-0654-0001\",\"AST-0000-0017\",\"AST-0000-0016\",\"AST-0000-0015\",\"AST-0000-0014\",\"AST-0000-0013\",\"AST-0001-0007\",\"AST-0000-0012\",\"AST-0001-0006\",\"AST-0001-0005\",\"AST-0001-0004\",\"AST-0000-0011\",\"AST-0001-0003\",\"AST-0000-0010\",\"AST-0000-0009\",\"AST-0000-0008\",\"AST-0000-0007\",\"AST-0000-0006\",\"AST-0000-0004\",\"AST-0000-0003\",\"AST-0000-0002\",\"AST-0000-0001\",\"AST-0001-0002\",\"AST-6767-0001\",\"AST-0001-0001\"],\"available_qty\":null,\"allowed_status\":\"{\\\"none\\\":true}\"}','WWMyWmgvVjZ2OFM1aTdIcWhuV29GeXh5bFcrMStnNXJ4MUtObmg4bEpYdzMvWUsrZXNhdkQ3NW94TjJDTktnMzhVMWlMTzJFNjFVSk0raGtYajVqalJYQlR0dHcxelU2MkRrYncxcVlzVlhrdjR1WjBITEc0czZxMGVoanJWeGo2ejFuQmtQZ1YxZVhGOHdIcEplZ1ZXOFo3UkdhakJrYnphNUpadzRvUy83WFp4R2ZjemhYY2tBZUR4RXBaWE9','2',0),(19,1,'2026-03-05 17:25:04','REQUISITION DISAPPROVAL::SUCCESS:: DETAILS::{\"requisition_id\":1,\"module_type\":\"AST\",\"item_code\":\"AST-0000-0011\",\"item_description\":\"sfgsdfg\",\"qty_requested\":1,\"requester_user_id\":5,\"reason\":\"ayoko\",\"old_status\":\"approved\",\"new_status\":\"disapproved\"}','WWMyWmgvVjZ2OFM1aTdIcWhuV29GeXh5bFcrMStnNXJ4MUtObmg4bEpYdzMvWUsrZXNhdkQ3NW94TjJDTktnMzhVMWlMTzJFNjFVSk0raGtYajVqalJYQlR0dHcxelU2MkRrYncxcVlzVlhrdjR1WjBITEc0czZxMGVoanJWeGo2ejFuQmtQZ1YxZVhGOHdIcEplZ1ZXOFo3UkdhakJrYnphNUpadzRvUy83WFp4R2ZjemhYY2tBZUR4RXBaWE9','2',0),(20,1,'2026-03-09 09:37:08','FACILITY CREATE::SUCCESS:: DETAILS::{\"facility_code\":\"MISD\",\"facility_name\":\"Management Information System Department\"}','cnpUUDNwbW1rdVBnWXdidmh1S0hCOVIxUzZSdCtqdi8xZlVkczBYdTdQRzBwVHI5MXMvMW45VThSb05pUnpWNTVnUkZOR2Jyd2VvK25ZdUJrdlFoUnNTMFY5SFprQmlueXZnenp3YSs3NlFsN044UjZLOXFIRFQ1QVAzTlBQVkMzMWEwemxoRkdpM0t5UEZkeXcxNnpGOVRuNksrZGlmN29KZTRJRWRjKy9UazY1LzlCeW9LQlNIS05SeXJPbEZ','2',0),(21,1,'2026-03-09 09:39:03','FACILITY UPDATE::SUCCESS:: DETAILS::{\"facility_id\":1,\"facility_code\":\"AB\",\"facility_name\":\"Admin Building\"}','cnpUUDNwbW1rdVBnWXdidmh1S0hCOVIxUzZSdCtqdi8xZlVkczBYdTdQRzBwVHI5MXMvMW45VThSb05pUnpWNTVnUkZOR2Jyd2VvK25ZdUJrdlFoUnNTMFY5SFprQmlueXZnenp3YSs3NlFsN044UjZLOXFIRFQ1QVAzTlBQVkMzMWEwemxoRkdpM0t5UEZkeXcxNnpGOVRuNksrZGlmN29KZTRJRWRjKy9UazY1LzlCeW9LQlNIS05SeXJPbEZ','2',0),(22,1,'2026-03-09 09:39:40','FACILITY UNIT CREATE::SUCCESS:: DETAILS::{\"facility_id\":1,\"unit_code\":\"MISD\",\"unit_name\":\"Management Information System Department\"}','cnpUUDNwbW1rdVBnWXdidmh1S0hCOVIxUzZSdCtqdi8xZlVkczBYdTdQRzBwVHI5MXMvMW45VThSb05pUnpWNTVnUkZOR2Jyd2VvK25ZdUJrdlFoUnNTMFY5SFprQmlueXZnenp3YSs3NlFsN044UjZLOXFIRFQ1QVAzTlBQVkMzMWEwemxoRkdpM0t5UEZkeXcxNnpGOVRuNksrZGlmN29KZTRJRWRjKy9UazY1LzlCeW9LQlNIS05SeXJPbEZ','2',0),(23,1,'2026-03-09 09:42:15','AST BULK SET AVAILABLE RULES::SUCCESS:: DETAILS::{\"count\":50,\"property_codes\":[\"AST-1234-0006\",\"AST-1234-0005\",\"AST-1234-0004\",\"AST-HAHA-0001\",\"AST-TEST-0004\",\"AST-TEST-0001\",\"AST-TEST-0002\",\"AST-TEST-0003\",\"AST-1234-0001\",\"AST-1234-0002\",\"AST-1234-0003\",\"AST-JIPRE-0001\",\"AST-JIPRE-0002\",\"AST-JIPRE-0003\",\"AST-ASDF351-0001\",\"AST-0321-0001\",\"AST-UNITTEST-0003\",\"AST-UNITTEST-0002\",\"AST-UNITTEST-0001\",\"AST-HAHAHATESTINGLANGPO123456789-0001\",\"AST-0000-0019\",\"AST-0000-0018\",\"AST-1111-0001\",\"AST-3452-0001\",\"AST-8946-0001\",\"AST-0654-0001\",\"AST-0000-0017\",\"AST-0000-0016\",\"AST-0000-0015\",\"AST-0000-0014\",\"AST-0000-0013\",\"AST-0001-0007\",\"AST-0000-0012\",\"AST-0001-0006\",\"AST-0001-0005\",\"AST-0001-0004\",\"AST-0000-0011\",\"AST-0001-0003\",\"AST-0000-0010\",\"AST-0000-0009\",\"AST-0000-0008\",\"AST-0000-0007\",\"AST-0000-0006\",\"AST-0000-0004\",\"AST-0000-0003\",\"AST-0000-0002\",\"AST-0000-0001\",\"AST-0001-0002\",\"AST-6767-0001\",\"AST-0001-0001\"],\"available_qty\":null,\"allowed_status\":\"{\\\"teaching\\\":[1],\\\"non_teaching\\\":[]}\"}','cnpUUDNwbW1rdVBnWXdidmh1S0hCOVIxUzZSdCtqdi8xZlVkczBYdTdQRzBwVHI5MXMvMW45VThSb05pUnpWNTVnUkZOR2Jyd2VvK25ZdUJrdlFoUnNTMFY5SFprQmlueXZnenp3YSs3NlFsN044UjZLOXFIRFQ1QVAzTlBQVkMzMWEwemxoRkdpM0t5UEZkeXcxNnpGOVRuNksrZGlmN29KZTRJRWRjKy9UazY1LzlCeW9LQlNIS05SeXJPbEZ','2',0),(24,1,'2026-03-09 09:42:46','UPDATE EMPLOYMENT STATUS:: DETAILS::{\"user_id\":3,\"general_id\":\"user\",\"full_name\":\"USER, USER USER\",\"old_employment_status_id\":0,\"new_employment_status_id\":1}','VmowRTJIdlJsaUNCdEMvNHI3YmgwaVlSVE1Hbk5GcHBDY3A3bTFOd0JJRjRURU5LTWRhTnlvS0lKdGJDWGZFZWdKNTd2dFpjRmtIRStKeis5RXJ0UjJvbGhpTnNMckE5alNtK0xFdlJ6emtZa1cyREk2SDhmWWdmaTQ5TEJ0OE9qY2RjT0lYSDBGWmorRmM5RFp4NEhkNEhDWXIrWXhzN3ZoZ3F3MDhyK0phZFFRZnpEaUxIblpnczg2RlA5dUY','1',0),(25,3,'2026-03-09 09:43:21','USER REQUISITION SUBMIT::SUCCESS:: DETAILS::{\"module_type\":\"AST\",\"item_code\":\"AST-1234-0005\",\"qty_requested\":1}','QitDT3kwZ3hyZUNEZzVYSXMzNzhCV2plL2VCQS9SRlcrbnpkNFJONk83Z0Q1eU50RVBWMUZMVlJrSEkwYVR6LzJYN3h0Z0l0N1doNFcvVDJ3SXUybnlmYjhNd1BYYm9LSDFxNG9YYkpoUkd2bkp3NW5vM0dOTzVQUlBCL20xSW8vN3o3V0xSRHJpcE9iOHdaOWo0Q3JJY0Y5azIzbUlEaEFnNU1aakF1cFZvZ054Z0VOYkdNNHBGOWtHdmtNZTR','4',0),(26,1,'2026-03-09 09:43:43','REQUISITION APPROVAL::SUCCESS:: DETAILS::{\"requisition_id\":2,\"module_type\":\"AST\",\"item_code\":\"AST-1234-0005\",\"item_description\":\"1234\",\"qty_requested\":1,\"requester_user_id\":3,\"old_status\":\"pending\",\"new_status\":\"approved\",\"available_qty_before\":1,\"available_qty_after\":0}','d01BSlRVYldSenJHdWljdDhVdENMSXpsZFpkTTE5YlpHckFUTzU2a0ovUzVZS1grTzlmTkk4RVQ3ZzhpblR2K1R1ZUlTdVQzR2R5bGVBWmVJVFk3VHA3MFkzL2xuTDd5RjlsT05oVWthd25OWXBkbUg1OWNiQzFVaEJwV1NnVFpBRVJHSitzUE5ZL3MyTzkyNDJlRVA2QjkwZVpRd2Exa0NHZUdJR3d2K1RYS3Z0MXBXN3dBL3FualJGcDZ3Tzh','2',0),(27,1,'2026-03-09 09:44:42','FACILITY ITEM ASSIGN::SUCCESS:: DETAILS::{\"assignment_id\":1,\"facility_id\":1,\"unit_id\":1,\"module_type\":\"AST\",\"item_code\":\"AST-0000-0001\",\"qty\":1}','d01BSlRVYldSenJHdWljdDhVdENMSXpsZFpkTTE5YlpHckFUTzU2a0ovUzVZS1grTzlmTkk4RVQ3ZzhpblR2K1R1ZUlTdVQzR2R5bGVBWmVJVFk3VHA3MFkzL2xuTDd5RjlsT05oVWthd25OWXBkbUg1OWNiQzFVaEJwV1NnVFpBRVJHSitzUE5ZL3MyTzkyNDJlRVA2QjkwZVpRd2Exa0NHZUdJR3d2K1RYS3Z0MXBXN3dBL3FualJGcDZ3Tzh','2',0),(28,1,'2026-03-09 09:44:47','FACILITY ASSIGNMENT STATUS::SUCCESS:: DETAILS::{\"assignment_id\":1,\"old_status\":\"ACTIVE\",\"new_status\":\"REPORTED\"}','d01BSlRVYldSenJHdWljdDhVdENMSXpsZFpkTTE5YlpHckFUTzU2a0ovUzVZS1grTzlmTkk4RVQ3ZzhpblR2K1R1ZUlTdVQzR2R5bGVBWmVJVFk3VHA3MFkzL2xuTDd5RjlsT05oVWthd25OWXBkbUg1OWNiQzFVaEJwV1NnVFpBRVJHSitzUE5ZL3MyTzkyNDJlRVA2QjkwZVpRd2Exa0NHZUdJR3d2K1RYS3Z0MXBXN3dBL3FualJGcDZ3Tzh','2',0),(29,1,'2026-03-09 09:46:44','AST ADD ITEM::SUCCESS:: DETAILS::{\"property_code_start\":\"AST-FASDF-0001\",\"property_code_end\":\"AST-FASDF-0001\",\"property_number\":\"FASDF\",\"property_series_start\":1,\"units_created\":1,\"category_id\":12,\"item_description\":\"asdf\",\"serial_numbers_provided\":1,\"quantity_per_unit\":1,\"available_qty\":0,\"unit\":\"pcs\",\"source_of_fund\":\"\",\"cost_value\":null,\"allowed_status\":\"{\\\"none\\\":true}\",\"is_available\":0}','d01BSlRVYldSenJHdWljdDhVdENMSXpsZFpkTTE5YlpHckFUTzU2a0ovUzVZS1grTzlmTkk4RVQ3ZzhpblR2K1R1ZUlTdVQzR2R5bGVBWmVJVFk3VHA3MFkzL2xuTDd5RjlsT05oVWthd25OWXBkbUg1OWNiQzFVaEJwV1NnVFpBRVJHSitzUE5ZL3MyTzkyNDJlRVA2QjkwZVpRd2Exa0NHZUdJR3d2K1RYS3Z0MXBXN3dBL3FualJGcDZ3Tzh','2',0),(30,3,'2026-03-09 10:23:16','USER REQUISITION SUBMIT::SUCCESS:: DETAILS::{\"module_type\":\"AST\",\"item_code\":\"AST-1234-0004\",\"qty_requested\":1}','QitDT3kwZ3hyZUNEZzVYSXMzNzhCV2plL2VCQS9SRlcrbnpkNFJONk83Z0Q1eU50RVBWMUZMVlJrSEkwYVR6LzJYN3h0Z0l0N1doNFcvVDJ3SXUybnlmYjhNd1BYYm9LSDFxNG9YYkpoUkd2bkp3NW5vM0dOTzVQUlBCL20xSW8vN3o3V0xSRHJpcE9iOHdaOWo0Q3JJY0Y5azIzbUlEaEFnNU1aakF1cFZvZ054Z0VOYkdNNHBGOWtHdmtNZTR','4',0),(31,1,'2026-03-09 10:24:06','REQUISITION APPROVAL::SUCCESS:: DETAILS::{\"requisition_id\":3,\"module_type\":\"AST\",\"item_code\":\"AST-1234-0004\",\"item_description\":\"1234\",\"qty_requested\":1,\"requester_user_id\":3,\"old_status\":\"pending\",\"new_status\":\"approved\",\"available_qty_before\":1,\"available_qty_after\":0}','d01BSlRVYldSenJHdWljdDhVdENMSXpsZFpkTTE5YlpHckFUTzU2a0ovUzVZS1grTzlmTkk4RVQ3ZzhpblR2K1R1ZUlTdVQzR2R5bGVBWmVJVFk3VHA3MFkzL2xuTDd5RjlsT05oVWthd25OWXBkbUg1OWNiQzFVaEJwV1NnVFpBRVJHSitzUE5ZL3MyTzkyNDJlRVA2QjkwZVpRd2Exa0NHZUdJR3d2K1RYS3Z0MXBXN3dBL3FualJGcDZ3Tzh','2',0),(32,1,'2026-03-09 10:24:34','REQUISITION CLAIM::SUCCESS:: DETAILS::{\"requisition_id\":3,\"assignment_id\":2,\"facility_id\":1,\"unit_id\":1,\"module_type\":\"AST\",\"item_code\":\"AST-1234-0004\",\"qty_requested\":1,\"issued_to_user_id\":null,\"accountable_user_id\":null,\"managed_by_user_id\":null}','d01BSlRVYldSenJHdWljdDhVdENMSXpsZFpkTTE5YlpHckFUTzU2a0ovUzVZS1grTzlmTkk4RVQ3ZzhpblR2K1R1ZUlTdVQzR2R5bGVBWmVJVFk3VHA3MFkzL2xuTDd5RjlsT05oVWthd25OWXBkbUg1OWNiQzFVaEJwV1NnVFpBRVJHSitzUE5ZL3MyTzkyNDJlRVA2QjkwZVpRd2Exa0NHZUdJR3d2K1RYS3Z0MXBXN3dBL3FualJGcDZ3Tzh','2',0),(33,1,'2026-03-09 11:00:57','UPDATE EMPLOYMENT STATUS:: DETAILS::{\"user_id\":13,\"general_id\":\"2026-0010\",\"full_name\":\"LIM, ROBERT JOHN\",\"old_employment_status_id\":0,\"new_employment_status_id\":1}','Rk15cVNXZzVtWU8rRnNWbzV5dGhlODJsQ1hzaU1XMmFjMnUzMnFkT1lVLys0ZTRuRmdiWTNhVTlsbWVRWXJPNTZtTUkrdnNwMXJUdlRHWlN3c1JsMTk5bXM2dmVlVWxWRHlDUHdhUHJHVG5CVlh0K2tjZHNiQjRVeHA3NjBDUHJXdk91N0hiMFFnSkMzYXVsRHNOK0ZMakQ2NmRpVEREMUNPMkRNQjhmM2xYbUliWkVUZXlIN3VkSS9SUUYzT0N','1',0),(34,1,'2026-03-09 11:01:04','UPDATE EMPLOYMENT STATUS:: DETAILS::{\"user_id\":12,\"general_id\":\"2026-0009\",\"full_name\":\"NAVARRO, PATRICIA JOY\",\"old_employment_status_id\":0,\"new_employment_status_id\":1}','Rk15cVNXZzVtWU8rRnNWbzV5dGhlODJsQ1hzaU1XMmFjMnUzMnFkT1lVLys0ZTRuRmdiWTNhVTlsbWVRWXJPNTZtTUkrdnNwMXJUdlRHWlN3c1JsMTk5bXM2dmVlVWxWRHlDUHdhUHJHVG5CVlh0K2tjZHNiQjRVeHA3NjBDUHJXdk91N0hiMFFnSkMzYXVsRHNOK0ZMakQ2NmRpVEREMUNPMkRNQjhmM2xYbUliWkVUZXlIN3VkSS9SUUYzT0N','1',0),(35,1,'2026-03-09 11:01:08','UPDATE EMPLOYMENT STATUS:: DETAILS::{\"user_id\":11,\"general_id\":\"2026-0008\",\"full_name\":\"DELOS SANTOS, MARK ANTHONY\",\"old_employment_status_id\":0,\"new_employment_status_id\":1}','Rk15cVNXZzVtWU8rRnNWbzV5dGhlODJsQ1hzaU1XMmFjMnUzMnFkT1lVLys0ZTRuRmdiWTNhVTlsbWVRWXJPNTZtTUkrdnNwMXJUdlRHWlN3c1JsMTk5bXM2dmVlVWxWRHlDUHdhUHJHVG5CVlh0K2tjZHNiQjRVeHA3NjBDUHJXdk91N0hiMFFnSkMzYXVsRHNOK0ZMakQ2NmRpVEREMUNPMkRNQjhmM2xYbUliWkVUZXlIN3VkSS9SUUYzT0N','1',0),(36,1,'2026-03-09 11:01:11','UPDATE EMPLOYMENT STATUS:: DETAILS::{\"user_id\":10,\"general_id\":\"2026-0007\",\"full_name\":\"CASTRO, ISABELLA MARIE\",\"old_employment_status_id\":0,\"new_employment_status_id\":1}','Rk15cVNXZzVtWU8rRnNWbzV5dGhlODJsQ1hzaU1XMmFjMnUzMnFkT1lVLys0ZTRuRmdiWTNhVTlsbWVRWXJPNTZtTUkrdnNwMXJUdlRHWlN3c1JsMTk5bXM2dmVlVWxWRHlDUHdhUHJHVG5CVlh0K2tjZHNiQjRVeHA3NjBDUHJXdk91N0hiMFFnSkMzYXVsRHNOK0ZMakQ2NmRpVEREMUNPMkRNQjhmM2xYbUliWkVUZXlIN3VkSS9SUUYzT0N','1',0),(37,1,'2026-03-09 11:01:15','UPDATE EMPLOYMENT STATUS:: DETAILS::{\"user_id\":9,\"general_id\":\"2026-0006\",\"full_name\":\"MENDOZA, DAVID LEE\",\"old_employment_status_id\":0,\"new_employment_status_id\":1}','Rk15cVNXZzVtWU8rRnNWbzV5dGhlODJsQ1hzaU1XMmFjMnUzMnFkT1lVLys0ZTRuRmdiWTNhVTlsbWVRWXJPNTZtTUkrdnNwMXJUdlRHWlN3c1JsMTk5bXM2dmVlVWxWRHlDUHdhUHJHVG5CVlh0K2tjZHNiQjRVeHA3NjBDUHJXdk91N0hiMFFnSkMzYXVsRHNOK0ZMakQ2NmRpVEREMUNPMkRNQjhmM2xYbUliWkVUZXlIN3VkSS9SUUYzT0N','1',0),(38,1,'2026-03-09 11:01:18','UPDATE EMPLOYMENT STATUS:: DETAILS::{\"user_id\":8,\"general_id\":\"2026-0005\",\"full_name\":\"RAMOS, SOPHIA ANNE\",\"old_employment_status_id\":0,\"new_employment_status_id\":1}','Rk15cVNXZzVtWU8rRnNWbzV5dGhlODJsQ1hzaU1XMmFjMnUzMnFkT1lVLys0ZTRuRmdiWTNhVTlsbWVRWXJPNTZtTUkrdnNwMXJUdlRHWlN3c1JsMTk5bXM2dmVlVWxWRHlDUHdhUHJHVG5CVlh0K2tjZHNiQjRVeHA3NjBDUHJXdk91N0hiMFFnSkMzYXVsRHNOK0ZMakQ2NmRpVEREMUNPMkRNQjhmM2xYbUliWkVUZXlIN3VkSS9SUUYzT0N','1',0),(39,1,'2026-03-09 11:01:22','UPDATE EMPLOYMENT STATUS:: DETAILS::{\"user_id\":7,\"general_id\":\"2026-0004\",\"full_name\":\"GARCIA, MICHAEL JAMES\",\"old_employment_status_id\":0,\"new_employment_status_id\":1}','Rk15cVNXZzVtWU8rRnNWbzV5dGhlODJsQ1hzaU1XMmFjMnUzMnFkT1lVLys0ZTRuRmdiWTNhVTlsbWVRWXJPNTZtTUkrdnNwMXJUdlRHWlN3c1JsMTk5bXM2dmVlVWxWRHlDUHdhUHJHVG5CVlh0K2tjZHNiQjRVeHA3NjBDUHJXdk91N0hiMFFnSkMzYXVsRHNOK0ZMakQ2NmRpVEREMUNPMkRNQjhmM2xYbUliWkVUZXlIN3VkSS9SUUYzT0N','1',0),(40,1,'2026-03-09 11:01:29','UPDATE EMPLOYMENT STATUS:: DETAILS::{\"user_id\":6,\"general_id\":\"2026-0003\",\"full_name\":\"LOPEZ, EMILY GRACE\",\"old_employment_status_id\":0,\"new_employment_status_id\":1}','Rk15cVNXZzVtWU8rRnNWbzV5dGhlODJsQ1hzaU1XMmFjMnUzMnFkT1lVLys0ZTRuRmdiWTNhVTlsbWVRWXJPNTZtTUkrdnNwMXJUdlRHWlN3c1JsMTk5bXM2dmVlVWxWRHlDUHdhUHJHVG5CVlh0K2tjZHNiQjRVeHA3NjBDUHJXdk91N0hiMFFnSkMzYXVsRHNOK0ZMakQ2NmRpVEREMUNPMkRNQjhmM2xYbUliWkVUZXlIN3VkSS9SUUYzT0N','1',0),(41,1,'2026-03-09 11:01:33','UPDATE EMPLOYMENT STATUS:: DETAILS::{\"user_id\":5,\"general_id\":\"2026-0002\",\"full_name\":\"SANTOS, JUAN CRUZ\",\"old_employment_status_id\":0,\"new_employment_status_id\":1}','Rk15cVNXZzVtWU8rRnNWbzV5dGhlODJsQ1hzaU1XMmFjMnUzMnFkT1lVLys0ZTRuRmdiWTNhVTlsbWVRWXJPNTZtTUkrdnNwMXJUdlRHWlN3c1JsMTk5bXM2dmVlVWxWRHlDUHdhUHJHVG5CVlh0K2tjZHNiQjRVeHA3NjBDUHJXdk91N0hiMFFnSkMzYXVsRHNOK0ZMakQ2NmRpVEREMUNPMkRNQjhmM2xYbUliWkVUZXlIN3VkSS9SUUYzT0N','1',0),(42,1,'2026-03-09 11:01:38','UPDATE EMPLOYMENT STATUS:: DETAILS::{\"user_id\":4,\"general_id\":\"2026-0001\",\"full_name\":\"REYES, ANNA MARIA\",\"old_employment_status_id\":0,\"new_employment_status_id\":1}','Rk15cVNXZzVtWU8rRnNWbzV5dGhlODJsQ1hzaU1XMmFjMnUzMnFkT1lVLys0ZTRuRmdiWTNhVTlsbWVRWXJPNTZtTUkrdnNwMXJUdlRHWlN3c1JsMTk5bXM2dmVlVWxWRHlDUHdhUHJHVG5CVlh0K2tjZHNiQjRVeHA3NjBDUHJXdk91N0hiMFFnSkMzYXVsRHNOK0ZMakQ2NmRpVEREMUNPMkRNQjhmM2xYbUliWkVUZXlIN3VkSS9SUUYzT0N','1',0),(43,1,'2026-03-09 11:03:29','FACILITY CREATE::SUCCESS:: DETAILS::{\"facility_code\":\"TEST\",\"facility_name\":\"FOR TESTING\"}','dnZKbDgrK29oWjUwZVovNDk1SVVpcGxoZWFOVmQzYVByclI0NFpWdSs2TW1DSzVzSVFpN2FHd0dNSjgzMVhLbllqRTFwMS9ick9XaXVpM1hVZWJHSkJtS1c2V1A5TklFV0VEYzhHQldPTUxBb0FwMTJuMDYvVDNzWWxWUkFTQjFpL0tQRWhhbmNCV3ZRU20zRXE3YmZaNmtnZlNMSUkzaXU5TG54a284anlLRXlqQm9UUHlkTSt2TC9VU1poWjB','2',0),(44,1,'2026-03-09 11:11:07','FACILITY UNIT CREATE::SUCCESS:: DETAILS::{\"facility_id\":2,\"unit_code\":\"TEST\",\"unit_name\":\"test\",\"facility_unit_manager_user_id\":3}','dnZKbDgrK29oWjUwZVovNDk1SVVpcGxoZWFOVmQzYVByclI0NFpWdSs2TW1DSzVzSVFpN2FHd0dNSjgzMVhLbllqRTFwMS9ick9XaXVpM1hVZWJHSkJtS1c2V1A5TklFV0VEYzhHQldPTUxBb0FwMTJuMDYvVDNzWWxWUkFTQjFpL0tQRWhhbmNCV3ZRU20zRXE3YmZaNmtnZlNMSUkzaXU5TG54a284anlLRXlqQm9UUHlkTSt2TC9VU1poWjB','2',0),(45,1,'2026-03-09 11:16:05','FACILITY UNIT UPDATE::SUCCESS:: DETAILS::{\"unit_id\":2,\"facility_id\":2,\"unit_code\":\"TEST\",\"unit_name\":\"test\",\"facility_unit_manager_user_id\":3}','dnZKbDgrK29oWjUwZVovNDk1SVVpcGxoZWFOVmQzYVByclI0NFpWdSs2TW1DSzVzSVFpN2FHd0dNSjgzMVhLbllqRTFwMS9ick9XaXVpM1hVZWJHSkJtS1c2V1A5TklFV0VEYzhHQldPTUxBb0FwMTJuMDYvVDNzWWxWUkFTQjFpL0tQRWhhbmNCV3ZRU20zRXE3YmZaNmtnZlNMSUkzaXU5TG54a284anlLRXlqQm9UUHlkTSt2TC9VU1poWjB','2',0),(46,1,'2026-03-09 13:50:51','AST ADD ITEM::SUCCESS:: DETAILS::{\"property_code_start\":\"AST-QWER-0001\",\"property_code_end\":\"AST-QWER-0001\",\"property_number\":\"QWER\",\"property_series_start\":1,\"units_created\":1,\"category_id\":12,\"item_description\":\"qwer\",\"serial_numbers_provided\":0,\"quantity_per_unit\":1,\"available_qty\":0,\"unit\":\"pcs\",\"source_of_fund\":\"\",\"cost_value\":null,\"allowed_status\":\"{\\\"none\\\":true}\",\"is_available\":0}','Mk9jQ1Q0dUVnK2NMMVZQSW9aUGF1YVF3djhVWTNzMXVLS1FHRjVEWk92RHZmVXVZaVZqZnc4UW0veVNsc29LUVVTVVBOendZc3EwNzhaMEszUXlMMnRpM09XQVVzZDlHZnVjSWFRa3pRWXEzNVNKaDhCZnRpNFg2SldYSVJXckVsVVIwUk1lMkxIZkxpTjY4UzR0M0JubHFZMDVJNlRIc0ZmWlQzTVdtZUxEYmZ1SDdkOGcxTUhiQ3JBeUZXdVM','2',0),(47,1,'2026-03-09 13:58:41','FACILITY CREATE::SUCCESS:: DETAILS::{\"facility_code\":\"JMC 1\",\"facility_name\":\"JMC Building 1st Floor\"}','Mk9jQ1Q0dUVnK2NMMVZQSW9aUGF1YVF3djhVWTNzMXVLS1FHRjVEWk92RHZmVXVZaVZqZnc4UW0veVNsc29LUVVTVVBOendZc3EwNzhaMEszUXlMMnRpM09XQVVzZDlHZnVjSWFRa3pRWXEzNVNKaDhCZnRpNFg2SldYSVJXckVsVVIwUk1lMkxIZkxpTjY4UzR0M0JubHFZMDVJNlRIc0ZmWlQzTVdtZUxEYmZ1SDdkOGcxTUhiQ3JBeUZXdVM','2',0),(48,1,'2026-03-09 13:59:05','FACILITY CREATE::SUCCESS:: DETAILS::{\"facility_code\":\"JMC 2\",\"facility_name\":\"JMC Building 2nd Floor\"}','Mk9jQ1Q0dUVnK2NMMVZQSW9aUGF1YVF3djhVWTNzMXVLS1FHRjVEWk92RHZmVXVZaVZqZnc4UW0veVNsc29LUVVTVVBOendZc3EwNzhaMEszUXlMMnRpM09XQVVzZDlHZnVjSWFRa3pRWXEzNVNKaDhCZnRpNFg2SldYSVJXckVsVVIwUk1lMkxIZkxpTjY4UzR0M0JubHFZMDVJNlRIc0ZmWlQzTVdtZUxEYmZ1SDdkOGcxTUhiQ3JBeUZXdVM','2',0),(49,1,'2026-03-09 13:59:20','FACILITY CREATE::SUCCESS:: DETAILS::{\"facility_code\":\"JMC 3\",\"facility_name\":\"JMC Building 3rd Floor\"}','Mk9jQ1Q0dUVnK2NMMVZQSW9aUGF1YVF3djhVWTNzMXVLS1FHRjVEWk92RHZmVXVZaVZqZnc4UW0veVNsc29LUVVTVVBOendZc3EwNzhaMEszUXlMMnRpM09XQVVzZDlHZnVjSWFRa3pRWXEzNVNKaDhCZnRpNFg2SldYSVJXckVsVVIwUk1lMkxIZkxpTjY4UzR0M0JubHFZMDVJNlRIc0ZmWlQzTVdtZUxEYmZ1SDdkOGcxTUhiQ3JBeUZXdVM','2',0),(50,1,'2026-03-09 14:35:59','FACILITY ASSIGNMENT STATUS::SUCCESS:: DETAILS::{\"assignment_id\":2,\"old_status\":\"ACTIVE\",\"new_status\":\"REPORTED\"}','VWtHZEIvQVdTeUg4OWQzMzllYlJBYzhDelZBMHczWEhOSUxLU0dkU21wUVZzOG9HWm9sRkhudEdBdjdNUlhZNFBBdU1ZTGN0UXB1dEtrajJhY3RxVlZudUkrVzRQeFdRQnkxVXVpRWFRdnArVFRhTzcySkdGZEMvQmdLOGlMMGJVVnh1dloyM0Juc0VvejI3bkc2OFBJU0NCLzd5NEVXT0FWY0RnaHhhTXpDSXBTL3JrWGRyQ08yY3dja2VGZ2Z','2',0),(51,1,'2026-03-09 15:18:55','FACILITY UNIT UPDATE::SUCCESS:: DETAILS::{\"unit_id\":1,\"facility_id\":1,\"unit_code\":\"MISD\",\"unit_name\":\"Management Information System Department\",\"facility_unit_manager_user_id\":3}','VWtHZEIvQVdTeUg4OWQzMzllYlJBYzhDelZBMHczWEhOSUxLU0dkU21wUVZzOG9HWm9sRkhudEdBdjdNUlhZNFBBdU1ZTGN0UXB1dEtrajJhY3RxVlZudUkrVzRQeFdRQnkxVXVpRWFRdnArVFRhTzcySkdGZEMvQmdLOGlMMGJVVnh1dloyM0Juc0VvejI3bkc2OFBJU0NCLzd5NEVXT0FWY0RnaHhhTXpDSXBTL3JrWGRyQ08yY3dja2VGZ2Z','2',0),(52,1,'2026-03-09 15:34:32','AST SET AVAILABLE RULES::SUCCESS:: DETAILS::{\"property_code\":\"AST-1234-0006\",\"old_available_qty\":0,\"new_available_qty\":1,\"old_allowed_status\":\"{\\\"teaching\\\":[1],\\\"non_teaching\\\":[]}\",\"new_allowed_status\":\"{\\\"teaching\\\":[1],\\\"non_teaching\\\":[]}\",\"old_is_available\":0,\"new_is_available\":1}','VWtHZEIvQVdTeUg4OWQzMzllYlJBYzhDelZBMHczWEhOSUxLU0dkU21wUVZzOG9HWm9sRkhudEdBdjdNUlhZNFBBdU1ZTGN0UXB1dEtrajJhY3RxVlZudUkrVzRQeFdRQnkxVXVpRWFRdnArVFRhTzcySkdGZEMvQmdLOGlMMGJVVnh1dloyM0Juc0VvejI3bkc2OFBJU0NCLzd5NEVXT0FWY0RnaHhhTXpDSXBTL3JrWGRyQ08yY3dja2VGZ2Z','2',0),(53,1,'2026-03-09 16:13:36','AST CATEGORY ADD CATEGORIES::SUCCESS:: DETAILS::{\"inserted\":1,\"skipped\":0,\"added\":[\"removed avb qty\"]}','VWtHZEIvQVdTeUg4OWQzMzllYlJBYzhDelZBMHczWEhOSUxLU0dkU21wUVZzOG9HWm9sRkhudEdBdjdNUlhZNFBBdU1ZTGN0UXB1dEtrajJhY3RxVlZudUkrVzRQeFdRQnkxVXVpRWFRdnArVFRhTzcySkdGZEMvQmdLOGlMMGJVVnh1dloyM0Juc0VvejI3bkc2OFBJU0NCLzd5NEVXT0FWY0RnaHhhTXpDSXBTL3JrWGRyQ08yY3dja2VGZ2Z','2',0),(54,1,'2026-03-09 16:14:14','AST ADD ITEM::SUCCESS:: DETAILS::{\"property_code_start\":\"AST-ASDFG-0001\",\"property_code_end\":\"AST-ASDFG-0001\",\"property_number\":\"ASDFG\",\"property_series_start\":1,\"units_created\":1,\"category_id\":45,\"item_description\":\"asdgeqrgh\",\"serial_numbers_provided\":1,\"quantity_per_unit\":1,\"unit\":\"pcs\",\"source_of_fund\":\"\",\"cost_value\":null,\"allowed_status\":\"{\\\"none\\\":true}\",\"is_available\":0}','VWtHZEIvQVdTeUg4OWQzMzllYlJBYzhDelZBMHczWEhOSUxLU0dkU21wUVZzOG9HWm9sRkhudEdBdjdNUlhZNFBBdU1ZTGN0UXB1dEtrajJhY3RxVlZudUkrVzRQeFdRQnkxVXVpRWFRdnArVFRhTzcySkdGZEMvQmdLOGlMMGJVVnh1dloyM0Juc0VvejI3bkc2OFBJU0NCLzd5NEVXT0FWY0RnaHhhTXpDSXBTL3JrWGRyQ08yY3dja2VGZ2Z','2',0),(55,1,'2026-03-09 16:19:13','AST SET AVAILABLE RULES::SUCCESS:: DETAILS::{\"property_code\":\"AST-ASDFG-0001\",\"old_allowed_status\":\"{\\\"none\\\":true}\",\"new_allowed_status\":\"{\\\"teaching\\\":[1],\\\"non_teaching\\\":[]}\",\"old_is_available\":0,\"new_is_available\":1}','VWtHZEIvQVdTeUg4OWQzMzllYlJBYzhDelZBMHczWEhOSUxLU0dkU21wUVZzOG9HWm9sRkhudEdBdjdNUlhZNFBBdU1ZTGN0UXB1dEtrajJhY3RxVlZudUkrVzRQeFdRQnkxVXVpRWFRdnArVFRhTzcySkdGZEMvQmdLOGlMMGJVVnh1dloyM0Juc0VvejI3bkc2OFBJU0NCLzd5NEVXT0FWY0RnaHhhTXpDSXBTL3JrWGRyQ08yY3dja2VGZ2Z','2',0),(56,1,'2026-03-09 16:19:40','AST SET AVAILABLE RULES::SUCCESS:: DETAILS::{\"property_code\":\"AST-ASDFG-0001\",\"old_allowed_status\":\"{\\\"teaching\\\":[1],\\\"non_teaching\\\":[]}\",\"new_allowed_status\":\"{\\\"teaching\\\":[1,2,3],\\\"non_teaching\\\":[]}\",\"old_is_available\":1,\"new_is_available\":1}','VWtHZEIvQVdTeUg4OWQzMzllYlJBYzhDelZBMHczWEhOSUxLU0dkU21wUVZzOG9HWm9sRkhudEdBdjdNUlhZNFBBdU1ZTGN0UXB1dEtrajJhY3RxVlZudUkrVzRQeFdRQnkxVXVpRWFRdnArVFRhTzcySkdGZEMvQmdLOGlMMGJVVnh1dloyM0Juc0VvejI3bkc2OFBJU0NCLzd5NEVXT0FWY0RnaHhhTXpDSXBTL3JrWGRyQ08yY3dja2VGZ2Z','2',0),(57,1,'2026-03-09 16:21:05','FACILITY ITEM ASSIGN::SUCCESS:: DETAILS::{\"assignment_id\":3,\"facility_id\":2,\"unit_id\":2,\"module_type\":\"AST\",\"item_code\":\"AST-ASDFG-0001\",\"qty\":1,\"issued_to_user_id\":0,\"accountable_user_id\":0,\"managed_by_user_id\":3}','VWtHZEIvQVdTeUg4OWQzMzllYlJBYzhDelZBMHczWEhOSUxLU0dkU21wUVZzOG9HWm9sRkhudEdBdjdNUlhZNFBBdU1ZTGN0UXB1dEtrajJhY3RxVlZudUkrVzRQeFdRQnkxVXVpRWFRdnArVFRhTzcySkdGZEMvQmdLOGlMMGJVVnh1dloyM0Juc0VvejI3bkc2OFBJU0NCLzd5NEVXT0FWY0RnaHhhTXpDSXBTL3JrWGRyQ08yY3dja2VGZ2Z','2',0),(58,1,'2026-03-09 17:54:55','FACILITY ASSIGNMENT STATUS::SUCCESS:: DETAILS::{\"assignment_id\":2,\"old_status\":\"REPORTED\",\"new_status\":\"RETURNED\"}','VWtHZEIvQVdTeUg4OWQzMzllYlJBYzhDelZBMHczWEhOSUxLU0dkU21wUVZzOG9HWm9sRkhudEdBdjdNUlhZNFBBdU1ZTGN0UXB1dEtrajJhY3RxVlZudUkrVzRQeFdRQnkxVXVpRWFRdnArVFRhTzcySkdGZEMvQmdLOGlMMGJVVnh1dloyM0Juc0VvejI3bkc2OFBJU0NCLzd5NEVXT0FWY0RnaHhhTXpDSXBTL3JrWGRyQ08yY3dja2VGZ2Z','2',0),(59,1,'2026-03-09 17:55:00','FACILITY ASSIGNMENT STATUS::SUCCESS:: DETAILS::{\"assignment_id\":2,\"old_status\":\"RETURNED\",\"new_status\":\"REPORTED\"}','VWtHZEIvQVdTeUg4OWQzMzllYlJBYzhDelZBMHczWEhOSUxLU0dkU21wUVZzOG9HWm9sRkhudEdBdjdNUlhZNFBBdU1ZTGN0UXB1dEtrajJhY3RxVlZudUkrVzRQeFdRQnkxVXVpRWFRdnArVFRhTzcySkdGZEMvQmdLOGlMMGJVVnh1dloyM0Juc0VvejI3bkc2OFBJU0NCLzd5NEVXT0FWY0RnaHhhTXpDSXBTL3JrWGRyQ08yY3dja2VGZ2Z','2',0),(60,1,'2026-03-09 17:55:18','FACILITY ITEM ASSIGN::SUCCESS:: DETAILS::{\"assignment_id\":4,\"facility_id\":2,\"unit_id\":2,\"module_type\":\"AST\",\"item_code\":\"AST-0001-0004\",\"qty\":1,\"issued_to_user_id\":3,\"accountable_user_id\":3,\"managed_by_user_id\":3}','VWtHZEIvQVdTeUg4OWQzMzllYlJBYzhDelZBMHczWEhOSUxLU0dkU21wUVZzOG9HWm9sRkhudEdBdjdNUlhZNFBBdU1ZTGN0UXB1dEtrajJhY3RxVlZudUkrVzRQeFdRQnkxVXVpRWFRdnArVFRhTzcySkdGZEMvQmdLOGlMMGJVVnh1dloyM0Juc0VvejI3bkc2OFBJU0NCLzd5NEVXT0FWY0RnaHhhTXpDSXBTL3JrWGRyQ08yY3dja2VGZ2Z','2',0),(61,1,'2026-03-09 18:05:32','AST PHYSICAL CHECK SESSION STATUS::SUCCESS:: DETAILS::{\"session_id\":1,\"series_code\":\"AST-PC-2026-001\",\"old_status\":\"Active\",\"new_status\":\"Closed\"}','VWtHZEIvQVdTeUg4OWQzMzllYlJBYzhDelZBMHczWEhOSUxLU0dkU21wUVZzOG9HWm9sRkhudEdBdjdNUlhZNFBBdU1ZTGN0UXB1dEtrajJhY3RxVlZudUkrVzRQeFdRQnkxVXVpRWFRdnArVFRhTzcySkdGZEMvQmdLOGlMMGJVVnh1dloyM0Juc0VvejI3bkc2OFBJU0NCLzd5NEVXT0FWY0RnaHhhTXpDSXBTL3JrWGRyQ08yY3dja2VGZ2Z','2',0),(62,1,'2026-03-09 18:05:34','AST PHYSICAL CHECK SESSION STATUS::SUCCESS:: DETAILS::{\"session_id\":1,\"series_code\":\"AST-PC-2026-001\",\"old_status\":\"Closed\",\"new_status\":\"Closed\"}','VWtHZEIvQVdTeUg4OWQzMzllYlJBYzhDelZBMHczWEhOSUxLU0dkU21wUVZzOG9HWm9sRkhudEdBdjdNUlhZNFBBdU1ZTGN0UXB1dEtrajJhY3RxVlZudUkrVzRQeFdRQnkxVXVpRWFRdnArVFRhTzcySkdGZEMvQmdLOGlMMGJVVnh1dloyM0Juc0VvejI3bkc2OFBJU0NCLzd5NEVXT0FWY0RnaHhhTXpDSXBTL3JrWGRyQ08yY3dja2VGZ2Z','2',0),(63,1,'2026-03-09 18:05:35','AST PHYSICAL CHECK SESSION STATUS::SUCCESS:: DETAILS::{\"session_id\":1,\"series_code\":\"AST-PC-2026-001\",\"old_status\":\"Closed\",\"new_status\":\"Closed\"}','VWtHZEIvQVdTeUg4OWQzMzllYlJBYzhDelZBMHczWEhOSUxLU0dkU21wUVZzOG9HWm9sRkhudEdBdjdNUlhZNFBBdU1ZTGN0UXB1dEtrajJhY3RxVlZudUkrVzRQeFdRQnkxVXVpRWFRdnArVFRhTzcySkdGZEMvQmdLOGlMMGJVVnh1dloyM0Juc0VvejI3bkc2OFBJU0NCLzd5NEVXT0FWY0RnaHhhTXpDSXBTL3JrWGRyQ08yY3dja2VGZ2Z','2',0),(64,1,'2026-03-09 18:05:35','AST PHYSICAL CHECK SESSION STATUS::SUCCESS:: DETAILS::{\"session_id\":1,\"series_code\":\"AST-PC-2026-001\",\"old_status\":\"Closed\",\"new_status\":\"Closed\"}','VWtHZEIvQVdTeUg4OWQzMzllYlJBYzhDelZBMHczWEhOSUxLU0dkU21wUVZzOG9HWm9sRkhudEdBdjdNUlhZNFBBdU1ZTGN0UXB1dEtrajJhY3RxVlZudUkrVzRQeFdRQnkxVXVpRWFRdnArVFRhTzcySkdGZEMvQmdLOGlMMGJVVnh1dloyM0Juc0VvejI3bkc2OFBJU0NCLzd5NEVXT0FWY0RnaHhhTXpDSXBTL3JrWGRyQ08yY3dja2VGZ2Z','2',0),(65,1,'2026-03-09 20:52:56','FACILITY UNIT CREATE::SUCCESS:: DETAILS::{\"facility_id\":2,\"unit_code\":\"TEST 2\",\"unit_name\":\"test 2\",\"facility_unit_manager_user_id\":3}','VWtHZEIvQVdTeUg4OWQzMzllYlJBYzhDelZBMHczWEhOSUxLU0dkU21wUVZzOG9HWm9sRkhudEdBdjdNUlhZNFBBdU1ZTGN0UXB1dEtrajJhY3RxVlZudUkrVzRQeFdRQnkxVXVpRWFRdnArVFRhTzcySkdGZEMvQmdLOGlMMGJVVnh1dloyM0Juc0VvejI3bkc2OFBJU0NCLzd5NEVXT0FWY0RnaHhhTXpDSXBTL3JrWGRyQ08yY3dja2VGZ2Z','2',0),(66,1,'2026-03-09 23:10:53','FACILITY ITEM ASSIGN::SUCCESS:: DETAILS::{\"assignment_id\":5,\"facility_id\":2,\"unit_id\":3,\"module_type\":\"AST\",\"item_code\":\"AST-JIPRE-0003\",\"qty\":1,\"issued_to_user_id\":11,\"accountable_user_id\":11,\"managed_by_user_id\":3}','VWtHZEIvQVdTeUg4OWQzMzllYlJBYzhDelZBMHczWEhOSUxLU0dkU21wUVZzOG9HWm9sRkhudEdBdjdNUlhZNFBBdU1ZTGN0UXB1dEtrajJhY3RxVlZudUkrVzRQeFdRQnkxVXVpRWFRdnArVFRhTzcySkdGZEMvQmdLOGlMMGJVVnh1dloyM0Juc0VvejI3bkc2OFBJU0NCLzd5NEVXT0FWY0RnaHhhTXpDSXBTL3JrWGRyQ08yY3dja2VGZ2Z','2',0),(67,1,'2026-03-10 02:51:43','FACILITY ITEM ASSIGN::SUCCESS:: DETAILS::{\"assignment_id\":6,\"facility_id\":2,\"unit_id\":3,\"module_type\":\"AST\",\"item_code\":\"AST-0000-0003\",\"qty\":1,\"issued_to_user_id\":0,\"accountable_user_id\":0,\"managed_by_user_id\":3}','VWtHZEIvQVdTeUg4OWQzMzllYlJBYzhDelZBMHczWEhOSUxLU0dkU21wUVZzOG9HWm9sRkhudEdBdjdNUlhZNFBBdU1ZTGN0UXB1dEtrajJhY3RxVlZudUkrVzRQeFdRQnkxVXVpRWFRdnArVFRhTzcySkdGZEMvQmdLOGlMMGJVVnh1dloyM0Juc0VvejI3bkc2OFBJU0NCLzd5NEVXT0FWY0RnaHhhTXpDSXBTL3JrWGRyQ08yY3dja2VGZ2Z','2',0),(68,1,'2026-03-10 03:30:40','FACILITY ITEM ASSIGN::SUCCESS:: DETAILS::{\"assignment_id\":7,\"facility_id\":2,\"unit_id\":3,\"module_type\":\"AST\",\"item_code\":\"AST-0000-0002\",\"qty\":1,\"issued_to_user_id\":10,\"accountable_user_id\":10,\"managed_by_user_id\":3}','VWtHZEIvQVdTeUg4OWQzMzllYlJBYzhDelZBMHczWEhOSUxLU0dkU21wUVZzOG9HWm9sRkhudEdBdjdNUlhZNFBBdU1ZTGN0UXB1dEtrajJhY3RxVlZudUkrVzRQeFdRQnkxVXVpRWFRdnArVFRhTzcySkdGZEMvQmdLOGlMMGJVVnh1dloyM0Juc0VvejI3bkc2OFBJU0NCLzd5NEVXT0FWY0RnaHhhTXpDSXBTL3JrWGRyQ08yY3dja2VGZ2Z','2',0),(69,1,'2026-03-10 04:10:53','FACILITY UNIT CREATE::SUCCESS:: DETAILS::{\"facility_id\":2,\"unit_code\":\"OT\",\"unit_name\":\"Office test\",\"facility_unit_manager_user_id\":0}','VWtHZEIvQVdTeUg4OWQzMzllYlJBYzhDelZBMHczWEhOSUxLU0dkU21wUVZzOG9HWm9sRkhudEdBdjdNUlhZNFBBdU1ZTGN0UXB1dEtrajJhY3RxVlZudUkrVzRQeFdRQnkxVXVpRWFRdnArVFRhTzcySkdGZEMvQmdLOGlMMGJVVnh1dloyM0Juc0VvejI3bkc2OFBJU0NCLzd5NEVXT0FWY0RnaHhhTXpDSXBTL3JrWGRyQ08yY3dja2VGZ2Z','2',0),(70,1,'2026-03-10 04:11:05','FACILITY UNIT UPDATE::SUCCESS:: DETAILS::{\"unit_id\":4,\"facility_id\":2,\"unit_code\":\"OT\",\"unit_name\":\"Office test\",\"facility_unit_manager_user_id\":3}','VWtHZEIvQVdTeUg4OWQzMzllYlJBYzhDelZBMHczWEhOSUxLU0dkU21wUVZzOG9HWm9sRkhudEdBdjdNUlhZNFBBdU1ZTGN0UXB1dEtrajJhY3RxVlZudUkrVzRQeFdRQnkxVXVpRWFRdnArVFRhTzcySkdGZEMvQmdLOGlMMGJVVnh1dloyM0Juc0VvejI3bkc2OFBJU0NCLzd5NEVXT0FWY0RnaHhhTXpDSXBTL3JrWGRyQ08yY3dja2VGZ2Z','2',0),(71,3,'2026-03-11 16:49:09','USER REQUISITION SUBMIT::SUCCESS:: DETAILS::{\"module_type\":\"AST\",\"item_code\":\"AST-1234-0006\",\"qty_requested\":1}','bjdNcFJpdm1FWlMyeHNKTkZuZytUNS9sdjAxL0dUckt6aWhVdklyTVVsMkxmMDJIanEvbVNJRGJCd2N1eTlaOG5rTEFoR0ZBQ0FmaFp6T3hWbTBSMHMyanI2Z0lkSTFnYnBJZ21CZGpNYWdwNnJ0aytNV3k0aURpSGNVT2owQ2VJU2dOR2NnNXNZSnN5TXNGSXlNRmpYZEJNOXZuMTJ4RERBSUFsRzZBREFtY1RDMDJBTDZTb0tNWG5aY2tVTkR','4',0),(72,1,'2026-03-11 16:49:49','REQUISITION APPROVAL::SUCCESS:: DETAILS::{\"requisition_id\":4,\"module_type\":\"AST\",\"item_code\":\"AST-1234-0006\",\"item_description\":\"1234\",\"qty_requested\":1,\"requester_user_id\":3,\"old_status\":\"pending\",\"new_status\":\"approved\",\"ast_is_available_before\":1,\"ast_is_available_after\":0}','N0k0VUNjNmg4SjFCZ0UzNUdESm5WYzgvL0hqZ1RSQ00yNTNrOXFidFhBS2FxRjR0YWlUdGxxRm9pb0VzQzBGTmlDbFZocTIyMlUrTWlzalA0K01YTG9uTGV2S1NKZEVDOTRyNWNwUW1pbmY2Um9SQlN6YzkrMTRCOFVrMW8zakpjRUdzWG1EL2pHbU9KcXZramo5ZDFKSUl0Ti9ZTnV3SWJ4N3BUUUxQd1hxUlhqYlZ1bVBqYnR3WjlTQk9TZkY','2',0),(73,3,'2026-03-11 17:12:03','USER REQUISITION SUBMIT::SUCCESS:: DETAILS::{\"module_type\":\"AST\",\"item_code\":\"AST-1234-0004\",\"qty_requested\":1}','bjdNcFJpdm1FWlMyeHNKTkZuZytUNS9sdjAxL0dUckt6aWhVdklyTVVsMkxmMDJIanEvbVNJRGJCd2N1eTlaOG5rTEFoR0ZBQ0FmaFp6T3hWbTBSMHMyanI2Z0lkSTFnYnBJZ21CZGpNYWdwNnJ0aytNV3k0aURpSGNVT2owQ2VJU2dOR2NnNXNZSnN5TXNGSXlNRmpYZEJNOXZuMTJ4RERBSUFsRzZBREFtY1RDMDJBTDZTb0tNWG5aY2tVTkR','4',0),(74,1,'2026-03-11 17:12:09','REQUISITION DISAPPROVAL::SUCCESS:: DETAILS::{\"requisition_id\":5,\"module_type\":\"AST\",\"item_code\":\"AST-1234-0004\",\"item_description\":\"1234\",\"qty_requested\":1,\"requester_user_id\":3,\"reason\":\"\",\"old_status\":\"pending\",\"new_status\":\"disapproved\"}','N0k0VUNjNmg4SjFCZ0UzNUdESm5WYzgvL0hqZ1RSQ00yNTNrOXFidFhBS2FxRjR0YWlUdGxxRm9pb0VzQzBGTmlDbFZocTIyMlUrTWlzalA0K01YTG9uTGV2S1NKZEVDOTRyNWNwUW1pbmY2Um9SQlN6YzkrMTRCOFVrMW8zakpjRUdzWG1EL2pHbU9KcXZramo5ZDFKSUl0Ti9ZTnV3SWJ4N3BUUUxQd1hxUlhqYlZ1bVBqYnR3WjlTQk9TZkY','2',0),(75,3,'2026-03-11 17:17:55','USER REQUISITION SUBMIT::SUCCESS:: DETAILS::{\"module_type\":\"AST\",\"item_code\":\"AST-1234-0004\",\"qty_requested\":1,\"claim_facility_id\":2,\"claim_unit_id\":4}','bjdNcFJpdm1FWlMyeHNKTkZuZytUNS9sdjAxL0dUckt6aWhVdklyTVVsMkxmMDJIanEvbVNJRGJCd2N1eTlaOG5rTEFoR0ZBQ0FmaFp6T3hWbTBSMHMyanI2Z0lkSTFnYnBJZ21CZGpNYWdwNnJ0aytNV3k0aURpSGNVT2owQ2VJU2dOR2NnNXNZSnN5TXNGSXlNRmpYZEJNOXZuMTJ4RERBSUFsRzZBREFtY1RDMDJBTDZTb0tNWG5aY2tVTkR','4',0),(76,1,'2026-03-11 17:18:02','REQUISITION APPROVAL::SUCCESS:: DETAILS::{\"requisition_id\":6,\"module_type\":\"AST\",\"item_code\":\"AST-1234-0004\",\"item_description\":\"1234\",\"qty_requested\":1,\"requester_user_id\":3,\"old_status\":\"pending\",\"new_status\":\"approved\",\"ast_is_available_before\":1,\"ast_is_available_after\":0}','N0k0VUNjNmg4SjFCZ0UzNUdESm5WYzgvL0hqZ1RSQ00yNTNrOXFidFhBS2FxRjR0YWlUdGxxRm9pb0VzQzBGTmlDbFZocTIyMlUrTWlzalA0K01YTG9uTGV2S1NKZEVDOTRyNWNwUW1pbmY2Um9SQlN6YzkrMTRCOFVrMW8zakpjRUdzWG1EL2pHbU9KcXZramo5ZDFKSUl0Ti9ZTnV3SWJ4N3BUUUxQd1hxUlhqYlZ1bVBqYnR3WjlTQk9TZkY','2',0),(77,1,'2026-03-11 17:18:38','REQUISITION CLAIM::SUCCESS:: DETAILS::{\"requisition_id\":6,\"assignment_id\":8,\"facility_id\":2,\"unit_id\":4,\"module_type\":\"AST\",\"item_code\":\"AST-1234-0004\",\"qty_requested\":1,\"issued_to_user_id\":3,\"accountable_user_id\":3,\"managed_by_user_id\":3}','N0k0VUNjNmg4SjFCZ0UzNUdESm5WYzgvL0hqZ1RSQ00yNTNrOXFidFhBS2FxRjR0YWlUdGxxRm9pb0VzQzBGTmlDbFZocTIyMlUrTWlzalA0K01YTG9uTGV2S1NKZEVDOTRyNWNwUW1pbmY2Um9SQlN6YzkrMTRCOFVrMW8zakpjRUdzWG1EL2pHbU9KcXZramo5ZDFKSUl0Ti9ZTnV3SWJ4N3BUUUxQd1hxUlhqYlZ1bVBqYnR3WjlTQk9TZkY','2',0),(78,3,'2026-03-11 17:21:53','USER REQUISITION SUBMIT::SUCCESS:: DETAILS::{\"module_type\":\"AST\",\"item_code\":\"AST-HAHA-0001\",\"qty_requested\":1,\"claim_facility_id\":2,\"claim_unit_id\":4}','bjdNcFJpdm1FWlMyeHNKTkZuZytUNS9sdjAxL0dUckt6aWhVdklyTVVsMkxmMDJIanEvbVNJRGJCd2N1eTlaOG5rTEFoR0ZBQ0FmaFp6T3hWbTBSMHMyanI2Z0lkSTFnYnBJZ21CZGpNYWdwNnJ0aytNV3k0aURpSGNVT2owQ2VJU2dOR2NnNXNZSnN5TXNGSXlNRmpYZEJNOXZuMTJ4RERBSUFsRzZBREFtY1RDMDJBTDZTb0tNWG5aY2tVTkR','4',0),(79,3,'2026-03-11 17:29:43','USER REQUISITION SUBMIT::SUCCESS:: DETAILS::{\"module_type\":\"AST\",\"item_code\":\"AST-HAHA-0001\",\"qty_requested\":1,\"claim_facility_id\":2,\"claim_unit_id\":3}','bjdNcFJpdm1FWlMyeHNKTkZuZytUNS9sdjAxL0dUckt6aWhVdklyTVVsMkxmMDJIanEvbVNJRGJCd2N1eTlaOG5rTEFoR0ZBQ0FmaFp6T3hWbTBSMHMyanI2Z0lkSTFnYnBJZ21CZGpNYWdwNnJ0aytNV3k0aURpSGNVT2owQ2VJU2dOR2NnNXNZSnN5TXNGSXlNRmpYZEJNOXZuMTJ4RERBSUFsRzZBREFtY1RDMDJBTDZTb0tNWG5aY2tVTkR','4',0),(80,1,'2026-03-11 17:30:31','REQUISITION APPROVAL::SUCCESS:: DETAILS::{\"requisition_id\":8,\"module_type\":\"AST\",\"item_code\":\"AST-HAHA-0001\",\"item_description\":\"asdfasd\",\"qty_requested\":1,\"requester_user_id\":3,\"old_status\":\"pending\",\"new_status\":\"approved\",\"ast_is_available_before\":1,\"ast_is_available_after\":0}','N0k0VUNjNmg4SjFCZ0UzNUdESm5WYzgvL0hqZ1RSQ00yNTNrOXFidFhBS2FxRjR0YWlUdGxxRm9pb0VzQzBGTmlDbFZocTIyMlUrTWlzalA0K01YTG9uTGV2S1NKZEVDOTRyNWNwUW1pbmY2Um9SQlN6YzkrMTRCOFVrMW8zakpjRUdzWG1EL2pHbU9KcXZramo5ZDFKSUl0Ti9ZTnV3SWJ4N3BUUUxQd1hxUlhqYlZ1bVBqYnR3WjlTQk9TZkY','2',0),(81,3,'2026-03-11 17:31:21','USER REQUISITION SUBMIT::SUCCESS:: DETAILS::{\"module_type\":\"AST\",\"item_code\":\"AST-TEST-0004\",\"qty_requested\":1,\"claim_facility_id\":2,\"claim_unit_id\":3}','bjdNcFJpdm1FWlMyeHNKTkZuZytUNS9sdjAxL0dUckt6aWhVdklyTVVsMkxmMDJIanEvbVNJRGJCd2N1eTlaOG5rTEFoR0ZBQ0FmaFp6T3hWbTBSMHMyanI2Z0lkSTFnYnBJZ21CZGpNYWdwNnJ0aytNV3k0aURpSGNVT2owQ2VJU2dOR2NnNXNZSnN5TXNGSXlNRmpYZEJNOXZuMTJ4RERBSUFsRzZBREFtY1RDMDJBTDZTb0tNWG5aY2tVTkR','4',0),(82,1,'2026-03-11 17:31:42','REQUISITION APPROVAL::SUCCESS:: DETAILS::{\"requisition_id\":9,\"module_type\":\"AST\",\"item_code\":\"AST-TEST-0004\",\"item_description\":\"etset\",\"qty_requested\":1,\"requester_user_id\":3,\"old_status\":\"pending\",\"new_status\":\"approved\",\"ast_is_available_before\":1,\"ast_is_available_after\":0}','N0k0VUNjNmg4SjFCZ0UzNUdESm5WYzgvL0hqZ1RSQ00yNTNrOXFidFhBS2FxRjR0YWlUdGxxRm9pb0VzQzBGTmlDbFZocTIyMlUrTWlzalA0K01YTG9uTGV2S1NKZEVDOTRyNWNwUW1pbmY2Um9SQlN6YzkrMTRCOFVrMW8zakpjRUdzWG1EL2pHbU9KcXZramo5ZDFKSUl0Ti9ZTnV3SWJ4N3BUUUxQd1hxUlhqYlZ1bVBqYnR3WjlTQk9TZkY','2',0),(83,3,'2026-03-11 17:34:48','USER REQUISITION SUBMIT::SUCCESS:: DETAILS::{\"module_type\":\"AST\",\"item_code\":\"AST-TEST-0001\",\"qty_requested\":1,\"claim_facility_id\":2,\"claim_unit_id\":2}','bjdNcFJpdm1FWlMyeHNKTkZuZytUNS9sdjAxL0dUckt6aWhVdklyTVVsMkxmMDJIanEvbVNJRGJCd2N1eTlaOG5rTEFoR0ZBQ0FmaFp6T3hWbTBSMHMyanI2Z0lkSTFnYnBJZ21CZGpNYWdwNnJ0aytNV3k0aURpSGNVT2owQ2VJU2dOR2NnNXNZSnN5TXNGSXlNRmpYZEJNOXZuMTJ4RERBSUFsRzZBREFtY1RDMDJBTDZTb0tNWG5aY2tVTkR','4',0),(84,1,'2026-03-11 17:35:05','REQUISITION APPROVAL::SUCCESS:: DETAILS::{\"requisition_id\":10,\"module_type\":\"AST\",\"item_code\":\"AST-TEST-0001\",\"item_description\":\"test\",\"qty_requested\":1,\"requester_user_id\":3,\"old_status\":\"pending\",\"new_status\":\"approved\",\"ast_is_available_before\":1,\"ast_is_available_after\":0}','N0k0VUNjNmg4SjFCZ0UzNUdESm5WYzgvL0hqZ1RSQ00yNTNrOXFidFhBS2FxRjR0YWlUdGxxRm9pb0VzQzBGTmlDbFZocTIyMlUrTWlzalA0K01YTG9uTGV2S1NKZEVDOTRyNWNwUW1pbmY2Um9SQlN6YzkrMTRCOFVrMW8zakpjRUdzWG1EL2pHbU9KcXZramo5ZDFKSUl0Ti9ZTnV3SWJ4N3BUUUxQd1hxUlhqYlZ1bVBqYnR3WjlTQk9TZkY','2',0),(85,1,'2026-03-11 17:35:14','REQUISITION CLAIM::SUCCESS:: DETAILS::{\"requisition_id\":10,\"assignment_id\":9,\"facility_id\":2,\"unit_id\":2,\"module_type\":\"AST\",\"item_code\":\"AST-TEST-0001\",\"qty_requested\":1,\"issued_to_user_id\":3,\"accountable_user_id\":3,\"managed_by_user_id\":3}','N0k0VUNjNmg4SjFCZ0UzNUdESm5WYzgvL0hqZ1RSQ00yNTNrOXFidFhBS2FxRjR0YWlUdGxxRm9pb0VzQzBGTmlDbFZocTIyMlUrTWlzalA0K01YTG9uTGV2S1NKZEVDOTRyNWNwUW1pbmY2Um9SQlN6YzkrMTRCOFVrMW8zakpjRUdzWG1EL2pHbU9KcXZramo5ZDFKSUl0Ti9ZTnV3SWJ4N3BUUUxQd1hxUlhqYlZ1bVBqYnR3WjlTQk9TZkY','2',0),(86,1,'2026-03-11 17:35:55','REQUISITION DISAPPROVAL::SUCCESS:: DETAILS::{\"requisition_id\":7,\"module_type\":\"AST\",\"item_code\":\"AST-HAHA-0001\",\"item_description\":\"asdfasd\",\"qty_requested\":1,\"requester_user_id\":3,\"reason\":\"i love you\",\"old_status\":\"pending\",\"new_status\":\"disapproved\"}','N0k0VUNjNmg4SjFCZ0UzNUdESm5WYzgvL0hqZ1RSQ00yNTNrOXFidFhBS2FxRjR0YWlUdGxxRm9pb0VzQzBGTmlDbFZocTIyMlUrTWlzalA0K01YTG9uTGV2S1NKZEVDOTRyNWNwUW1pbmY2Um9SQlN6YzkrMTRCOFVrMW8zakpjRUdzWG1EL2pHbU9KcXZramo5ZDFKSUl0Ti9ZTnV3SWJ4N3BUUUxQd1hxUlhqYlZ1bVBqYnR3WjlTQk9TZkY','2',0),(87,1,'2026-03-11 17:36:10','REQUISITION CLAIM::SUCCESS:: DETAILS::{\"requisition_id\":9,\"assignment_id\":10,\"facility_id\":2,\"unit_id\":3,\"module_type\":\"AST\",\"item_code\":\"AST-TEST-0004\",\"qty_requested\":1,\"issued_to_user_id\":3,\"accountable_user_id\":3,\"managed_by_user_id\":3}','N0k0VUNjNmg4SjFCZ0UzNUdESm5WYzgvL0hqZ1RSQ00yNTNrOXFidFhBS2FxRjR0YWlUdGxxRm9pb0VzQzBGTmlDbFZocTIyMlUrTWlzalA0K01YTG9uTGV2S1NKZEVDOTRyNWNwUW1pbmY2Um9SQlN6YzkrMTRCOFVrMW8zakpjRUdzWG1EL2pHbU9KcXZramo5ZDFKSUl0Ti9ZTnV3SWJ4N3BUUUxQd1hxUlhqYlZ1bVBqYnR3WjlTQk9TZkY','2',0),(88,1,'2026-03-11 17:36:15','REQUISITION CLAIM::SUCCESS:: DETAILS::{\"requisition_id\":8,\"assignment_id\":11,\"facility_id\":2,\"unit_id\":3,\"module_type\":\"AST\",\"item_code\":\"AST-HAHA-0001\",\"qty_requested\":1,\"issued_to_user_id\":3,\"accountable_user_id\":3,\"managed_by_user_id\":3}','N0k0VUNjNmg4SjFCZ0UzNUdESm5WYzgvL0hqZ1RSQ00yNTNrOXFidFhBS2FxRjR0YWlUdGxxRm9pb0VzQzBGTmlDbFZocTIyMlUrTWlzalA0K01YTG9uTGV2S1NKZEVDOTRyNWNwUW1pbmY2Um9SQlN6YzkrMTRCOFVrMW8zakpjRUdzWG1EL2pHbU9KcXZramo5ZDFKSUl0Ti9ZTnV3SWJ4N3BUUUxQd1hxUlhqYlZ1bVBqYnR3WjlTQk9TZkY','2',0),(89,1,'2026-03-11 17:36:35','REQUISITION CLAIM::SUCCESS:: DETAILS::{\"requisition_id\":4,\"assignment_id\":12,\"facility_id\":2,\"unit_id\":2,\"module_type\":\"AST\",\"item_code\":\"AST-1234-0006\",\"qty_requested\":1,\"issued_to_user_id\":3,\"accountable_user_id\":3,\"managed_by_user_id\":3}','N0k0VUNjNmg4SjFCZ0UzNUdESm5WYzgvL0hqZ1RSQ00yNTNrOXFidFhBS2FxRjR0YWlUdGxxRm9pb0VzQzBGTmlDbFZocTIyMlUrTWlzalA0K01YTG9uTGV2S1NKZEVDOTRyNWNwUW1pbmY2Um9SQlN6YzkrMTRCOFVrMW8zakpjRUdzWG1EL2pHbU9KcXZramo5ZDFKSUl0Ti9ZTnV3SWJ4N3BUUUxQd1hxUlhqYlZ1bVBqYnR3WjlTQk9TZkY','2',0),(90,1,'2026-03-11 17:36:41','REQUISITION CLAIM::SUCCESS:: DETAILS::{\"requisition_id\":2,\"assignment_id\":13,\"facility_id\":2,\"unit_id\":3,\"module_type\":\"AST\",\"item_code\":\"AST-1234-0005\",\"qty_requested\":1,\"issued_to_user_id\":3,\"accountable_user_id\":3,\"managed_by_user_id\":3}','N0k0VUNjNmg4SjFCZ0UzNUdESm5WYzgvL0hqZ1RSQ00yNTNrOXFidFhBS2FxRjR0YWlUdGxxRm9pb0VzQzBGTmlDbFZocTIyMlUrTWlzalA0K01YTG9uTGV2S1NKZEVDOTRyNWNwUW1pbmY2Um9SQlN6YzkrMTRCOFVrMW8zakpjRUdzWG1EL2pHbU9KcXZramo5ZDFKSUl0Ti9ZTnV3SWJ4N3BUUUxQd1hxUlhqYlZ1bVBqYnR3WjlTQk9TZkY','2',0),(91,3,'2026-03-11 17:38:23','USER REQUISITION SUBMIT::SUCCESS:: DETAILS::{\"module_type\":\"AST\",\"item_code\":\"AST-TEST-0002\",\"qty_requested\":1,\"claim_facility_id\":2,\"claim_unit_id\":2}','bjdNcFJpdm1FWlMyeHNKTkZuZytUNS9sdjAxL0dUckt6aWhVdklyTVVsMkxmMDJIanEvbVNJRGJCd2N1eTlaOG5rTEFoR0ZBQ0FmaFp6T3hWbTBSMHMyanI2Z0lkSTFnYnBJZ21CZGpNYWdwNnJ0aytNV3k0aURpSGNVT2owQ2VJU2dOR2NnNXNZSnN5TXNGSXlNRmpYZEJNOXZuMTJ4RERBSUFsRzZBREFtY1RDMDJBTDZTb0tNWG5aY2tVTkR','4',0),(92,1,'2026-03-11 17:42:31','REQUISITION APPROVAL::SUCCESS:: DETAILS::{\"requisition_id\":11,\"module_type\":\"AST\",\"item_code\":\"AST-TEST-0002\",\"item_description\":\"test\",\"qty_requested\":1,\"requester_user_id\":3,\"old_status\":\"pending\",\"new_status\":\"approved\",\"ast_is_available_before\":1,\"ast_is_available_after\":0}','N0k0VUNjNmg4SjFCZ0UzNUdESm5WYzgvL0hqZ1RSQ00yNTNrOXFidFhBS2FxRjR0YWlUdGxxRm9pb0VzQzBGTmlDbFZocTIyMlUrTWlzalA0K01YTG9uTGV2S1NKZEVDOTRyNWNwUW1pbmY2Um9SQlN6YzkrMTRCOFVrMW8zakpjRUdzWG1EL2pHbU9KcXZramo5ZDFKSUl0Ti9ZTnV3SWJ4N3BUUUxQd1hxUlhqYlZ1bVBqYnR3WjlTQk9TZkY','2',0),(93,1,'2026-03-11 17:42:37','REQUISITION CLAIM::SUCCESS:: DETAILS::{\"requisition_id\":11,\"assignment_id\":14,\"facility_id\":2,\"unit_id\":2,\"module_type\":\"AST\",\"item_code\":\"AST-TEST-0002\",\"qty_requested\":1,\"issued_to_user_id\":3,\"accountable_user_id\":3,\"managed_by_user_id\":3}','N0k0VUNjNmg4SjFCZ0UzNUdESm5WYzgvL0hqZ1RSQ00yNTNrOXFidFhBS2FxRjR0YWlUdGxxRm9pb0VzQzBGTmlDbFZocTIyMlUrTWlzalA0K01YTG9uTGV2S1NKZEVDOTRyNWNwUW1pbmY2Um9SQlN6YzkrMTRCOFVrMW8zakpjRUdzWG1EL2pHbU9KcXZramo5ZDFKSUl0Ti9ZTnV3SWJ4N3BUUUxQd1hxUlhqYlZ1bVBqYnR3WjlTQk9TZkY','2',0),(94,3,'2026-03-11 17:53:43','USER REQUISITION SUBMIT::SUCCESS:: DETAILS::{\"module_type\":\"AST\",\"item_code\":\"AST-JIPRE-0001\",\"qty_requested\":1,\"claim_facility_id\":2,\"claim_unit_id\":2}','bjdNcFJpdm1FWlMyeHNKTkZuZytUNS9sdjAxL0dUckt6aWhVdklyTVVsMkxmMDJIanEvbVNJRGJCd2N1eTlaOG5rTEFoR0ZBQ0FmaFp6T3hWbTBSMHMyanI2Z0lkSTFnYnBJZ21CZGpNYWdwNnJ0aytNV3k0aURpSGNVT2owQ2VJU2dOR2NnNXNZSnN5TXNGSXlNRmpYZEJNOXZuMTJ4RERBSUFsRzZBREFtY1RDMDJBTDZTb0tNWG5aY2tVTkR','4',0),(95,1,'2026-03-11 17:53:57','REQUISITION APPROVAL::SUCCESS:: DETAILS::{\"requisition_id\":12,\"module_type\":\"AST\",\"item_code\":\"AST-JIPRE-0001\",\"item_description\":\"Jipre Baluyot\",\"qty_requested\":1,\"requester_user_id\":3,\"old_status\":\"pending\",\"new_status\":\"approved\",\"ast_is_available_before\":1,\"ast_is_available_after\":0}','N0k0VUNjNmg4SjFCZ0UzNUdESm5WYzgvL0hqZ1RSQ00yNTNrOXFidFhBS2FxRjR0YWlUdGxxRm9pb0VzQzBGTmlDbFZocTIyMlUrTWlzalA0K01YTG9uTGV2S1NKZEVDOTRyNWNwUW1pbmY2Um9SQlN6YzkrMTRCOFVrMW8zakpjRUdzWG1EL2pHbU9KcXZramo5ZDFKSUl0Ti9ZTnV3SWJ4N3BUUUxQd1hxUlhqYlZ1bVBqYnR3WjlTQk9TZkY','2',0),(96,3,'2026-03-11 17:54:40','USER REQUISITION SUBMIT::SUCCESS:: DETAILS::{\"module_type\":\"AST\",\"item_code\":\"AST-TEST-0003\",\"qty_requested\":1,\"claim_facility_id\":2,\"claim_unit_id\":2}','bjdNcFJpdm1FWlMyeHNKTkZuZytUNS9sdjAxL0dUckt6aWhVdklyTVVsMkxmMDJIanEvbVNJRGJCd2N1eTlaOG5rTEFoR0ZBQ0FmaFp6T3hWbTBSMHMyanI2Z0lkSTFnYnBJZ21CZGpNYWdwNnJ0aytNV3k0aURpSGNVT2owQ2VJU2dOR2NnNXNZSnN5TXNGSXlNRmpYZEJNOXZuMTJ4RERBSUFsRzZBREFtY1RDMDJBTDZTb0tNWG5aY2tVTkR','4',0),(97,1,'2026-03-11 17:54:49','REQUISITION DISAPPROVAL::SUCCESS:: DETAILS::{\"requisition_id\":13,\"module_type\":\"AST\",\"item_code\":\"AST-TEST-0003\",\"item_description\":\"test\",\"qty_requested\":1,\"requester_user_id\":3,\"reason\":\"ayako\",\"old_status\":\"pending\",\"new_status\":\"disapproved\"}','N0k0VUNjNmg4SjFCZ0UzNUdESm5WYzgvL0hqZ1RSQ00yNTNrOXFidFhBS2FxRjR0YWlUdGxxRm9pb0VzQzBGTmlDbFZocTIyMlUrTWlzalA0K01YTG9uTGV2S1NKZEVDOTRyNWNwUW1pbmY2Um9SQlN6YzkrMTRCOFVrMW8zakpjRUdzWG1EL2pHbU9KcXZramo5ZDFKSUl0Ti9ZTnV3SWJ4N3BUUUxQd1hxUlhqYlZ1bVBqYnR3WjlTQk9TZkY','2',0),(98,1,'2026-03-11 17:56:19','REQUISITION CLAIM::SUCCESS:: DETAILS::{\"requisition_id\":12,\"assignment_id\":15,\"facility_id\":2,\"unit_id\":2,\"module_type\":\"AST\",\"item_code\":\"AST-JIPRE-0001\",\"qty_requested\":1,\"issued_to_user_id\":3,\"accountable_user_id\":3,\"managed_by_user_id\":3}','dmJta3NvbHpObSs5eW1RTkdXUThOYThSNDU0SEVXeWxFUnQweGVZTzg1Y1YwVGVTOXpkQy9sQjh6NGlEYWVvRld3OHZleStwSHkvdjlmamplYURhQ2tUMkRTdVhzVmQzWEoxbnI2UjBEeWxsb2NydHl1UTkrMzZJRlV4RkFCOVJHM2h5QnBZWFM5K0xOL1hpbFowUHloOTVRdmtCcHF3S1BLK3dBUjU4TVl3RU1Gd3V3aFFkdGZ3QmhiOURkVWJ','2',0),(99,1,'2026-03-12 14:36:01','AST CATEGORY ADD CATEGORIES::SUCCESS:: DETAILS::{\"inserted\":0,\"skipped\":2,\"not_added\":[\"RevampedAddtest (duplicate)\",\"removed avb qty (duplicate)\"]}','bzhXdi9KR0c4MnQ0RllxZWVROEZCMjdMVE93Sld6VzNtdG5aaWdONVJNT2cwcVZQeEd2UjZLaGdJTXdyQUtwYXMzZzhwWnkrMGI0b1FTdXRwdlBJcEd2d01FVFhnaEkyOXY1YW9ES1pmWHVYb05uN1JhZGlydHhOR3hsVGtxR1hOSkUva1VDMFRQVWREUmV6Nzd6L3BVQmo0Z1VqUmpOSVNPdkUrclBteVBRejVIWWpJcnRraEF0Mkl6VU8zb0l','2',0),(100,1,'2026-03-12 14:37:33','AST CATEGORY ADD CATEGORIES::SUCCESS:: DETAILS::{\"inserted\":1,\"skipped\":2,\"added\":[\"card\"],\"not_added\":[\"RevampedAddtest (duplicate)\",\"bulk_test_1 (duplicate)\"]}','bzhXdi9KR0c4MnQ0RllxZWVROEZCMjdMVE93Sld6VzNtdG5aaWdONVJNT2cwcVZQeEd2UjZLaGdJTXdyQUtwYXMzZzhwWnkrMGI0b1FTdXRwdlBJcEd2d01FVFhnaEkyOXY1YW9ES1pmWHVYb05uN1JhZGlydHhOR3hsVGtxR1hOSkUva1VDMFRQVWREUmV6Nzd6L3BVQmo0Z1VqUmpOSVNPdkUrclBteVBRejVIWWpJcnRraEF0Mkl6VU8zb0l','2',0),(101,1,'2026-03-12 14:38:32','AST CATEGORY UPDATE::SUCCESS:: DETAILS::{\"category_id\":46,\"old_name\":\"card\",\"new_name\":\"card\",\"old_photo\":null,\"new_photo\":null}','bzhXdi9KR0c4MnQ0RllxZWVROEZCMjdMVE93Sld6VzNtdG5aaWdONVJNT2cwcVZQeEd2UjZLaGdJTXdyQUtwYXMzZzhwWnkrMGI0b1FTdXRwdlBJcEd2d01FVFhnaEkyOXY1YW9ES1pmWHVYb05uN1JhZGlydHhOR3hsVGtxR1hOSkUva1VDMFRQVWREUmV6Nzd6L3BVQmo0Z1VqUmpOSVNPdkUrclBteVBRejVIWWpJcnRraEF0Mkl6VU8zb0l','2',0),(102,1,'2026-03-12 14:38:36','AST CATEGORY UPDATE::SUCCESS:: DETAILS::{\"category_id\":46,\"old_name\":\"card\",\"new_name\":\"card\",\"old_photo\":null,\"new_photo\":null}','bzhXdi9KR0c4MnQ0RllxZWVROEZCMjdMVE93Sld6VzNtdG5aaWdONVJNT2cwcVZQeEd2UjZLaGdJTXdyQUtwYXMzZzhwWnkrMGI0b1FTdXRwdlBJcEd2d01FVFhnaEkyOXY1YW9ES1pmWHVYb05uN1JhZGlydHhOR3hsVGtxR1hOSkUva1VDMFRQVWREUmV6Nzd6L3BVQmo0Z1VqUmpOSVNPdkUrclBteVBRejVIWWpJcnRraEF0Mkl6VU8zb0l','2',0),(103,1,'2026-03-12 14:39:01','AST CATEGORY UPDATE::SUCCESS:: DETAILS::{\"category_id\":46,\"old_name\":\"card\",\"new_name\":\"removed avb qty\",\"old_photo\":null,\"new_photo\":null}','bzhXdi9KR0c4MnQ0RllxZWVROEZCMjdMVE93Sld6VzNtdG5aaWdONVJNT2cwcVZQeEd2UjZLaGdJTXdyQUtwYXMzZzhwWnkrMGI0b1FTdXRwdlBJcEd2d01FVFhnaEkyOXY1YW9ES1pmWHVYb05uN1JhZGlydHhOR3hsVGtxR1hOSkUva1VDMFRQVWREUmV6Nzd6L3BVQmo0Z1VqUmpOSVNPdkUrclBteVBRejVIWWpJcnRraEF0Mkl6VU8zb0l','2',0),(104,1,'2026-03-12 14:39:29','AST CATEGORY UPDATE::SUCCESS:: DETAILS::{\"category_id\":46,\"old_name\":\"removed avb qty\",\"new_name\":\"card\",\"old_photo\":null,\"new_photo\":\"cat_20260312_143929_69b25fa1a0935.png\"}','bzhXdi9KR0c4MnQ0RllxZWVROEZCMjdMVE93Sld6VzNtdG5aaWdONVJNT2cwcVZQeEd2UjZLaGdJTXdyQUtwYXMzZzhwWnkrMGI0b1FTdXRwdlBJcEd2d01FVFhnaEkyOXY1YW9ES1pmWHVYb05uN1JhZGlydHhOR3hsVGtxR1hOSkUva1VDMFRQVWREUmV6Nzd6L3BVQmo0Z1VqUmpOSVNPdkUrclBteVBRejVIWWpJcnRraEF0Mkl6VU8zb0l','2',0),(105,1,'2026-03-12 14:47:43','AST ADD ITEM::SUCCESS:: DETAILS::{\"property_code_start\":\"AST-20242858458-0001\",\"property_code_end\":\"AST-20242858458-0005\",\"property_number\":\"20242858458\",\"property_series_start\":1,\"units_created\":5,\"category_id\":46,\"item_description\":\"item card\",\"serial_numbers_provided\":2,\"quantity_per_unit\":1,\"unit\":\"pcs\",\"source_of_fund\":\"\",\"cost_value\":null,\"allowed_status\":\"{\\\"none\\\":true}\",\"is_available\":0}','bzhXdi9KR0c4MnQ0RllxZWVROEZCMjdMVE93Sld6VzNtdG5aaWdONVJNT2cwcVZQeEd2UjZLaGdJTXdyQUtwYXMzZzhwWnkrMGI0b1FTdXRwdlBJcEd2d01FVFhnaEkyOXY1YW9ES1pmWHVYb05uN1JhZGlydHhOR3hsVGtxR1hOSkUva1VDMFRQVWREUmV6Nzd6L3BVQmo0Z1VqUmpOSVNPdkUrclBteVBRejVIWWpJcnRraEF0Mkl6VU8zb0l','2',0),(106,1,'2026-03-12 14:58:15','AST BULK SET AVAILABLE RULES::SUCCESS:: DETAILS::{\"count\":3,\"property_codes\":[\"AST-20242858458-0002\",\"AST-20242858458-0001\",\"AST-20242858458-0003\"],\"allowed_status\":\"{\\\"teaching\\\":[1,3],\\\"non_teaching\\\":[1,2]}\"}','bzhXdi9KR0c4MnQ0RllxZWVROEZCMjdMVE93Sld6VzNtdG5aaWdONVJNT2cwcVZQeEd2UjZLaGdJTXdyQUtwYXMzZzhwWnkrMGI0b1FTdXRwdlBJcEd2d01FVFhnaEkyOXY1YW9ES1pmWHVYb05uN1JhZGlydHhOR3hsVGtxR1hOSkUva1VDMFRQVWREUmV6Nzd6L3BVQmo0Z1VqUmpOSVNPdkUrclBteVBRejVIWWpJcnRraEF0Mkl6VU8zb0l','2',0),(107,1,'2026-03-16 09:15:39','AST CATEGORY ADD CATEGORIES::SUCCESS:: DETAILS::{\"inserted\":1,\"skipped\":0,\"added\":[\"edittest\"]}','WUFqR3ZRMDZLbUJ6NEZVZmFhUW9wN243dVpNRE1LWHVXcDhBRTI4OVFYQ0NqK1pSbUh4VTl6NndVelJWTFcwMDlpK3JSTnZVSG1hSC9XY3Y2ZEpqd3NwSSt3TFlnNysvZEdtZmI5WGpxY2xMODhKVUcxSUNDS3dGSm9OaFVXNVJjclR1dmdJRFZ1dmFCNTVIc0p3Z1RMaUhNdFNuckpNZnU0dmtqWlhzamNrYUh0Y0pmVXRHM2N5TmJZaXRwWXZ','2',0),(108,1,'2026-03-16 09:31:22','AST CATEGORY ADD CATEGORIES::SUCCESS:: DETAILS::{\"inserted\":1,\"skipped\":1,\"added\":[\"duptest\"],\"not_added\":[\"card (duplicate)\"]}','WUFqR3ZRMDZLbUJ6NEZVZmFhUW9wN243dVpNRE1LWHVXcDhBRTI4OVFYQ0NqK1pSbUh4VTl6NndVelJWTFcwMDlpK3JSTnZVSG1hSC9XY3Y2ZEpqd3NwSSt3TFlnNysvZEdtZmI5WGpxY2xMODhKVUcxSUNDS3dGSm9OaFVXNVJjclR1dmdJRFZ1dmFCNTVIc0p3Z1RMaUhNdFNuckpNZnU0dmtqWlhzamNrYUh0Y0pmVXRHM2N5TmJZaXRwWXZ','2',0),(109,1,'2026-03-16 09:34:44','AST CATEGORY ADD CATEGORIES::SUCCESS:: DETAILS::{\"inserted\":1,\"skipped\":1,\"added\":[\"duptest1\"],\"not_added\":[\"card (duplicate)\"]}','WUFqR3ZRMDZLbUJ6NEZVZmFhUW9wN243dVpNRE1LWHVXcDhBRTI4OVFYQ0NqK1pSbUh4VTl6NndVelJWTFcwMDlpK3JSTnZVSG1hSC9XY3Y2ZEpqd3NwSSt3TFlnNysvZEdtZmI5WGpxY2xMODhKVUcxSUNDS3dGSm9OaFVXNVJjclR1dmdJRFZ1dmFCNTVIc0p3Z1RMaUhNdFNuckpNZnU0dmtqWlhzamNrYUh0Y0pmVXRHM2N5TmJZaXRwWXZ','2',0),(110,1,'2026-03-16 09:39:38','AST CATEGORY ADD CATEGORIES::SUCCESS:: DETAILS::{\"inserted\":1,\"skipped\":1,\"added\":[\"duptest2\"],\"not_added\":[\"card (duplicate)\"]}','WUFqR3ZRMDZLbUJ6NEZVZmFhUW9wN243dVpNRE1LWHVXcDhBRTI4OVFYQ0NqK1pSbUh4VTl6NndVelJWTFcwMDlpK3JSTnZVSG1hSC9XY3Y2ZEpqd3NwSSt3TFlnNysvZEdtZmI5WGpxY2xMODhKVUcxSUNDS3dGSm9OaFVXNVJjclR1dmdJRFZ1dmFCNTVIc0p3Z1RMaUhNdFNuckpNZnU0dmtqWlhzamNrYUh0Y0pmVXRHM2N5TmJZaXRwWXZ','2',0),(111,1,'2026-03-16 09:41:10','AST CATEGORY ADD CATEGORIES::SUCCESS:: DETAILS::{\"inserted\":0,\"skipped\":1,\"not_added\":[\"card (duplicate)\"]}','WUFqR3ZRMDZLbUJ6NEZVZmFhUW9wN243dVpNRE1LWHVXcDhBRTI4OVFYQ0NqK1pSbUh4VTl6NndVelJWTFcwMDlpK3JSTnZVSG1hSC9XY3Y2ZEpqd3NwSSt3TFlnNysvZEdtZmI5WGpxY2xMODhKVUcxSUNDS3dGSm9OaFVXNVJjclR1dmdJRFZ1dmFCNTVIc0p3Z1RMaUhNdFNuckpNZnU0dmtqWlhzamNrYUh0Y0pmVXRHM2N5TmJZaXRwWXZ','2',0),(112,1,'2026-03-16 09:42:43','AST CATEGORY ADD CATEGORIES::SUCCESS:: DETAILS::{\"inserted\":0,\"skipped\":1,\"not_added\":[\"card (duplicate)\"]}','WUFqR3ZRMDZLbUJ6NEZVZmFhUW9wN243dVpNRE1LWHVXcDhBRTI4OVFYQ0NqK1pSbUh4VTl6NndVelJWTFcwMDlpK3JSTnZVSG1hSC9XY3Y2ZEpqd3NwSSt3TFlnNysvZEdtZmI5WGpxY2xMODhKVUcxSUNDS3dGSm9OaFVXNVJjclR1dmdJRFZ1dmFCNTVIc0p3Z1RMaUhNdFNuckpNZnU0dmtqWlhzamNrYUh0Y0pmVXRHM2N5TmJZaXRwWXZ','2',0),(113,1,'2026-03-16 09:45:48','AST CATEGORY ADD CATEGORIES::SUCCESS:: DETAILS::{\"inserted\":0,\"skipped\":1,\"not_added\":[\"card (duplicate)\"]}','WUFqR3ZRMDZLbUJ6NEZVZmFhUW9wN243dVpNRE1LWHVXcDhBRTI4OVFYQ0NqK1pSbUh4VTl6NndVelJWTFcwMDlpK3JSTnZVSG1hSC9XY3Y2ZEpqd3NwSSt3TFlnNysvZEdtZmI5WGpxY2xMODhKVUcxSUNDS3dGSm9OaFVXNVJjclR1dmdJRFZ1dmFCNTVIc0p3Z1RMaUhNdFNuckpNZnU0dmtqWlhzamNrYUh0Y0pmVXRHM2N5TmJZaXRwWXZ','2',0),(114,1,'2026-03-16 09:47:17','AST CATEGORY ADD CATEGORIES::SUCCESS:: DETAILS::{\"inserted\":0,\"skipped\":1,\"not_added\":[\"card (duplicate)\"]}','WUFqR3ZRMDZLbUJ6NEZVZmFhUW9wN243dVpNRE1LWHVXcDhBRTI4OVFYQ0NqK1pSbUh4VTl6NndVelJWTFcwMDlpK3JSTnZVSG1hSC9XY3Y2ZEpqd3NwSSt3TFlnNysvZEdtZmI5WGpxY2xMODhKVUcxSUNDS3dGSm9OaFVXNVJjclR1dmdJRFZ1dmFCNTVIc0p3Z1RMaUhNdFNuckpNZnU0dmtqWlhzamNrYUh0Y0pmVXRHM2N5TmJZaXRwWXZ','2',0),(115,1,'2026-03-16 14:04:25','AST ADD ITEM::SUCCESS:: DETAILS::{\"property_code_start\":\"AST-TESTDUPE-0001\",\"property_code_end\":\"AST-TESTDUPE-0002\",\"property_number\":\"TESTDUPE\",\"property_series_start\":1,\"units_created\":2,\"category_id\":12,\"item_description\":\"Test dupe\",\"serial_numbers_provided\":2,\"quantity_per_unit\":1,\"unit\":\"pcs\",\"source_of_fund\":\"\",\"cost_value\":null,\"allowed_status\":\"{\\\"none\\\":true}\",\"is_available\":0}','aG9xYU83cjhyQW1uUWNybmlTREFkRFpuMHNaN0FQU1ZUL25nR1UrUG9GNDdZSERZSW9sVnFWU3RzNWEwOHlPRzdVRmJ2MVNLNzdpRmZBWXk3UzdpT3ZwR3pZZzFrTzNxQmlOK0tyc2I3RWk5bGYrOXA3d3lES1BUT29nVzhNNnNoVHlINDJmbWV2eDBWd0JYakFickhFbnBWbG41L0R1c3hEbmhqM0VWL01wM29RcEJOelBNdmduN3J2VlQyTGc','2',0),(116,1,'2026-03-17 11:38:00','AST SET AVAILABLE RULES::SUCCESS:: DETAILS::{\"property_code\":\"AST-UNITTEST-0002\",\"old_allowed_status\":\"{\\\"teaching\\\":[1],\\\"non_teaching\\\":[]}\",\"new_allowed_status\":\"{\\\"teaching\\\":[1],\\\"non_teaching\\\":[]}\",\"old_is_available\":0,\"new_is_available\":1}','Zm1wK0I3d1lFdnc0Q2VJRUhUdWdPTkVCNUx2MnQrS1FsOVVtQlRaN0g0L09xWnBXNDNHNVNCejg1ZUlBbmszRFJxSmJGWnhRUzk0SjRsdS9MQ2xKcEdJeFJBeldWaUU2c1RCQUh5T3Q3UUY4ZEFQRlFOL050K3VlZlV3bjVTWnJtcFc2ZHZRaHh0dmRIUWtid0hxaTZNS2szcHRuN080dzltdFFwVHpYNkpGaDVDVGVORk5uRG1lUURPYU5TQzI','2',0),(117,1,'2026-03-17 11:38:06','AST SET AVAILABLE RULES::SUCCESS:: DETAILS::{\"property_code\":\"AST-UNITTEST-0002\",\"old_allowed_status\":\"{\\\"teaching\\\":[1],\\\"non_teaching\\\":[]}\",\"new_allowed_status\":\"{\\\"teaching\\\":[1],\\\"non_teaching\\\":[]}\",\"old_is_available\":1,\"new_is_available\":1}','Zm1wK0I3d1lFdnc0Q2VJRUhUdWdPTkVCNUx2MnQrS1FsOVVtQlRaN0g0L09xWnBXNDNHNVNCejg1ZUlBbmszRFJxSmJGWnhRUzk0SjRsdS9MQ2xKcEdJeFJBeldWaUU2c1RCQUh5T3Q3UUY4ZEFQRlFOL050K3VlZlV3bjVTWnJtcFc2ZHZRaHh0dmRIUWtid0hxaTZNS2szcHRuN080dzltdFFwVHpYNkpGaDVDVGVORk5uRG1lUURPYU5TQzI','2',0),(118,1,'2026-03-17 11:38:38','AST ADD ITEM::SUCCESS:: DETAILS::{\"property_code_start\":\"AST-69841-0001\",\"property_code_end\":\"AST-69841-0001\",\"property_number\":\"69841\",\"property_series_start\":1,\"units_created\":1,\"category_id\":12,\"item_description\":\"668\",\"serial_numbers_provided\":0,\"quantity_per_unit\":1,\"unit\":\"pcs\",\"source_of_fund\":\"\",\"cost_value\":null,\"allowed_status\":\"{\\\"none\\\":true}\",\"is_available\":0}','Zm1wK0I3d1lFdnc0Q2VJRUhUdWdPTkVCNUx2MnQrS1FsOVVtQlRaN0g0L09xWnBXNDNHNVNCejg1ZUlBbmszRFJxSmJGWnhRUzk0SjRsdS9MQ2xKcEdJeFJBeldWaUU2c1RCQUh5T3Q3UUY4ZEFQRlFOL050K3VlZlV3bjVTWnJtcFc2ZHZRaHh0dmRIUWtid0hxaTZNS2szcHRuN080dzltdFFwVHpYNkpGaDVDVGVORk5uRG1lUURPYU5TQzI','2',0),(119,1,'2026-03-17 15:28:46','AST CATEGORY ADD CATEGORIES::SUCCESS:: DETAILS::{\"inserted\":1,\"skipped\":0,\"added\":[\"Full inf\"]}','Zm1wK0I3d1lFdnc0Q2VJRUhUdWdPTkVCNUx2MnQrS1FsOVVtQlRaN0g0L09xWnBXNDNHNVNCejg1ZUlBbmszRFJxSmJGWnhRUzk0SjRsdS9MQ2xKcEdJeFJBeldWaUU2c1RCQUh5T3Q3UUY4ZEFQRlFOL050K3VlZlV3bjVTWnJtcFc2ZHZRaHh0dmRIUWtid0hxaTZNS2szcHRuN080dzltdFFwVHpYNkpGaDVDVGVORk5uRG1lUURPYU5TQzI','2',0),(120,1,'2026-03-17 15:30:30','AST ADD ITEM::SUCCESS:: DETAILS::{\"property_code_start\":\"AST-FULLINF-0001\",\"property_code_end\":\"AST-FULLINF-0001\",\"property_number\":\"FULLINF\",\"property_series_start\":1,\"units_created\":1,\"category_id\":51,\"item_description\":\"full info test\",\"serial_numbers_provided\":1,\"quantity_per_unit\":1,\"unit\":\"pcs\",\"source_of_fund\":\"Jan Cedric Ballesteros\",\"cost_value\":10000,\"allowed_status\":\"{\\\"none\\\":true}\",\"is_available\":0}','Zm1wK0I3d1lFdnc0Q2VJRUhUdWdPTkVCNUx2MnQrS1FsOVVtQlRaN0g0L09xWnBXNDNHNVNCejg1ZUlBbmszRFJxSmJGWnhRUzk0SjRsdS9MQ2xKcEdJeFJBeldWaUU2c1RCQUh5T3Q3UUY4ZEFQRlFOL050K3VlZlV3bjVTWnJtcFc2ZHZRaHh0dmRIUWtid0hxaTZNS2szcHRuN080dzltdFFwVHpYNkpGaDVDVGVORk5uRG1lUURPYU5TQzI','2',0),(121,1,'2026-03-17 15:31:30','AST BULK SET AVAILABLE RULES::SUCCESS:: DETAILS::{\"count\":1,\"property_codes\":[\"AST-FULLINF-0001\"],\"allowed_status\":\"{\\\"teaching\\\":[1,2,3],\\\"non_teaching\\\":[]}\"}','Zm1wK0I3d1lFdnc0Q2VJRUhUdWdPTkVCNUx2MnQrS1FsOVVtQlRaN0g0L09xWnBXNDNHNVNCejg1ZUlBbmszRFJxSmJGWnhRUzk0SjRsdS9MQ2xKcEdJeFJBeldWaUU2c1RCQUh5T3Q3UUY4ZEFQRlFOL050K3VlZlV3bjVTWnJtcFc2ZHZRaHh0dmRIUWtid0hxaTZNS2szcHRuN080dzltdFFwVHpYNkpGaDVDVGVORk5uRG1lUURPYU5TQzI','2',0),(122,1,'2026-03-17 15:32:47','AST BULK SET AVAILABLE RULES::SUCCESS:: DETAILS::{\"count\":1,\"property_codes\":[\"AST-FULLINF-0001\"],\"allowed_status\":\"{\\\"teaching\\\":[1],\\\"non_teaching\\\":[]}\"}','Zm1wK0I3d1lFdnc0Q2VJRUhUdWdPTkVCNUx2MnQrS1FsOVVtQlRaN0g0L09xWnBXNDNHNVNCejg1ZUlBbmszRFJxSmJGWnhRUzk0SjRsdS9MQ2xKcEdJeFJBeldWaUU2c1RCQUh5T3Q3UUY4ZEFQRlFOL050K3VlZlV3bjVTWnJtcFc2ZHZRaHh0dmRIUWtid0hxaTZNS2szcHRuN080dzltdFFwVHpYNkpGaDVDVGVORk5uRG1lUURPYU5TQzI','2',0),(123,1,'2026-03-17 15:33:04','AST BULK SET AVAILABLE RULES::SUCCESS:: DETAILS::{\"count\":1,\"property_codes\":[\"AST-FULLINF-0001\"],\"allowed_status\":\"{\\\"teaching\\\":[1,2,3],\\\"non_teaching\\\":[]}\"}','Zm1wK0I3d1lFdnc0Q2VJRUhUdWdPTkVCNUx2MnQrS1FsOVVtQlRaN0g0L09xWnBXNDNHNVNCejg1ZUlBbmszRFJxSmJGWnhRUzk0SjRsdS9MQ2xKcEdJeFJBeldWaUU2c1RCQUh5T3Q3UUY4ZEFQRlFOL050K3VlZlV3bjVTWnJtcFc2ZHZRaHh0dmRIUWtid0hxaTZNS2szcHRuN080dzltdFFwVHpYNkpGaDVDVGVORk5uRG1lUURPYU5TQzI','2',0),(124,1,'2026-03-17 15:33:31','FACILITY ITEM ASSIGN::SUCCESS:: DETAILS::{\"assignment_id\":16,\"facility_id\":2,\"unit_id\":4,\"module_type\":\"AST\",\"item_code\":\"AST-FULLINF-0001\",\"qty\":1,\"issued_to_user_id\":11,\"accountable_user_id\":11,\"managed_by_user_id\":3}','Zm1wK0I3d1lFdnc0Q2VJRUhUdWdPTkVCNUx2MnQrS1FsOVVtQlRaN0g0L09xWnBXNDNHNVNCejg1ZUlBbmszRFJxSmJGWnhRUzk0SjRsdS9MQ2xKcEdJeFJBeldWaUU2c1RCQUh5T3Q3UUY4ZEFQRlFOL050K3VlZlV3bjVTWnJtcFc2ZHZRaHh0dmRIUWtid0hxaTZNS2szcHRuN080dzltdFFwVHpYNkpGaDVDVGVORk5uRG1lUURPYU5TQzI','2',0),(125,1,'2026-03-23 11:40:52','FACILITY UNIT UPDATE::SUCCESS:: DETAILS::{\"unit_id\":4,\"facility_id\":2,\"unit_code\":\"OT\",\"unit_name\":\"Office test\",\"facility_unit_manager_user_ids\":[]}','OTZ0K3YrcTN2Rkw1RnJVSFFDMUhTRjdDZ0h2bmZkZ2MyZ1pmUlVCbTdodVRuMHBoM0lhdTdLekx3d2s0bU14ZGZXQUV3c2czTHZYN0xXVnRFUC9PN3M5NDVJSkFoWXI4RWNMN08zN3lRNVVCNW1PRktQYmtUVy9JZnpWeWhLVHB5eGhlVkQwUW9KcmJXS3BGblM3b2IrQ2NUL0YwZU9CNDNyMU83UWYwSlBETDgzT1dFbHozalEzclJLS0V4bHZ','2',0),(126,1,'2026-03-23 11:40:54','FACILITY UNIT UPDATE::SUCCESS:: DETAILS::{\"unit_id\":4,\"facility_id\":2,\"unit_code\":\"OT\",\"unit_name\":\"Office test\",\"facility_unit_manager_user_ids\":[]}','OTZ0K3YrcTN2Rkw1RnJVSFFDMUhTRjdDZ0h2bmZkZ2MyZ1pmUlVCbTdodVRuMHBoM0lhdTdLekx3d2s0bU14ZGZXQUV3c2czTHZYN0xXVnRFUC9PN3M5NDVJSkFoWXI4RWNMN08zN3lRNVVCNW1PRktQYmtUVy9JZnpWeWhLVHB5eGhlVkQwUW9KcmJXS3BGblM3b2IrQ2NUL0YwZU9CNDNyMU83UWYwSlBETDgzT1dFbHozalEzclJLS0V4bHZ','2',0),(127,1,'2026-03-23 11:46:17','FACILITY UNIT UPDATE::SUCCESS:: DETAILS::{\"unit_id\":4,\"facility_id\":2,\"unit_code\":\"OT\",\"unit_name\":\"Office test\",\"facility_unit_manager_user_ids\":[]}','OTZ0K3YrcTN2Rkw1RnJVSFFDMUhTRjdDZ0h2bmZkZ2MyZ1pmUlVCbTdodVRuMHBoM0lhdTdLekx3d2s0bU14ZGZXQUV3c2czTHZYN0xXVnRFUC9PN3M5NDVJSkFoWXI4RWNMN08zN3lRNVVCNW1PRktQYmtUVy9JZnpWeWhLVHB5eGhlVkQwUW9KcmJXS3BGblM3b2IrQ2NUL0YwZU9CNDNyMU83UWYwSlBETDgzT1dFbHozalEzclJLS0V4bHZ','2',0),(128,1,'2026-03-23 11:46:18','FACILITY UNIT UPDATE::SUCCESS:: DETAILS::{\"unit_id\":4,\"facility_id\":2,\"unit_code\":\"OT\",\"unit_name\":\"Office test\",\"facility_unit_manager_user_ids\":[]}','OTZ0K3YrcTN2Rkw1RnJVSFFDMUhTRjdDZ0h2bmZkZ2MyZ1pmUlVCbTdodVRuMHBoM0lhdTdLekx3d2s0bU14ZGZXQUV3c2czTHZYN0xXVnRFUC9PN3M5NDVJSkFoWXI4RWNMN08zN3lRNVVCNW1PRktQYmtUVy9JZnpWeWhLVHB5eGhlVkQwUW9KcmJXS3BGblM3b2IrQ2NUL0YwZU9CNDNyMU83UWYwSlBETDgzT1dFbHozalEzclJLS0V4bHZ','2',0),(129,1,'2026-03-23 11:46:28','FACILITY UNIT UPDATE::SUCCESS:: DETAILS::{\"unit_id\":4,\"facility_id\":2,\"unit_code\":\"OT\",\"unit_name\":\"Office test\",\"facility_unit_manager_user_ids\":[]}','OTZ0K3YrcTN2Rkw1RnJVSFFDMUhTRjdDZ0h2bmZkZ2MyZ1pmUlVCbTdodVRuMHBoM0lhdTdLekx3d2s0bU14ZGZXQUV3c2czTHZYN0xXVnRFUC9PN3M5NDVJSkFoWXI4RWNMN08zN3lRNVVCNW1PRktQYmtUVy9JZnpWeWhLVHB5eGhlVkQwUW9KcmJXS3BGblM3b2IrQ2NUL0YwZU9CNDNyMU83UWYwSlBETDgzT1dFbHozalEzclJLS0V4bHZ','2',0),(130,1,'2026-03-23 11:46:28','FACILITY UNIT UPDATE::SUCCESS:: DETAILS::{\"unit_id\":4,\"facility_id\":2,\"unit_code\":\"OT\",\"unit_name\":\"Office test\",\"facility_unit_manager_user_ids\":[]}','OTZ0K3YrcTN2Rkw1RnJVSFFDMUhTRjdDZ0h2bmZkZ2MyZ1pmUlVCbTdodVRuMHBoM0lhdTdLekx3d2s0bU14ZGZXQUV3c2czTHZYN0xXVnRFUC9PN3M5NDVJSkFoWXI4RWNMN08zN3lRNVVCNW1PRktQYmtUVy9JZnpWeWhLVHB5eGhlVkQwUW9KcmJXS3BGblM3b2IrQ2NUL0YwZU9CNDNyMU83UWYwSlBETDgzT1dFbHozalEzclJLS0V4bHZ','2',0),(131,1,'2026-03-23 11:46:29','FACILITY UNIT UPDATE::SUCCESS:: DETAILS::{\"unit_id\":4,\"facility_id\":2,\"unit_code\":\"OT\",\"unit_name\":\"Office test\",\"facility_unit_manager_user_ids\":[]}','OTZ0K3YrcTN2Rkw1RnJVSFFDMUhTRjdDZ0h2bmZkZ2MyZ1pmUlVCbTdodVRuMHBoM0lhdTdLekx3d2s0bU14ZGZXQUV3c2czTHZYN0xXVnRFUC9PN3M5NDVJSkFoWXI4RWNMN08zN3lRNVVCNW1PRktQYmtUVy9JZnpWeWhLVHB5eGhlVkQwUW9KcmJXS3BGblM3b2IrQ2NUL0YwZU9CNDNyMU83UWYwSlBETDgzT1dFbHozalEzclJLS0V4bHZ','2',0),(132,1,'2026-03-23 11:46:30','FACILITY UNIT UPDATE::SUCCESS:: DETAILS::{\"unit_id\":4,\"facility_id\":2,\"unit_code\":\"OT\",\"unit_name\":\"Office test\",\"facility_unit_manager_user_ids\":[]}','OTZ0K3YrcTN2Rkw1RnJVSFFDMUhTRjdDZ0h2bmZkZ2MyZ1pmUlVCbTdodVRuMHBoM0lhdTdLekx3d2s0bU14ZGZXQUV3c2czTHZYN0xXVnRFUC9PN3M5NDVJSkFoWXI4RWNMN08zN3lRNVVCNW1PRktQYmtUVy9JZnpWeWhLVHB5eGhlVkQwUW9KcmJXS3BGblM3b2IrQ2NUL0YwZU9CNDNyMU83UWYwSlBETDgzT1dFbHozalEzclJLS0V4bHZ','2',0),(133,1,'2026-03-23 11:50:48','FACILITY UNIT UPDATE::SUCCESS:: DETAILS::{\"unit_id\":4,\"facility_id\":2,\"unit_code\":\"OT\",\"unit_name\":\"Office test\",\"facility_unit_manager_user_ids\":[]}','OTZ0K3YrcTN2Rkw1RnJVSFFDMUhTRjdDZ0h2bmZkZ2MyZ1pmUlVCbTdodVRuMHBoM0lhdTdLekx3d2s0bU14ZGZXQUV3c2czTHZYN0xXVnRFUC9PN3M5NDVJSkFoWXI4RWNMN08zN3lRNVVCNW1PRktQYmtUVy9JZnpWeWhLVHB5eGhlVkQwUW9KcmJXS3BGblM3b2IrQ2NUL0YwZU9CNDNyMU83UWYwSlBETDgzT1dFbHozalEzclJLS0V4bHZ','2',0),(134,1,'2026-03-23 11:51:00','FACILITY UNIT UPDATE::SUCCESS:: DETAILS::{\"unit_id\":4,\"facility_id\":2,\"unit_code\":\"OT\",\"unit_name\":\"Office test\",\"facility_unit_manager_user_ids\":[]}','OTZ0K3YrcTN2Rkw1RnJVSFFDMUhTRjdDZ0h2bmZkZ2MyZ1pmUlVCbTdodVRuMHBoM0lhdTdLekx3d2s0bU14ZGZXQUV3c2czTHZYN0xXVnRFUC9PN3M5NDVJSkFoWXI4RWNMN08zN3lRNVVCNW1PRktQYmtUVy9JZnpWeWhLVHB5eGhlVkQwUW9KcmJXS3BGblM3b2IrQ2NUL0YwZU9CNDNyMU83UWYwSlBETDgzT1dFbHozalEzclJLS0V4bHZ','2',0),(135,1,'2026-03-23 11:51:00','FACILITY UNIT UPDATE::SUCCESS:: DETAILS::{\"unit_id\":4,\"facility_id\":2,\"unit_code\":\"OT\",\"unit_name\":\"Office test\",\"facility_unit_manager_user_ids\":[]}','OTZ0K3YrcTN2Rkw1RnJVSFFDMUhTRjdDZ0h2bmZkZ2MyZ1pmUlVCbTdodVRuMHBoM0lhdTdLekx3d2s0bU14ZGZXQUV3c2czTHZYN0xXVnRFUC9PN3M5NDVJSkFoWXI4RWNMN08zN3lRNVVCNW1PRktQYmtUVy9JZnpWeWhLVHB5eGhlVkQwUW9KcmJXS3BGblM3b2IrQ2NUL0YwZU9CNDNyMU83UWYwSlBETDgzT1dFbHozalEzclJLS0V4bHZ','2',0),(136,1,'2026-03-23 11:51:01','FACILITY UNIT UPDATE::SUCCESS:: DETAILS::{\"unit_id\":4,\"facility_id\":2,\"unit_code\":\"OT\",\"unit_name\":\"Office test\",\"facility_unit_manager_user_ids\":[]}','OTZ0K3YrcTN2Rkw1RnJVSFFDMUhTRjdDZ0h2bmZkZ2MyZ1pmUlVCbTdodVRuMHBoM0lhdTdLekx3d2s0bU14ZGZXQUV3c2czTHZYN0xXVnRFUC9PN3M5NDVJSkFoWXI4RWNMN08zN3lRNVVCNW1PRktQYmtUVy9JZnpWeWhLVHB5eGhlVkQwUW9KcmJXS3BGblM3b2IrQ2NUL0YwZU9CNDNyMU83UWYwSlBETDgzT1dFbHozalEzclJLS0V4bHZ','2',0),(137,1,'2026-03-23 11:51:01','FACILITY UNIT UPDATE::SUCCESS:: DETAILS::{\"unit_id\":4,\"facility_id\":2,\"unit_code\":\"OT\",\"unit_name\":\"Office test\",\"facility_unit_manager_user_ids\":[]}','OTZ0K3YrcTN2Rkw1RnJVSFFDMUhTRjdDZ0h2bmZkZ2MyZ1pmUlVCbTdodVRuMHBoM0lhdTdLekx3d2s0bU14ZGZXQUV3c2czTHZYN0xXVnRFUC9PN3M5NDVJSkFoWXI4RWNMN08zN3lRNVVCNW1PRktQYmtUVy9JZnpWeWhLVHB5eGhlVkQwUW9KcmJXS3BGblM3b2IrQ2NUL0YwZU9CNDNyMU83UWYwSlBETDgzT1dFbHozalEzclJLS0V4bHZ','2',0),(138,1,'2026-03-23 11:52:18','FACILITY UNIT UPDATE::SUCCESS:: DETAILS::{\"unit_id\":2,\"facility_id\":2,\"unit_code\":\"TEST\",\"unit_name\":\"test\",\"facility_unit_manager_user_ids\":[]}','OTZ0K3YrcTN2Rkw1RnJVSFFDMUhTRjdDZ0h2bmZkZ2MyZ1pmUlVCbTdodVRuMHBoM0lhdTdLekx3d2s0bU14ZGZXQUV3c2czTHZYN0xXVnRFUC9PN3M5NDVJSkFoWXI4RWNMN08zN3lRNVVCNW1PRktQYmtUVy9JZnpWeWhLVHB5eGhlVkQwUW9KcmJXS3BGblM3b2IrQ2NUL0YwZU9CNDNyMU83UWYwSlBETDgzT1dFbHozalEzclJLS0V4bHZ','2',0),(139,1,'2026-03-23 11:58:39','FACILITY UNIT UPDATE::SUCCESS:: DETAILS::{\"unit_id\":4,\"facility_id\":2,\"unit_code\":\"OT\",\"unit_name\":\"Office test\",\"facility_unit_manager_user_ids\":[]}','OTZ0K3YrcTN2Rkw1RnJVSFFDMUhTRjdDZ0h2bmZkZ2MyZ1pmUlVCbTdodVRuMHBoM0lhdTdLekx3d2s0bU14ZGZXQUV3c2czTHZYN0xXVnRFUC9PN3M5NDVJSkFoWXI4RWNMN08zN3lRNVVCNW1PRktQYmtUVy9JZnpWeWhLVHB5eGhlVkQwUW9KcmJXS3BGblM3b2IrQ2NUL0YwZU9CNDNyMU83UWYwSlBETDgzT1dFbHozalEzclJLS0V4bHZ','2',0),(140,1,'2026-03-23 12:00:34','FACILITY UNIT UPDATE::SUCCESS:: DETAILS::{\"unit_id\":4,\"facility_id\":2,\"unit_code\":\"OT\",\"unit_name\":\"Office test\",\"facility_unit_manager_user_ids\":[]}','OTZ0K3YrcTN2Rkw1RnJVSFFDMUhTRjdDZ0h2bmZkZ2MyZ1pmUlVCbTdodVRuMHBoM0lhdTdLekx3d2s0bU14ZGZXQUV3c2czTHZYN0xXVnRFUC9PN3M5NDVJSkFoWXI4RWNMN08zN3lRNVVCNW1PRktQYmtUVy9JZnpWeWhLVHB5eGhlVkQwUW9KcmJXS3BGblM3b2IrQ2NUL0YwZU9CNDNyMU83UWYwSlBETDgzT1dFbHozalEzclJLS0V4bHZ','2',0),(141,1,'2026-03-23 12:00:37','FACILITY UNIT UPDATE::SUCCESS:: DETAILS::{\"unit_id\":4,\"facility_id\":2,\"unit_code\":\"OT\",\"unit_name\":\"Office test\",\"facility_unit_manager_user_ids\":[]}','OTZ0K3YrcTN2Rkw1RnJVSFFDMUhTRjdDZ0h2bmZkZ2MyZ1pmUlVCbTdodVRuMHBoM0lhdTdLekx3d2s0bU14ZGZXQUV3c2czTHZYN0xXVnRFUC9PN3M5NDVJSkFoWXI4RWNMN08zN3lRNVVCNW1PRktQYmtUVy9JZnpWeWhLVHB5eGhlVkQwUW9KcmJXS3BGblM3b2IrQ2NUL0YwZU9CNDNyMU83UWYwSlBETDgzT1dFbHozalEzclJLS0V4bHZ','2',0),(142,1,'2026-03-23 12:58:40','FACILITY UNIT UPDATE::SUCCESS:: DETAILS::{\"unit_id\":4,\"facility_id\":2,\"unit_code\":\"OT\",\"unit_name\":\"Office test\",\"facility_unit_manager_user_ids\":[10]}','OTZ0K3YrcTN2Rkw1RnJVSFFDMUhTRjdDZ0h2bmZkZ2MyZ1pmUlVCbTdodVRuMHBoM0lhdTdLekx3d2s0bU14ZGZXQUV3c2czTHZYN0xXVnRFUC9PN3M5NDVJSkFoWXI4RWNMN08zN3lRNVVCNW1PRktQYmtUVy9JZnpWeWhLVHB5eGhlVkQwUW9KcmJXS3BGblM3b2IrQ2NUL0YwZU9CNDNyMU83UWYwSlBETDgzT1dFbHozalEzclJLS0V4bHZ','2',0),(143,1,'2026-03-23 12:58:56','FACILITY UNIT UPDATE::SUCCESS:: DETAILS::{\"unit_id\":4,\"facility_id\":2,\"unit_code\":\"OT\",\"unit_name\":\"Office test\",\"facility_unit_manager_user_ids\":[10,11]}','OTZ0K3YrcTN2Rkw1RnJVSFFDMUhTRjdDZ0h2bmZkZ2MyZ1pmUlVCbTdodVRuMHBoM0lhdTdLekx3d2s0bU14ZGZXQUV3c2czTHZYN0xXVnRFUC9PN3M5NDVJSkFoWXI4RWNMN08zN3lRNVVCNW1PRktQYmtUVy9JZnpWeWhLVHB5eGhlVkQwUW9KcmJXS3BGblM3b2IrQ2NUL0YwZU9CNDNyMU83UWYwSlBETDgzT1dFbHozalEzclJLS0V4bHZ','2',0),(144,1,'2026-03-23 17:29:33','AST BULK SET AVAILABLE RULES::SUCCESS:: DETAILS::{\"count\":16,\"property_codes\":[\"AST-69841-0001\",\"AST-TESTDUPE-0002\",\"AST-TESTDUPE-0001\",\"AST-QWER-0001\",\"AST-FASDF-0001\",\"AST-1234-0006\",\"AST-1234-0005\",\"AST-0321-0001\",\"AST-UNITTEST-0003\",\"AST-UNITTEST-0002\",\"AST-UNITTEST-0001\",\"AST-HAHAHATESTINGLANGPO123456789-0001\",\"AST-0000-0014\",\"AST-0000-0013\",\"AST-0000-0011\",\"AST-0000-0002\"],\"allowed_status\":\"{\\\"teaching\\\":[1],\\\"non_teaching\\\":[]}\"}','dUducEk3Tnd0M2owMjFkREZIRWxMeFBrcU82eUI0R2NEbURSaFpGVHMrMjl6ZHZkdkxhVVlwT1Q1N25QRTQ0T21vcFRVZlkwZTErVE5FYzNIN2J6dTE3aVh2cHJXYXlsZ21qb3poR201VHp0MFlWWEdyMFJKaFBqclR4VlZWVVZrNThJaVVYaGplYWtqcTd5MmFjRFVGMHpQcTVOb25KZmJCNVJhbWFGL05tYSt4dTEvNmFGSXFtVGdONmZxRE5','2',0),(145,1,'2026-03-23 19:43:41','FACILITY ASSIGNMENT STATUS::SUCCESS:: DETAILS::{\"assignment_id\":16,\"old_status\":\"ACTIVE\",\"new_status\":\"REPORTED\"}','ZE1iQWlkS0FLTVBwSW1sU1FiY251MTBCeks1NEN3ZDNaOEROMTZpMmJhQmdlTTNTaHJEU3V4aGJYVnZXajkzclFYWjlVQ0pVUlh4OTZUb2tEQ1lYd3pBWEtyN2t6Y2MrQWFYU1JhRGRmczlyYnpvLzYvVTU2M09HYXUydUFzcVoyTkhpZFVPRjlZaEx3KzFwaUhhZ29mTkY3ejFPKzMzMzR0cHp4b0RFa2hpcytBTnA2UzNRLzM4QlU0aVVFUEZ','2',0),(146,1,'2026-03-23 19:43:47','FACILITY ASSIGNMENT STATUS::SUCCESS:: DETAILS::{\"assignment_id\":16,\"old_status\":\"REPORTED\",\"new_status\":\"REPORTED\"}','ZE1iQWlkS0FLTVBwSW1sU1FiY251MTBCeks1NEN3ZDNaOEROMTZpMmJhQmdlTTNTaHJEU3V4aGJYVnZXajkzclFYWjlVQ0pVUlh4OTZUb2tEQ1lYd3pBWEtyN2t6Y2MrQWFYU1JhRGRmczlyYnpvLzYvVTU2M09HYXUydUFzcVoyTkhpZFVPRjlZaEx3KzFwaUhhZ29mTkY3ejFPKzMzMzR0cHp4b0RFa2hpcytBTnA2UzNRLzM4QlU0aVVFUEZ','2',0),(147,1,'2026-03-23 20:43:55','AST CATEGORY ADD CATEGORIES::SUCCESS:: DETAILS::{\"inserted\":0,\"skipped\":1,\"not_added\":[\"card (duplicate)\"]}','ZE1iQWlkS0FLTVBwSW1sU1FiY251MTBCeks1NEN3ZDNaOEROMTZpMmJhQmdlTTNTaHJEU3V4aGJYVnZXajkzclFYWjlVQ0pVUlh4OTZUb2tEQ1lYd3pBWEtyN2t6Y2MrQWFYU1JhRGRmczlyYnpvLzYvVTU2M09HYXUydUFzcVoyTkhpZFVPRjlZaEx3KzFwaUhhZ29mTkY3ejFPKzMzMzR0cHp4b0RFa2hpcytBTnA2UzNRLzM4QlU0aVVFUEZ','2',0),(148,1,'2026-03-23 22:12:17','AST CATEGORY UPDATE::SUCCESS:: DETAILS::{\"category_id\":51,\"old_name\":\"Full inf\",\"new_name\":\"Full info category\",\"old_photo\":\"cat_20260317_152846_69b902ae0d6cd.jpg\",\"new_photo\":\"cat_20260317_152846_69b902ae0d6cd.jpg\"}','ZE1iQWlkS0FLTVBwSW1sU1FiY251MTBCeks1NEN3ZDNaOEROMTZpMmJhQmdlTTNTaHJEU3V4aGJYVnZXajkzclFYWjlVQ0pVUlh4OTZUb2tEQ1lYd3pBWEtyN2t6Y2MrQWFYU1JhRGRmczlyYnpvLzYvVTU2M09HYXUydUFzcVoyTkhpZFVPRjlZaEx3KzFwaUhhZ29mTkY3ejFPKzMzMzR0cHp4b0RFa2hpcytBTnA2UzNRLzM4QlU0aVVFUEZ','2',0),(149,1,'2026-03-24 01:30:49','AST PHYSICAL CHECK SESSION CREATE::SUCCESS:: DETAILS::{\"series_code\":\"PCAST-0002026-01\",\"audit_name\":\"test\",\"start_date\":\"2026-03-24\",\"end_date\":\"2026-04-30\",\"status\":\"Active\"}','Q1plUGFXMlF2cktxbkpEV0dORzdOdjZ4dkVjS241b2U4V2ZYL01rVWZjUGtKeVNHMDA2WEt5amtMemJxR2cwNitrS2U2SUhJN25NQlZGRC9KcS93b1p3VFpJUUFHMXo4S0QvdkxueWhDUzdHV0tIdkdaRTQxUmFES3hKSTlCTEdHMi9LbkJ5eFcwYm9yd1IzMXF0L1ozQXB0eHRmSDVxMHJUZTl5ZW9VTUVub05QclgzZUxWTDJIWDhSeEhmTkE','2',0),(150,3,'2026-03-24 02:21:34','USER REQUISITION SUBMIT::SUCCESS:: DETAILS::{\"module_type\":\"AST\",\"item_code\":\"AST-69841-0001\",\"qty_requested\":1,\"claim_facility_id\":2,\"claim_unit_id\":4}','NS8xY0dvUkc1MFVFZ2xSaVBzYkZnYW9xUmRwM1NEUnN3OU5uY3p3Y0Jpb0pjMHBZYjR6ZUpqTXJkSnduRXc0RlRjRTFYT28rcHE4OU1jc2R1ODFBaFBiSHlyMjFBeXhRdzhBeWdNdk41MkVNNUpJOHl3WFhTTDcvZVBvOXQvNVFLRTUvdHFmNktYSC9ERnplUi8yUEIwc3dxTWdTanh1aDhsM21Zei9wR3lPbTR5MHZJV0ptdG1uTlJIYmhaWE9','4',0),(151,1,'2026-03-24 02:22:28','REQUISITION APPROVAL::SUCCESS:: DETAILS::{\"requisition_id\":14,\"module_type\":\"AST\",\"item_code\":\"AST-69841-0001\",\"item_description\":\"668\",\"qty_requested\":1,\"requester_user_id\":3,\"old_status\":\"pending\",\"new_status\":\"approved\",\"ast_is_available_before\":1,\"ast_is_available_after\":0}','NnlJR3c5WU9PM2tCa1RSMk1VYVU3OC9nQ0t1RE83SVNHSHVMcExqRjFRelNGZkovaWd2QWhPOUZ4TUljZWRBR21IeFEzMTJNNjFpY2pyWTBhaU5iMm8zc2xKTk1YM2VoNEtCQ3lOVGRHMU5zYnJSZ0s5cnpSTVVwekZ3Z3dLY0YrQUx2bFd4THkycC9tY0ZsMGVkTFBuRVZqY1ZncXVNMnpOOFVFc05yUGNac1VIM05nMnVBeVVPUEsyeExzSVN','2',0),(152,1,'2026-03-24 04:18:16','FACILITY CREATE::SUCCESS:: DETAILS::{\"facility_code\":\"JMC\",\"facility_name\":\"Joaquin Chipeco BLDG.\",\"floors\":[\"JMC 1\",\"JMC 2\",\"JMC 3\"]}','TFdRL2JyYk80OFN6QnkxZnBwaDNiVHJ1TTdRSGcxZHMzTmV0SzFhSVg3bDRpVjFXcWc3aVRFbjhWaGQ2UVBuelBmWHA4VGdsSWMwL1JaUlNwMzRHVCswcUxkMDJHM2IybXVlbjU5UERFL1M0QzlQQkdVNngwTkVpb1FhU2hORHdrMHFPUWpBWVQ5TWh0SmZVS2VzVUhHQlp3WWVDNjluT1JSUlJhZ3A0Zzhkei9pUjgrdVNYMjlqQ2Q5eHRxZmR','2',0),(153,1,'2026-03-24 04:19:17','FACILITY UNIT CREATE::SUCCESS:: DETAILS::{\"facility_id\":6,\"unit_code\":\"LB\",\"unit_name\":\"Library\",\"floor_label\":\"JMC 2\",\"facility_unit_manager_user_ids\":[11]}','TFdRL2JyYk80OFN6QnkxZnBwaDNiVHJ1TTdRSGcxZHMzTmV0SzFhSVg3bDRpVjFXcWc3aVRFbjhWaGQ2UVBuelBmWHA4VGdsSWMwL1JaUlNwMzRHVCswcUxkMDJHM2IybXVlbjU5UERFL1M0QzlQQkdVNngwTkVpb1FhU2hORHdrMHFPUWpBWVQ5TWh0SmZVS2VzVUhHQlp3WWVDNjluT1JSUlJhZ3A0Zzhkei9pUjgrdVNYMjlqQ2Q5eHRxZmR','2',0),(154,1,'2026-03-24 04:20:31','FACILITY UPDATE::SUCCESS:: DETAILS::{\"facility_id\":6,\"facility_code\":\"JMC\",\"facility_name\":\"Joaquin Chipeco BLDG.\",\"floors\":[\"JMC 1\",\"JMCd 2\",\"JMC 3\"]}','TFdRL2JyYk80OFN6QnkxZnBwaDNiVHJ1TTdRSGcxZHMzTmV0SzFhSVg3bDRpVjFXcWc3aVRFbjhWaGQ2UVBuelBmWHA4VGdsSWMwL1JaUlNwMzRHVCswcUxkMDJHM2IybXVlbjU5UERFL1M0QzlQQkdVNngwTkVpb1FhU2hORHdrMHFPUWpBWVQ5TWh0SmZVS2VzVUhHQlp3WWVDNjluT1JSUlJhZ3A0Zzhkei9pUjgrdVNYMjlqQ2Q5eHRxZmR','2',0),(155,1,'2026-03-24 04:33:40','FACILITY CREATE::SUCCESS:: DETAILS::{\"facility_code\":\"JMC\",\"facility_name\":\"Joaquin Chipeco BLDG.\",\"floors\":[\"JMC 1\",\"JMC 2\",\"JMC 3\"]}','TFdRL2JyYk80OFN6QnkxZnBwaDNiVHJ1TTdRSGcxZHMzTmV0SzFhSVg3bDRpVjFXcWc3aVRFbjhWaGQ2UVBuelBmWHA4VGdsSWMwL1JaUlNwMzRHVCswcUxkMDJHM2IybXVlbjU5UERFL1M0QzlQQkdVNngwTkVpb1FhU2hORHdrMHFPUWpBWVQ5TWh0SmZVS2VzVUhHQlp3WWVDNjluT1JSUlJhZ3A0Zzhkei9pUjgrdVNYMjlqQ2Q5eHRxZmR','2',0),(156,1,'2026-03-24 04:34:02','FACILITY UNIT CREATE::SUCCESS:: DETAILS::{\"facility_id\":7,\"unit_code\":\"LB\",\"unit_name\":\"Library\",\"floor_label\":\"JMC 2\",\"facility_unit_manager_user_ids\":[11]}','TFdRL2JyYk80OFN6QnkxZnBwaDNiVHJ1TTdRSGcxZHMzTmV0SzFhSVg3bDRpVjFXcWc3aVRFbjhWaGQ2UVBuelBmWHA4VGdsSWMwL1JaUlNwMzRHVCswcUxkMDJHM2IybXVlbjU5UERFL1M0QzlQQkdVNngwTkVpb1FhU2hORHdrMHFPUWpBWVQ5TWh0SmZVS2VzVUhHQlp3WWVDNjluT1JSUlJhZ3A0Zzhkei9pUjgrdVNYMjlqQ2Q5eHRxZmR','2',0),(157,1,'2026-03-24 04:34:10','FACILITY UNIT UPDATE::SUCCESS:: DETAILS::{\"unit_id\":6,\"facility_id\":7,\"unit_code\":\"LB\",\"unit_name\":\"Library\",\"floor_label\":\"JMC 1\",\"facility_unit_manager_user_ids\":[11]}','TFdRL2JyYk80OFN6QnkxZnBwaDNiVHJ1TTdRSGcxZHMzTmV0SzFhSVg3bDRpVjFXcWc3aVRFbjhWaGQ2UVBuelBmWHA4VGdsSWMwL1JaUlNwMzRHVCswcUxkMDJHM2IybXVlbjU5UERFL1M0QzlQQkdVNngwTkVpb1FhU2hORHdrMHFPUWpBWVQ5TWh0SmZVS2VzVUhHQlp3WWVDNjluT1JSUlJhZ3A0Zzhkei9pUjgrdVNYMjlqQ2Q5eHRxZmR','2',0),(158,1,'2026-03-24 04:34:14','FACILITY UNIT UPDATE::SUCCESS:: DETAILS::{\"unit_id\":6,\"facility_id\":7,\"unit_code\":\"LB\",\"unit_name\":\"Library\",\"floor_label\":\"JMC 2\",\"facility_unit_manager_user_ids\":[11]}','TFdRL2JyYk80OFN6QnkxZnBwaDNiVHJ1TTdRSGcxZHMzTmV0SzFhSVg3bDRpVjFXcWc3aVRFbjhWaGQ2UVBuelBmWHA4VGdsSWMwL1JaUlNwMzRHVCswcUxkMDJHM2IybXVlbjU5UERFL1M0QzlQQkdVNngwTkVpb1FhU2hORHdrMHFPUWpBWVQ5TWh0SmZVS2VzVUhHQlp3WWVDNjluT1JSUlJhZ3A0Zzhkei9pUjgrdVNYMjlqQ2Q5eHRxZmR','2',0),(159,1,'2026-03-24 04:34:23','FACILITY UNIT UPDATE::SUCCESS:: DETAILS::{\"unit_id\":6,\"facility_id\":7,\"unit_code\":\"LB\",\"unit_name\":\"Library1\",\"floor_label\":\"JMC 2\",\"facility_unit_manager_user_ids\":[11]}','TFdRL2JyYk80OFN6QnkxZnBwaDNiVHJ1TTdRSGcxZHMzTmV0SzFhSVg3bDRpVjFXcWc3aVRFbjhWaGQ2UVBuelBmWHA4VGdsSWMwL1JaUlNwMzRHVCswcUxkMDJHM2IybXVlbjU5UERFL1M0QzlQQkdVNngwTkVpb1FhU2hORHdrMHFPUWpBWVQ5TWh0SmZVS2VzVUhHQlp3WWVDNjluT1JSUlJhZ3A0Zzhkei9pUjgrdVNYMjlqQ2Q5eHRxZmR','2',0),(160,1,'2026-03-25 08:06:10','FACILITY UNIT UPDATE::SUCCESS:: DETAILS::{\"unit_id\":6,\"facility_id\":7,\"unit_code\":\"LB\",\"unit_name\":\"Library\",\"floor_label\":\"JMC 2\",\"facility_unit_manager_user_ids\":[11]}','RTh4alZXb2dwdC9KZkJaZ3pJcDhlYmpXcG5IZm1FcWRjMVd3ZTExNUwxeE1wUXdqZVJab053bW1VTWxkemlwempHYmNKV2h6NzlzT3JpZGhNSU90Qnk4dFdNbWhnMVl3MUVlQzNRTXR5bjZPN0FzRzRKZ3kxZDVwRTB3UkFDTzNWRG5Mci9lcUR5NEliaWdENHl5c3dCQVpBbnpWVS96b0dLVi9OclJYakdRaHBWQmdoQklOaVV5OXR0L2ZqeUd','2',0),(161,1,'2026-03-25 14:30:29','FACILITY UNIT UPDATE::SUCCESS:: DETAILS::{\"unit_id\":6,\"facility_id\":7,\"unit_code\":\"LIRC\",\"unit_name\":\"Library\",\"floor_label\":\"JMC 2\",\"facility_unit_manager_user_ids\":[11]}','Zk5xRis5aEVtNWZpeURjNk1jL0J6S1JWVkVsR2dzMERvUnhGUHV3eUVFRjFrZTBXZTR5VU5KZ203ampjSW53dG1TZHUxckVQL3VhR3ZYOHR0Q3pWNXp6eWhYUlc2czNIYWpnYUxXQkc3TEVvWnJlODQrR1l0SHQrUkRxVDJPLzM5Z1prYW51UWw3Z29IeTFTbW1yV3ZET28yeDkrQURUV0t1enNrTnR5QmpXU2FqQk01Z2hyTWRqNFdxKzJpZnl','2',0),(162,1,'2026-03-25 14:31:20','FACILITY ITEM ASSIGN::SUCCESS:: DETAILS::{\"assignment_id\":17,\"facility_id\":7,\"unit_id\":6,\"module_type\":\"AST\",\"item_code\":\"AST-0000-0002\",\"qty\":1,\"issued_to_user_id\":10,\"accountable_user_id\":10,\"managed_by_user_id\":11}','Zk5xRis5aEVtNWZpeURjNk1jL0J6S1JWVkVsR2dzMERvUnhGUHV3eUVFRjFrZTBXZTR5VU5KZ203ampjSW53dG1TZHUxckVQL3VhR3ZYOHR0Q3pWNXp6eWhYUlc2czNIYWpnYUxXQkc3TEVvWnJlODQrR1l0SHQrUkRxVDJPLzM5Z1prYW51UWw3Z29IeTFTbW1yV3ZET28yeDkrQURUV0t1enNrTnR5QmpXU2FqQk01Z2hyTWRqNFdxKzJpZnl','2',0),(163,1,'2026-03-25 16:04:56','AST CATEGORY ADD CATEGORIES::SUCCESS:: DETAILS::{\"inserted\":1,\"skipped\":0,\"added\":[\"Monitors\"]}','Zk5xRis5aEVtNWZpeURjNk1jL0J6S1JWVkVsR2dzMERvUnhGUHV3eUVFRjFrZTBXZTR5VU5KZ203ampjSW53dG1TZHUxckVQL3VhR3ZYOHR0Q3pWNXp6eWhYUlc2czNIYWpnYUxXQkc3TEVvWnJlODQrR1l0SHQrUkRxVDJPLzM5Z1prYW51UWw3Z29IeTFTbW1yV3ZET28yeDkrQURUV0t1enNrTnR5QmpXU2FqQk01Z2hyTWRqNFdxKzJpZnl','2',0),(164,1,'2026-03-25 16:05:45','AST CATEGORY UPDATE::SUCCESS:: DETAILS::{\"category_id\":1,\"old_name\":\"Monitors\",\"new_name\":\"Monitor Nvision\",\"old_photo\":\"cat_20260325_160456_69c397282f139.png\",\"new_photo\":\"cat_20260325_160456_69c397282f139.png\"}','Zk5xRis5aEVtNWZpeURjNk1jL0J6S1JWVkVsR2dzMERvUnhGUHV3eUVFRjFrZTBXZTR5VU5KZ203ampjSW53dG1TZHUxckVQL3VhR3ZYOHR0Q3pWNXp6eWhYUlc2czNIYWpnYUxXQkc3TEVvWnJlODQrR1l0SHQrUkRxVDJPLzM5Z1prYW51UWw3Z29IeTFTbW1yV3ZET28yeDkrQURUV0t1enNrTnR5QmpXU2FqQk01Z2hyTWRqNFdxKzJpZnl','2',0),(165,1,'2026-03-25 16:08:04','AST ADD ITEM::SUCCESS:: DETAILS::{\"property_code_start\":\"AST-12345-0001\",\"property_code_end\":\"AST-12345-0006\",\"property_number\":\"12345\",\"property_series_start\":1,\"units_created\":6,\"category_id\":1,\"item_description\":\"Nvision N2455PRO-B 100Hz IPS Panel 23.8\\\" Monitor Black\",\"serial_numbers_provided\":6,\"quantity_per_unit\":1,\"unit\":\"Pcs\",\"source_of_fund\":\"John Doe\",\"cost_value\":3495,\"allowed_status\":\"{\\\"none\\\":true}\",\"is_available\":0}','Zk5xRis5aEVtNWZpeURjNk1jL0J6S1JWVkVsR2dzMERvUnhGUHV3eUVFRjFrZTBXZTR5VU5KZ203ampjSW53dG1TZHUxckVQL3VhR3ZYOHR0Q3pWNXp6eWhYUlc2czNIYWpnYUxXQkc3TEVvWnJlODQrR1l0SHQrUkRxVDJPLzM5Z1prYW51UWw3Z29IeTFTbW1yV3ZET28yeDkrQURUV0t1enNrTnR5QmpXU2FqQk01Z2hyTWRqNFdxKzJpZnl','2',0),(166,1,'2026-03-25 16:09:19','AST CATEGORY ADD CATEGORIES::SUCCESS:: DETAILS::{\"inserted\":1,\"skipped\":0,\"added\":[\"Keyboard Logitech\"]}','Zk5xRis5aEVtNWZpeURjNk1jL0J6S1JWVkVsR2dzMERvUnhGUHV3eUVFRjFrZTBXZTR5VU5KZ203ampjSW53dG1TZHUxckVQL3VhR3ZYOHR0Q3pWNXp6eWhYUlc2czNIYWpnYUxXQkc3TEVvWnJlODQrR1l0SHQrUkRxVDJPLzM5Z1prYW51UWw3Z29IeTFTbW1yV3ZET28yeDkrQURUV0t1enNrTnR5QmpXU2FqQk01Z2hyTWRqNFdxKzJpZnl','2',0),(167,1,'2026-03-25 16:10:27','AST ADD ITEM::SUCCESS:: DETAILS::{\"property_code_start\":\"AST-POWIULK-0001\",\"property_code_end\":\"AST-POWIULK-0006\",\"property_number\":\"POWIULK\",\"property_series_start\":1,\"units_created\":6,\"category_id\":2,\"item_description\":\"Logitech G213 Prodigy RGB Gaming Keyboard\",\"serial_numbers_provided\":6,\"quantity_per_unit\":1,\"unit\":\"Pcs\",\"source_of_fund\":\"John Doe\",\"cost_value\":2606,\"allowed_status\":\"{\\\"none\\\":true}\",\"is_available\":0}','Zk5xRis5aEVtNWZpeURjNk1jL0J6S1JWVkVsR2dzMERvUnhGUHV3eUVFRjFrZTBXZTR5VU5KZ203ampjSW53dG1TZHUxckVQL3VhR3ZYOHR0Q3pWNXp6eWhYUlc2czNIYWpnYUxXQkc3TEVvWnJlODQrR1l0SHQrUkRxVDJPLzM5Z1prYW51UWw3Z29IeTFTbW1yV3ZET28yeDkrQURUV0t1enNrTnR5QmpXU2FqQk01Z2hyTWRqNFdxKzJpZnl','2',0),(168,1,'2026-03-25 16:11:32','AST CATEGORY ADD CATEGORIES::SUCCESS:: DETAILS::{\"inserted\":1,\"skipped\":0,\"added\":[\"ASUS Desktop PC\"]}','Zk5xRis5aEVtNWZpeURjNk1jL0J6S1JWVkVsR2dzMERvUnhGUHV3eUVFRjFrZTBXZTR5VU5KZ203ampjSW53dG1TZHUxckVQL3VhR3ZYOHR0Q3pWNXp6eWhYUlc2czNIYWpnYUxXQkc3TEVvWnJlODQrR1l0SHQrUkRxVDJPLzM5Z1prYW51UWw3Z29IeTFTbW1yV3ZET28yeDkrQURUV0t1enNrTnR5QmpXU2FqQk01Z2hyTWRqNFdxKzJpZnl','2',0),(169,1,'2026-03-25 16:11:41','AST CATEGORY UPDATE::SUCCESS:: DETAILS::{\"category_id\":3,\"old_name\":\"ASUS Desktop PC\",\"new_name\":\"ASUS Desktop PC\",\"old_photo\":null,\"new_photo\":\"cat_20260325_161141_69c398bd56249.png\"}','Zk5xRis5aEVtNWZpeURjNk1jL0J6S1JWVkVsR2dzMERvUnhGUHV3eUVFRjFrZTBXZTR5VU5KZ203ampjSW53dG1TZHUxckVQL3VhR3ZYOHR0Q3pWNXp6eWhYUlc2czNIYWpnYUxXQkc3TEVvWnJlODQrR1l0SHQrUkRxVDJPLzM5Z1prYW51UWw3Z29IeTFTbW1yV3ZET28yeDkrQURUV0t1enNrTnR5QmpXU2FqQk01Z2hyTWRqNFdxKzJpZnl','2',0),(170,1,'2026-03-25 16:13:09','AST ADD ITEM::SUCCESS:: DETAILS::{\"property_code_start\":\"AST-FQW23421-0001\",\"property_code_end\":\"AST-FQW23421-0006\",\"property_number\":\"FQW23421\",\"property_series_start\":1,\"units_created\":6,\"category_id\":3,\"item_description\":\"Asus Expertcenter P500mv I5-13420h\\/16gb\\/512gb Ssd Desktop Pc Black One Size \\/ EU Plug 220V\",\"serial_numbers_provided\":6,\"quantity_per_unit\":1,\"unit\":\"Pcs\",\"source_of_fund\":\"Juan Dela Cruz\",\"cost_value\":50000,\"allowed_status\":\"{\\\"none\\\":true}\",\"is_available\":0}','Zk5xRis5aEVtNWZpeURjNk1jL0J6S1JWVkVsR2dzMERvUnhGUHV3eUVFRjFrZTBXZTR5VU5KZ203ampjSW53dG1TZHUxckVQL3VhR3ZYOHR0Q3pWNXp6eWhYUlc2czNIYWpnYUxXQkc3TEVvWnJlODQrR1l0SHQrUkRxVDJPLzM5Z1prYW51UWw3Z29IeTFTbW1yV3ZET28yeDkrQURUV0t1enNrTnR5QmpXU2FqQk01Z2hyTWRqNFdxKzJpZnl','2',0),(171,1,'2026-03-25 16:15:34','AST CATEGORY ADD CATEGORIES::SUCCESS:: DETAILS::{\"inserted\":2,\"skipped\":0,\"added\":[\"Prolink UPS Power Supply\",\"Razer Mouse\"]}','Zk5xRis5aEVtNWZpeURjNk1jL0J6S1JWVkVsR2dzMERvUnhGUHV3eUVFRjFrZTBXZTR5VU5KZ203ampjSW53dG1TZHUxckVQL3VhR3ZYOHR0Q3pWNXp6eWhYUlc2czNIYWpnYUxXQkc3TEVvWnJlODQrR1l0SHQrUkRxVDJPLzM5Z1prYW51UWw3Z29IeTFTbW1yV3ZET28yeDkrQURUV0t1enNrTnR5QmpXU2FqQk01Z2hyTWRqNFdxKzJpZnl','2',0),(172,1,'2026-03-25 16:16:51','AST ADD ITEM::SUCCESS:: DETAILS::{\"property_code_start\":\"AST-134265-0001\",\"property_code_end\":\"AST-134265-0006\",\"property_number\":\"134265\",\"property_series_start\":1,\"units_created\":6,\"category_id\":4,\"item_description\":\"Prolink 650Va 1200Va1500Va 2000Va 3000Va Super Fast Charging Line Interactive Ups Power Supply W\\/ Surge Protector Built In Avr\",\"serial_numbers_provided\":6,\"quantity_per_unit\":1,\"unit\":\"Pcs\",\"source_of_fund\":\"Jan Cedric Ballesteros\",\"cost_value\":1699,\"allowed_status\":\"{\\\"none\\\":true}\",\"is_available\":0}','Zk5xRis5aEVtNWZpeURjNk1jL0J6S1JWVkVsR2dzMERvUnhGUHV3eUVFRjFrZTBXZTR5VU5KZ203ampjSW53dG1TZHUxckVQL3VhR3ZYOHR0Q3pWNXp6eWhYUlc2czNIYWpnYUxXQkc3TEVvWnJlODQrR1l0SHQrUkRxVDJPLzM5Z1prYW51UWw3Z29IeTFTbW1yV3ZET28yeDkrQURUV0t1enNrTnR5QmpXU2FqQk01Z2hyTWRqNFdxKzJpZnl','2',0),(173,1,'2026-03-25 16:17:50','AST ADD ITEM::SUCCESS:: DETAILS::{\"property_code_start\":\"AST-12FWSGA432-0001\",\"property_code_end\":\"AST-12FWSGA432-0006\",\"property_number\":\"12FWSGA432\",\"property_series_start\":1,\"units_created\":6,\"category_id\":5,\"item_description\":\"Razer Cobra Gaming Mouse\",\"serial_numbers_provided\":6,\"quantity_per_unit\":1,\"unit\":\"Pcs\",\"source_of_fund\":\"Jan Cedric Ballesteros\",\"cost_value\":1273,\"allowed_status\":\"{\\\"none\\\":true}\",\"is_available\":0}','Zk5xRis5aEVtNWZpeURjNk1jL0J6S1JWVkVsR2dzMERvUnhGUHV3eUVFRjFrZTBXZTR5VU5KZ203ampjSW53dG1TZHUxckVQL3VhR3ZYOHR0Q3pWNXp6eWhYUlc2czNIYWpnYUxXQkc3TEVvWnJlODQrR1l0SHQrUkRxVDJPLzM5Z1prYW51UWw3Z29IeTFTbW1yV3ZET28yeDkrQURUV0t1enNrTnR5QmpXU2FqQk01Z2hyTWRqNFdxKzJpZnl','2',0),(174,1,'2026-03-25 16:19:23','AST CATEGORY ADD CATEGORIES::SUCCESS:: DETAILS::{\"inserted\":1,\"skipped\":0,\"added\":[\"Lifetime Foldable Table\"]}','Zk5xRis5aEVtNWZpeURjNk1jL0J6S1JWVkVsR2dzMERvUnhGUHV3eUVFRjFrZTBXZTR5VU5KZ203ampjSW53dG1TZHUxckVQL3VhR3ZYOHR0Q3pWNXp6eWhYUlc2czNIYWpnYUxXQkc3TEVvWnJlODQrR1l0SHQrUkRxVDJPLzM5Z1prYW51UWw3Z29IeTFTbW1yV3ZET28yeDkrQURUV0t1enNrTnR5QmpXU2FqQk01Z2hyTWRqNFdxKzJpZnl','2',0),(175,1,'2026-03-25 16:20:58','AST ADD ITEM::SUCCESS:: DETAILS::{\"property_code_start\":\"AST-ASDG2443-0001\",\"property_code_end\":\"AST-ASDG2443-0010\",\"property_number\":\"ASDG2443\",\"property_series_start\":1,\"units_created\":10,\"category_id\":6,\"item_description\":\"Lifetime Foldable Table 5ft\",\"serial_numbers_provided\":0,\"quantity_per_unit\":1,\"unit\":\"Pcs\",\"source_of_fund\":\"Jan Cedric Ballesteros\",\"cost_value\":2199,\"allowed_status\":\"{\\\"none\\\":true}\",\"is_available\":0}','Zk5xRis5aEVtNWZpeURjNk1jL0J6S1JWVkVsR2dzMERvUnhGUHV3eUVFRjFrZTBXZTR5VU5KZ203ampjSW53dG1TZHUxckVQL3VhR3ZYOHR0Q3pWNXp6eWhYUlc2czNIYWpnYUxXQkc3TEVvWnJlODQrR1l0SHQrUkRxVDJPLzM5Z1prYW51UWw3Z29IeTFTbW1yV3ZET28yeDkrQURUV0t1enNrTnR5QmpXU2FqQk01Z2hyTWRqNFdxKzJpZnl','2',0),(176,1,'2026-03-25 16:22:54','AST CATEGORY ADD CATEGORIES::SUCCESS:: DETAILS::{\"inserted\":1,\"skipped\":0,\"added\":[\"Filling Cabinet 4 drawer\"]}','Zk5xRis5aEVtNWZpeURjNk1jL0J6S1JWVkVsR2dzMERvUnhGUHV3eUVFRjFrZTBXZTR5VU5KZ203ampjSW53dG1TZHUxckVQL3VhR3ZYOHR0Q3pWNXp6eWhYUlc2czNIYWpnYUxXQkc3TEVvWnJlODQrR1l0SHQrUkRxVDJPLzM5Z1prYW51UWw3Z29IeTFTbW1yV3ZET28yeDkrQURUV0t1enNrTnR5QmpXU2FqQk01Z2hyTWRqNFdxKzJpZnl','2',0),(177,1,'2026-03-25 16:24:48','AST ADD ITEM::SUCCESS:: DETAILS::{\"property_code_start\":\"AST-4322FC-0001\",\"property_code_end\":\"AST-4322FC-0004\",\"property_number\":\"4322FC\",\"property_series_start\":1,\"units_created\":4,\"category_id\":7,\"item_description\":\"4 Drawer Steel Lateral Filing Cabinet beige\",\"serial_numbers_provided\":0,\"quantity_per_unit\":1,\"unit\":\"Pcs\",\"source_of_fund\":\"John Doe\",\"cost_value\":11700,\"allowed_status\":\"{\\\"none\\\":true}\",\"is_available\":0}','Zk5xRis5aEVtNWZpeURjNk1jL0J6S1JWVkVsR2dzMERvUnhGUHV3eUVFRjFrZTBXZTR5VU5KZ203ampjSW53dG1TZHUxckVQL3VhR3ZYOHR0Q3pWNXp6eWhYUlc2czNIYWpnYUxXQkc3TEVvWnJlODQrR1l0SHQrUkRxVDJPLzM5Z1prYW51UWw3Z29IeTFTbW1yV3ZET28yeDkrQURUV0t1enNrTnR5QmpXU2FqQk01Z2hyTWRqNFdxKzJpZnl','2',0),(178,1,'2026-03-25 16:29:59','AST CATEGORY ADD CATEGORIES::SUCCESS:: DETAILS::{\"inserted\":1,\"skipped\":0,\"added\":[\"Intel i5 PC Set\"]}','Zk5xRis5aEVtNWZpeURjNk1jL0J6S1JWVkVsR2dzMERvUnhGUHV3eUVFRjFrZTBXZTR5VU5KZ203ampjSW53dG1TZHUxckVQL3VhR3ZYOHR0Q3pWNXp6eWhYUlc2czNIYWpnYUxXQkc3TEVvWnJlODQrR1l0SHQrUkRxVDJPLzM5Z1prYW51UWw3Z29IeTFTbW1yV3ZET28yeDkrQURUV0t1enNrTnR5QmpXU2FqQk01Z2hyTWRqNFdxKzJpZnl','2',0),(179,1,'2026-03-25 16:36:12','AST ADD ITEM::SUCCESS:: DETAILS::{\"property_code_start\":\"AST-ASDFG2E-0001\",\"property_code_end\":\"AST-ASDFG2E-0036\",\"property_number\":\"ASDFG2E\",\"property_series_start\":1,\"units_created\":36,\"category_id\":8,\"item_description\":\"Intel Core i5 Desktop Computer Quad-Core 8 Thread 16GB RAM 512GB SSD Full Set Pc Computer (Pc, Monitor, Mouse, Keyboard)\",\"serial_numbers_provided\":36,\"quantity_per_unit\":1,\"unit\":\"set\",\"source_of_fund\":\"Jan Cedric Ballesteros\",\"cost_value\":6670,\"allowed_status\":\"{\\\"none\\\":true}\",\"is_available\":0}','Zk5xRis5aEVtNWZpeURjNk1jL0J6S1JWVkVsR2dzMERvUnhGUHV3eUVFRjFrZTBXZTR5VU5KZ203ampjSW53dG1TZHUxckVQL3VhR3ZYOHR0Q3pWNXp6eWhYUlc2czNIYWpnYUxXQkc3TEVvWnJlODQrR1l0SHQrUkRxVDJPLzM5Z1prYW51UWw3Z29IeTFTbW1yV3ZET28yeDkrQURUV0t1enNrTnR5QmpXU2FqQk01Z2hyTWRqNFdxKzJpZnl','2',0),(180,1,'2026-03-25 16:41:31','AST CATEGORY ADD CATEGORIES::SUCCESS:: DETAILS::{\"inserted\":1,\"skipped\":0,\"added\":[\"Monoblock Black\"]}','Zk5xRis5aEVtNWZpeURjNk1jL0J6S1JWVkVsR2dzMERvUnhGUHV3eUVFRjFrZTBXZTR5VU5KZ203ampjSW53dG1TZHUxckVQL3VhR3ZYOHR0Q3pWNXp6eWhYUlc2czNIYWpnYUxXQkc3TEVvWnJlODQrR1l0SHQrUkRxVDJPLzM5Z1prYW51UWw3Z29IeTFTbW1yV3ZET28yeDkrQURUV0t1enNrTnR5QmpXU2FqQk01Z2hyTWRqNFdxKzJpZnl','2',0),(181,1,'2026-03-25 16:46:24','AST ADD ITEM::SUCCESS:: DETAILS::{\"property_code_start\":\"AST-1234651-0001\",\"property_code_end\":\"AST-1234651-0050\",\"property_number\":\"1234651\",\"property_series_start\":1,\"units_created\":50,\"category_id\":9,\"item_description\":\"Uratex Monoblock 101 Classic Chair\",\"serial_numbers_provided\":0,\"quantity_per_unit\":1,\"unit\":\"Pcs\",\"source_of_fund\":\"John Doe\",\"cost_value\":300,\"allowed_status\":\"{\\\"none\\\":true}\",\"is_available\":0}','Zk5xRis5aEVtNWZpeURjNk1jL0J6S1JWVkVsR2dzMERvUnhGUHV3eUVFRjFrZTBXZTR5VU5KZ203ampjSW53dG1TZHUxckVQL3VhR3ZYOHR0Q3pWNXp6eWhYUlc2czNIYWpnYUxXQkc3TEVvWnJlODQrR1l0SHQrUkRxVDJPLzM5Z1prYW51UWw3Z29IeTFTbW1yV3ZET28yeDkrQURUV0t1enNrTnR5QmpXU2FqQk01Z2hyTWRqNFdxKzJpZnl','2',0),(182,1,'2026-03-25 16:49:46','FACILITY UNIT CREATE::SUCCESS:: DETAILS::{\"facility_id\":7,\"unit_code\":\"LIRC\",\"unit_name\":\"Library\",\"floor_label\":\"JMC 2\",\"facility_unit_manager_user_ids\":[3,11]}','Zk5xRis5aEVtNWZpeURjNk1jL0J6S1JWVkVsR2dzMERvUnhGUHV3eUVFRjFrZTBXZTR5VU5KZ203ampjSW53dG1TZHUxckVQL3VhR3ZYOHR0Q3pWNXp6eWhYUlc2czNIYWpnYUxXQkc3TEVvWnJlODQrR1l0SHQrUkRxVDJPLzM5Z1prYW51UWw3Z29IeTFTbW1yV3ZET28yeDkrQURUV0t1enNrTnR5QmpXU2FqQk01Z2hyTWRqNFdxKzJpZnl','2',0),(183,1,'2026-03-25 16:50:46','FACILITY UNIT CREATE::SUCCESS:: DETAILS::{\"facility_id\":7,\"unit_code\":\"REG\",\"unit_name\":\"Registrar\",\"floor_label\":\"JMC 1\",\"facility_unit_manager_user_ids\":[3,5]}','Zk5xRis5aEVtNWZpeURjNk1jL0J6S1JWVkVsR2dzMERvUnhGUHV3eUVFRjFrZTBXZTR5VU5KZ203ampjSW53dG1TZHUxckVQL3VhR3ZYOHR0Q3pWNXp6eWhYUlc2czNIYWpnYUxXQkc3TEVvWnJlODQrR1l0SHQrUkRxVDJPLzM5Z1prYW51UWw3Z29IeTFTbW1yV3ZET28yeDkrQURUV0t1enNrTnR5QmpXU2FqQk01Z2hyTWRqNFdxKzJpZnl','2',0),(184,1,'2026-03-25 16:51:36','FACILITY CREATE::SUCCESS:: DETAILS::{\"facility_code\":\"R\",\"facility_name\":\"Rizal Building\",\"floors\":[]}','Zk5xRis5aEVtNWZpeURjNk1jL0J6S1JWVkVsR2dzMERvUnhGUHV3eUVFRjFrZTBXZTR5VU5KZ203ampjSW53dG1TZHUxckVQL3VhR3ZYOHR0Q3pWNXp6eWhYUlc2czNIYWpnYUxXQkc3TEVvWnJlODQrR1l0SHQrUkRxVDJPLzM5Z1prYW51UWw3Z29IeTFTbW1yV3ZET28yeDkrQURUV0t1enNrTnR5QmpXU2FqQk01Z2hyTWRqNFdxKzJpZnl','2',0),(185,1,'2026-03-25 16:52:23','FACILITY UNIT CREATE::SUCCESS:: DETAILS::{\"facility_id\":8,\"unit_code\":\"FC DCI\",\"unit_name\":\"Faculty DCI\",\"floor_label\":null,\"facility_unit_manager_user_ids\":[3,7]}','Zk5xRis5aEVtNWZpeURjNk1jL0J6S1JWVkVsR2dzMERvUnhGUHV3eUVFRjFrZTBXZTR5VU5KZ203ampjSW53dG1TZHUxckVQL3VhR3ZYOHR0Q3pWNXp6eWhYUlc2czNIYWpnYUxXQkc3TEVvWnJlODQrR1l0SHQrUkRxVDJPLzM5Z1prYW51UWw3Z29IeTFTbW1yV3ZET28yeDkrQURUV0t1enNrTnR5QmpXU2FqQk01Z2hyTWRqNFdxKzJpZnl','2',0),(186,1,'2026-03-25 16:55:15','FACILITY UPDATE::SUCCESS:: DETAILS::{\"facility_id\":1,\"facility_code\":\"AB\",\"facility_name\":\"Admin Building\",\"floors\":[\"Left wing\",\"RIght wing\",\"Main\"]}','Zk5xRis5aEVtNWZpeURjNk1jL0J6S1JWVkVsR2dzMERvUnhGUHV3eUVFRjFrZTBXZTR5VU5KZ203ampjSW53dG1TZHUxckVQL3VhR3ZYOHR0Q3pWNXp6eWhYUlc2czNIYWpnYUxXQkc3TEVvWnJlODQrR1l0SHQrUkRxVDJPLzM5Z1prYW51UWw3Z29IeTFTbW1yV3ZET28yeDkrQURUV0t1enNrTnR5QmpXU2FqQk01Z2hyTWRqNFdxKzJpZnl','2',0),(187,1,'2026-03-25 16:56:51','FACILITY UNIT CREATE::SUCCESS:: DETAILS::{\"facility_id\":1,\"unit_code\":\"MISD\",\"unit_name\":\"Management Information System Department\",\"floor_label\":\"Left wing\",\"facility_unit_manager_user_ids\":[3,1]}','Zk5xRis5aEVtNWZpeURjNk1jL0J6S1JWVkVsR2dzMERvUnhGUHV3eUVFRjFrZTBXZTR5VU5KZ203ampjSW53dG1TZHUxckVQL3VhR3ZYOHR0Q3pWNXp6eWhYUlc2czNIYWpnYUxXQkc3TEVvWnJlODQrR1l0SHQrUkRxVDJPLzM5Z1prYW51UWw3Z29IeTFTbW1yV3ZET28yeDkrQURUV0t1enNrTnR5QmpXU2FqQk01Z2hyTWRqNFdxKzJpZnl','2',0),(188,1,'2026-03-25 17:19:11','AST BULK SET AVAILABLE RULES::SUCCESS:: DETAILS::{\"count\":50,\"property_codes\":[\"AST-1234651-0050\",\"AST-1234651-0049\",\"AST-1234651-0048\",\"AST-1234651-0047\",\"AST-1234651-0046\",\"AST-1234651-0045\",\"AST-1234651-0044\",\"AST-1234651-0043\",\"AST-1234651-0042\",\"AST-1234651-0041\",\"AST-1234651-0040\",\"AST-1234651-0039\",\"AST-1234651-0038\",\"AST-1234651-0037\",\"AST-1234651-0036\",\"AST-1234651-0035\",\"AST-1234651-0034\",\"AST-1234651-0033\",\"AST-1234651-0032\",\"AST-1234651-0031\",\"AST-1234651-0030\",\"AST-1234651-0029\",\"AST-1234651-0028\",\"AST-1234651-0027\",\"AST-1234651-0026\",\"AST-1234651-0025\",\"AST-1234651-0024\",\"AST-1234651-0023\",\"AST-1234651-0022\",\"AST-1234651-0021\",\"AST-1234651-0020\",\"AST-1234651-0019\",\"AST-1234651-0018\",\"AST-1234651-0017\",\"AST-1234651-0016\",\"AST-1234651-0015\",\"AST-1234651-0014\",\"AST-1234651-0013\",\"AST-1234651-0012\",\"AST-1234651-0011\",\"AST-1234651-0010\",\"AST-1234651-0009\",\"AST-1234651-0008\",\"AST-1234651-0007\",\"AST-1234651-0006\",\"AST-1234651-0005\",\"AST-1234651-0004\",\"AST-1234651-0003\",\"AST-1234651-0002\",\"AST-1234651-0001\"],\"allowed_status\":\"{\\\"teaching\\\":[1,2,3],\\\"non_teaching\\\":[1]}\"}','Zk5xRis5aEVtNWZpeURjNk1jL0J6S1JWVkVsR2dzMERvUnhGUHV3eUVFRjFrZTBXZTR5VU5KZ203ampjSW53dG1TZHUxckVQL3VhR3ZYOHR0Q3pWNXp6eWhYUlc2czNIYWpnYUxXQkc3TEVvWnJlODQrR1l0SHQrUkRxVDJPLzM5Z1prYW51UWw3Z29IeTFTbW1yV3ZET28yeDkrQURUV0t1enNrTnR5QmpXU2FqQk01Z2hyTWRqNFdxKzJpZnl','2',0),(189,1,'2026-03-25 17:20:46','AST BULK SET AVAILABLE RULES::SUCCESS:: DETAILS::{\"count\":36,\"property_codes\":[\"AST-ASDFG2E-0036\",\"AST-ASDFG2E-0035\",\"AST-ASDFG2E-0034\",\"AST-ASDFG2E-0033\",\"AST-ASDFG2E-0032\",\"AST-ASDFG2E-0031\",\"AST-ASDFG2E-0030\",\"AST-ASDFG2E-0029\",\"AST-ASDFG2E-0028\",\"AST-ASDFG2E-0027\",\"AST-ASDFG2E-0026\",\"AST-ASDFG2E-0025\",\"AST-ASDFG2E-0024\",\"AST-ASDFG2E-0023\",\"AST-ASDFG2E-0022\",\"AST-ASDFG2E-0021\",\"AST-ASDFG2E-0020\",\"AST-ASDFG2E-0019\",\"AST-ASDFG2E-0018\",\"AST-ASDFG2E-0017\",\"AST-ASDFG2E-0016\",\"AST-ASDFG2E-0015\",\"AST-ASDFG2E-0014\",\"AST-ASDFG2E-0013\",\"AST-ASDFG2E-0012\",\"AST-ASDFG2E-0011\",\"AST-ASDFG2E-0010\",\"AST-ASDFG2E-0009\",\"AST-ASDFG2E-0008\",\"AST-ASDFG2E-0007\",\"AST-ASDFG2E-0006\",\"AST-ASDFG2E-0005\",\"AST-ASDFG2E-0004\",\"AST-ASDFG2E-0003\",\"AST-ASDFG2E-0002\",\"AST-ASDFG2E-0001\"],\"allowed_status\":\"{\\\"teaching\\\":[1,2],\\\"non_teaching\\\":[]}\"}','Zk5xRis5aEVtNWZpeURjNk1jL0J6S1JWVkVsR2dzMERvUnhGUHV3eUVFRjFrZTBXZTR5VU5KZ203ampjSW53dG1TZHUxckVQL3VhR3ZYOHR0Q3pWNXp6eWhYUlc2czNIYWpnYUxXQkc3TEVvWnJlODQrR1l0SHQrUkRxVDJPLzM5Z1prYW51UWw3Z29IeTFTbW1yV3ZET28yeDkrQURUV0t1enNrTnR5QmpXU2FqQk01Z2hyTWRqNFdxKzJpZnl','2',0),(190,1,'2026-03-25 17:21:08','AST BULK SET AVAILABLE RULES::SUCCESS:: DETAILS::{\"count\":4,\"property_codes\":[\"AST-4322FC-0004\",\"AST-4322FC-0003\",\"AST-4322FC-0002\",\"AST-4322FC-0001\"],\"allowed_status\":\"{\\\"teaching\\\":[1],\\\"non_teaching\\\":[1]}\"}','Zk5xRis5aEVtNWZpeURjNk1jL0J6S1JWVkVsR2dzMERvUnhGUHV3eUVFRjFrZTBXZTR5VU5KZ203ampjSW53dG1TZHUxckVQL3VhR3ZYOHR0Q3pWNXp6eWhYUlc2czNIYWpnYUxXQkc3TEVvWnJlODQrR1l0SHQrUkRxVDJPLzM5Z1prYW51UWw3Z29IeTFTbW1yV3ZET28yeDkrQURUV0t1enNrTnR5QmpXU2FqQk01Z2hyTWRqNFdxKzJpZnl','2',0),(191,1,'2026-03-25 17:22:19','AST BULK SET AVAILABLE RULES::SUCCESS:: DETAILS::{\"count\":10,\"property_codes\":[\"AST-ASDG2443-0010\",\"AST-ASDG2443-0009\",\"AST-ASDG2443-0008\",\"AST-ASDG2443-0007\",\"AST-ASDG2443-0006\",\"AST-ASDG2443-0005\",\"AST-ASDG2443-0004\",\"AST-ASDG2443-0003\",\"AST-ASDG2443-0002\",\"AST-ASDG2443-0001\"],\"allowed_status\":\"{\\\"teaching\\\":[1,2,3],\\\"non_teaching\\\":[1,2,3]}\"}','Zk5xRis5aEVtNWZpeURjNk1jL0J6S1JWVkVsR2dzMERvUnhGUHV3eUVFRjFrZTBXZTR5VU5KZ203ampjSW53dG1TZHUxckVQL3VhR3ZYOHR0Q3pWNXp6eWhYUlc2czNIYWpnYUxXQkc3TEVvWnJlODQrR1l0SHQrUkRxVDJPLzM5Z1prYW51UWw3Z29IeTFTbW1yV3ZET28yeDkrQURUV0t1enNrTnR5QmpXU2FqQk01Z2hyTWRqNFdxKzJpZnl','2',0),(192,1,'2026-03-25 17:32:19','AST BULK SET AVAILABLE RULES::SUCCESS:: DETAILS::{\"count\":6,\"property_codes\":[\"AST-12FWSGA432-0006\",\"AST-12FWSGA432-0005\",\"AST-12FWSGA432-0004\",\"AST-12FWSGA432-0003\",\"AST-12FWSGA432-0002\",\"AST-12FWSGA432-0001\"],\"allowed_status\":\"{\\\"teaching\\\":[1,2,3],\\\"non_teaching\\\":[1,2,3]}\"}','Zk5xRis5aEVtNWZpeURjNk1jL0J6S1JWVkVsR2dzMERvUnhGUHV3eUVFRjFrZTBXZTR5VU5KZ203ampjSW53dG1TZHUxckVQL3VhR3ZYOHR0Q3pWNXp6eWhYUlc2czNIYWpnYUxXQkc3TEVvWnJlODQrR1l0SHQrUkRxVDJPLzM5Z1prYW51UWw3Z29IeTFTbW1yV3ZET28yeDkrQURUV0t1enNrTnR5QmpXU2FqQk01Z2hyTWRqNFdxKzJpZnl','2',0),(193,1,'2026-03-25 17:36:58','AST BULK SET AVAILABLE RULES::SUCCESS:: DETAILS::{\"count\":24,\"property_codes\":[\"AST-134265-0006\",\"AST-134265-0005\",\"AST-134265-0004\",\"AST-134265-0003\",\"AST-134265-0002\",\"AST-134265-0001\",\"AST-FQW23421-0006\",\"AST-FQW23421-0005\",\"AST-FQW23421-0004\",\"AST-FQW23421-0003\",\"AST-FQW23421-0002\",\"AST-FQW23421-0001\",\"AST-POWIULK-0006\",\"AST-POWIULK-0005\",\"AST-POWIULK-0004\",\"AST-POWIULK-0003\",\"AST-POWIULK-0002\",\"AST-POWIULK-0001\",\"AST-12345-0006\",\"AST-12345-0005\",\"AST-12345-0004\",\"AST-12345-0003\",\"AST-12345-0002\",\"AST-12345-0001\"],\"allowed_status\":\"{\\\"teaching\\\":[1],\\\"non_teaching\\\":[]}\"}','Zk5xRis5aEVtNWZpeURjNk1jL0J6S1JWVkVsR2dzMERvUnhGUHV3eUVFRjFrZTBXZTR5VU5KZ203ampjSW53dG1TZHUxckVQL3VhR3ZYOHR0Q3pWNXp6eWhYUlc2czNIYWpnYUxXQkc3TEVvWnJlODQrR1l0SHQrUkRxVDJPLzM5Z1prYW51UWw3Z29IeTFTbW1yV3ZET28yeDkrQURUV0t1enNrTnR5QmpXU2FqQk01Z2hyTWRqNFdxKzJpZnl','2',0),(194,1,'2026-03-25 17:38:06','FACILITY ITEM ASSIGN::SUCCESS:: DETAILS::{\"assignment_id\":1,\"facility_id\":1,\"unit_id\":4,\"module_type\":\"AST\",\"item_code\":\"AST-ASDFG2E-0001\",\"qty\":1,\"issued_to_user_id\":3,\"accountable_user_id\":3,\"managed_by_user_id\":1}','Zk5xRis5aEVtNWZpeURjNk1jL0J6S1JWVkVsR2dzMERvUnhGUHV3eUVFRjFrZTBXZTR5VU5KZ203ampjSW53dG1TZHUxckVQL3VhR3ZYOHR0Q3pWNXp6eWhYUlc2czNIYWpnYUxXQkc3TEVvWnJlODQrR1l0SHQrUkRxVDJPLzM5Z1prYW51UWw3Z29IeTFTbW1yV3ZET28yeDkrQURUV0t1enNrTnR5QmpXU2FqQk01Z2hyTWRqNFdxKzJpZnl','2',0),(195,1,'2026-03-26 07:04:25','AST CATEGORY ADD CATEGORIES::SUCCESS:: DETAILS::{\"inserted\":1,\"skipped\":0,\"added\":[\"Test Category\"]}','Zk5xRis5aEVtNWZpeURjNk1jL0J6S1JWVkVsR2dzMERvUnhGUHV3eUVFRjFrZTBXZTR5VU5KZ203ampjSW53dG1TZHUxckVQL3VhR3ZYOHR0Q3pWNXp6eWhYUlc2czNIYWpnYUxXQkc3TEVvWnJlODQrR1l0SHQrUkRxVDJPLzM5Z1prYW51UWw3Z29IeTFTbW1yV3ZET28yeDkrQURUV0t1enNrTnR5QmpXU2FqQk01Z2hyTWRqNFdxKzJpZnl','2',0),(196,1,'2026-03-26 08:00:25','FACILITY UNIT UPDATE::SUCCESS:: DETAILS::{\"unit_id\":4,\"facility_id\":1,\"unit_code\":\"MISD\",\"unit_name\":\"Management Information System Department\",\"floor_label\":\"Left wing\",\"facility_unit_manager_user_ids\":[1,3]}','Zk5xRis5aEVtNWZpeURjNk1jL0J6S1JWVkVsR2dzMERvUnhGUHV3eUVFRjFrZTBXZTR5VU5KZ203ampjSW53dG1TZHUxckVQL3VhR3ZYOHR0Q3pWNXp6eWhYUlc2czNIYWpnYUxXQkc3TEVvWnJlODQrR1l0SHQrUkRxVDJPLzM5Z1prYW51UWw3Z29IeTFTbW1yV3ZET28yeDkrQURUV0t1enNrTnR5QmpXU2FqQk01Z2hyTWRqNFdxKzJpZnl','2',0),(197,1,'2026-03-26 08:00:47','FACILITY UNIT UPDATE::SUCCESS:: DETAILS::{\"unit_id\":1,\"facility_id\":7,\"unit_code\":\"LIRC\",\"unit_name\":\"Library\",\"floor_label\":\"JMC 2\",\"facility_unit_manager_user_ids\":[11,3]}','Zk5xRis5aEVtNWZpeURjNk1jL0J6S1JWVkVsR2dzMERvUnhGUHV3eUVFRjFrZTBXZTR5VU5KZ203ampjSW53dG1TZHUxckVQL3VhR3ZYOHR0Q3pWNXp6eWhYUlc2czNIYWpnYUxXQkc3TEVvWnJlODQrR1l0SHQrUkRxVDJPLzM5Z1prYW51UWw3Z29IeTFTbW1yV3ZET28yeDkrQURUV0t1enNrTnR5QmpXU2FqQk01Z2hyTWRqNFdxKzJpZnl','2',0),(198,1,'2026-03-26 08:25:07','FACILITY UPDATE::SUCCESS:: DETAILS::{\"facility_id\":8,\"facility_code\":\"R\",\"facility_name\":\"Rizal Building\",\"floors\":[\"Main\"]}','Zk5xRis5aEVtNWZpeURjNk1jL0J6S1JWVkVsR2dzMERvUnhGUHV3eUVFRjFrZTBXZTR5VU5KZ203ampjSW53dG1TZHUxckVQL3VhR3ZYOHR0Q3pWNXp6eWhYUlc2czNIYWpnYUxXQkc3TEVvWnJlODQrR1l0SHQrUkRxVDJPLzM5Z1prYW51UWw3Z29IeTFTbW1yV3ZET28yeDkrQURUV0t1enNrTnR5QmpXU2FqQk01Z2hyTWRqNFdxKzJpZnl','2',0),(199,1,'2026-03-26 08:25:18','FACILITY UNIT UPDATE::SUCCESS:: DETAILS::{\"unit_id\":3,\"facility_id\":8,\"unit_code\":\"FC DCI\",\"unit_name\":\"Faculty DCI\",\"floor_label\":\"Main\",\"facility_unit_manager_user_ids\":[7,3]}','Zk5xRis5aEVtNWZpeURjNk1jL0J6S1JWVkVsR2dzMERvUnhGUHV3eUVFRjFrZTBXZTR5VU5KZ203ampjSW53dG1TZHUxckVQL3VhR3ZYOHR0Q3pWNXp6eWhYUlc2czNIYWpnYUxXQkc3TEVvWnJlODQrR1l0SHQrUkRxVDJPLzM5Z1prYW51UWw3Z29IeTFTbW1yV3ZET28yeDkrQURUV0t1enNrTnR5QmpXU2FqQk01Z2hyTWRqNFdxKzJpZnl','2',0),(200,1,'2026-03-26 08:51:36','AST BULK SET AVAILABLE RULES::SUCCESS:: DETAILS::{\"count\":36,\"property_codes\":[\"AST-ASDFG2E-0036\",\"AST-ASDFG2E-0035\",\"AST-ASDFG2E-0034\",\"AST-ASDFG2E-0033\",\"AST-ASDFG2E-0032\",\"AST-ASDFG2E-0031\",\"AST-ASDFG2E-0030\",\"AST-ASDFG2E-0029\",\"AST-ASDFG2E-0028\",\"AST-ASDFG2E-0027\",\"AST-ASDFG2E-0026\",\"AST-ASDFG2E-0025\",\"AST-ASDFG2E-0024\",\"AST-ASDFG2E-0023\",\"AST-ASDFG2E-0022\",\"AST-ASDFG2E-0021\",\"AST-ASDFG2E-0020\",\"AST-ASDFG2E-0019\",\"AST-ASDFG2E-0018\",\"AST-ASDFG2E-0017\",\"AST-ASDFG2E-0016\",\"AST-ASDFG2E-0015\",\"AST-ASDFG2E-0014\",\"AST-ASDFG2E-0013\",\"AST-ASDFG2E-0012\",\"AST-ASDFG2E-0011\",\"AST-ASDFG2E-0010\",\"AST-ASDFG2E-0009\",\"AST-ASDFG2E-0008\",\"AST-ASDFG2E-0007\",\"AST-ASDFG2E-0006\",\"AST-ASDFG2E-0005\",\"AST-ASDFG2E-0004\",\"AST-ASDFG2E-0003\",\"AST-ASDFG2E-0002\",\"AST-ASDFG2E-0001\"],\"allowed_status\":\"{\\\"teaching\\\":[1],\\\"non_teaching\\\":[]}\"}','Zk5xRis5aEVtNWZpeURjNk1jL0J6S1JWVkVsR2dzMERvUnhGUHV3eUVFRjFrZTBXZTR5VU5KZ203ampjSW53dG1TZHUxckVQL3VhR3ZYOHR0Q3pWNXp6eWhYUlc2czNIYWpnYUxXQkc3TEVvWnJlODQrR1l0SHQrUkRxVDJPLzM5Z1prYW51UWw3Z29IeTFTbW1yV3ZET28yeDkrQURUV0t1enNrTnR5QmpXU2FqQk01Z2hyTWRqNFdxKzJpZnl','2',0),(201,1,'2026-03-26 15:03:03','AST CATEGORY ADD CATEGORIES::SUCCESS:: DETAILS::{\"inserted\":1,\"skipped\":0,\"added\":[\"testing\"]}','eWpZRGJaU0hwOVhRVjlIbmx0UlgzaEVGeGVYM2dBSGJ4UjBLQ3RaVGFYczRvUmdxQnlGeWJhSERySElNbE5VY29XOUhjN0kvTVhoanV0TlJOS0gzanFQUGxMZUFTcnF4QW5BYUpqQ0hPTml2ZHkvRHp3RzAwaUQvQ1VNclhnbERZd2pPUXA0SVZNcjQ0SGxwK0VtTHR5cCtoUWxlVUtpbWlpZHVWZFh0OTJrSVcxQkRYT0NaSVJDUTNJMTdVUFJ','2',0),(202,1,'2026-03-30 10:53:42','AST CATEGORY ADD CATEGORIES::SUCCESS:: DETAILS::{\"inserted\":0,\"skipped\":1,\"not_added\":[\"testing (duplicate)\"]}','TGhJWklsbEkxUU5MRmJJL08rczYrMWpyZUpnZEdiS0d5NnhWQ251VWNBUTUyTEtieUJXR2pTc1V6WWwzdktvendrOVdOeVFsdUs5c2tZZndyR0dvQWpVYVBYVDlvdzZMWGlwVkkxQjJ6VjVSdnRGQUtRYTdUWjlZcE1TaVFDRGFwdy9YK28xWGlHRks1L2dCSVZCTmxPeGcvTms2YWYxQUxBUEFwZ2ZYSlFXc3N6UzBEYUZJY1lDZmRCcndiWHh','2',0),(203,1,'2026-03-30 10:59:04','AST ADD ITEM::SUCCESS:: DETAILS::{\"property_code_start\":\"AST-5455454R4WERWERRWERWERWERWERWERWE-0001\",\"property_code_end\":\"AST-5455454R4WERWERRWERWERWERWERWERWE-0051\",\"property_number\":\"5455454R4WERWERRWERWERWERWERWERWE\",\"property_series_start\":1,\"units_created\":51,\"category_id\":11,\"item_description\":\"rb se bw ew e\",\"serial_numbers_provided\":0,\"quantity_per_unit\":1,\"unit\":\"Pcs\",\"source_of_fund\":\"\",\"cost_value\":null,\"allowed_status\":\"{\\\"none\\\":true}\",\"is_available\":0}','TGhJWklsbEkxUU5MRmJJL08rczYrMWpyZUpnZEdiS0d5NnhWQ251VWNBUTUyTEtieUJXR2pTc1V6WWwzdktvendrOVdOeVFsdUs5c2tZZndyR0dvQWpVYVBYVDlvdzZMWGlwVkkxQjJ6VjVSdnRGQUtRYTdUWjlZcE1TaVFDRGFwdy9YK28xWGlHRks1L2dCSVZCTmxPeGcvTms2YWYxQUxBUEFwZ2ZYSlFXc3N6UzBEYUZJY1lDZmRCcndiWHh','2',0),(204,1,'2026-03-30 16:54:24','AST ADD ITEM::SUCCESS:: DETAILS::{\"property_code_start\":\"AST-F-ASDF-0001\",\"property_code_end\":\"AST-F-ASDF-0001\",\"property_number\":\"F-ASDF\",\"property_series_start\":1,\"units_created\":1,\"category_id\":7,\"item_description\":\"asdf\",\"serial_numbers_provided\":0,\"quantity_per_unit\":1,\"unit\":\"Pcs\",\"source_of_fund\":\"\",\"cost_value\":null,\"allowed_status\":\"{\\\"none\\\":true}\",\"is_available\":0}','ekpYdFp6UXIxeVhZSUduampacmVnT0EybXJhcU5WeFNQYTV2NHUyQkdOMzViVUVLeFhyU1FzVy9kMFZsaFlrTDhjcjEyWWFPM3RZNEZBOHE3QjB2REpwek9qaE5zRXRUQjhaK2lNMCtLTlRYdS9vZDduOU5UMGJLN01LU090b0ZMMHI5aTJITlV3ZkwybVpGVjZiNjdoQ0pPaGdud1VFakVjNE1teTJuUFFzK0ZLZVo1dnJBMEd4dWgrMVM0cjk','2',0),(205,1,'2026-03-31 09:39:02','AST CATEGORY ADD CATEGORIES::SUCCESS:: DETAILS::{\"inserted\":0,\"skipped\":1,\"not_added\":[\"testing (duplicate)\"]}','enFJUGY1bWMreGZYbFlVV0NranBKK0phd0gwdkVtc3Fsa3RMdVdhYzVjTEQwV21BVU9ScUZVQm91R01GbzJMeDdXdTlTNkIvbGdqa2pXMTR0dUprN0JzSGY3MFdZQzVva1JUSE9FSHhzVlpTL1lOd1RuRmgwSDRaVWlUVnVhczJCaHFnZEc3TGpreVNaTjFFSEdOUGIwdUtuOVI3ZlFyV3FCY1BFY0pJbExqclphaGVDdjZlaEtZaEp1eldRbVl','2',0),(206,1,'2026-03-31 09:39:12','AST CATEGORY ADD CATEGORIES::SUCCESS:: DETAILS::{\"inserted\":1,\"skipped\":0,\"added\":[\"testinglang\"]}','enFJUGY1bWMreGZYbFlVV0NranBKK0phd0gwdkVtc3Fsa3RMdVdhYzVjTEQwV21BVU9ScUZVQm91R01GbzJMeDdXdTlTNkIvbGdqa2pXMTR0dUprN0JzSGY3MFdZQzVva1JUSE9FSHhzVlpTL1lOd1RuRmgwSDRaVWlUVnVhczJCaHFnZEc3TGpreVNaTjFFSEdOUGIwdUtuOVI3ZlFyV3FCY1BFY0pJbExqclphaGVDdjZlaEtZaEp1eldRbVl','2',0),(207,1,'2026-03-31 09:52:57','AST ADD ITEM::SUCCESS:: DETAILS::{\"property_code_start\":\"AST-POWIULK-0007\",\"property_code_end\":\"AST-POWIULK-0007\",\"property_number\":\"POWIULK\",\"property_series_start\":7,\"units_created\":1,\"category_id\":2,\"item_description\":\"Logitech G213 Prodigy RGB Gaming Keyboard\",\"serial_numbers_provided\":0,\"quantity_per_unit\":1,\"unit\":\"Pcs\",\"source_of_fund\":\"John Doe\",\"cost_value\":2606,\"allowed_status\":\"{\\\"none\\\":true}\",\"is_available\":0}','enFJUGY1bWMreGZYbFlVV0NranBKK0phd0gwdkVtc3Fsa3RMdVdhYzVjTEQwV21BVU9ScUZVQm91R01GbzJMeDdXdTlTNkIvbGdqa2pXMTR0dUprN0JzSGY3MFdZQzVva1JUSE9FSHhzVlpTL1lOd1RuRmgwSDRaVWlUVnVhczJCaHFnZEc3TGpreVNaTjFFSEdOUGIwdUtuOVI3ZlFyV3FCY1BFY0pJbExqclphaGVDdjZlaEtZaEp1eldRbVl','2',0),(208,1,'2026-03-31 11:21:15','AST ADD ITEM::SUCCESS:: DETAILS::{\"property_code_start\":\"AST-4322FC-0005\",\"property_code_end\":\"AST-4322FC-0005\",\"property_number\":\"4322FC\",\"property_series_start\":5,\"units_created\":1,\"category_id\":7,\"item_description\":\"4 Drawer Steel Lateral Filing Cabinet beige\",\"serial_numbers_provided\":0,\"quantity_per_unit\":1,\"unit\":\"Pcs\",\"source_of_fund\":\"Jan Cedric Ballesteros\",\"cost_value\":11700,\"allowed_status\":\"{\\\"none\\\":true}\",\"is_available\":0}','enFJUGY1bWMreGZYbFlVV0NranBKK0phd0gwdkVtc3Fsa3RMdVdhYzVjTEQwV21BVU9ScUZVQm91R01GbzJMeDdXdTlTNkIvbGdqa2pXMTR0dUprN0JzSGY3MFdZQzVva1JUSE9FSHhzVlpTL1lOd1RuRmgwSDRaVWlUVnVhczJCaHFnZEc3TGpreVNaTjFFSEdOUGIwdUtuOVI3ZlFyV3FCY1BFY0pJbExqclphaGVDdjZlaEtZaEp1eldRbVl','2',0),(209,1,'2026-04-06 13:37:23','AST BULK SET AVAILABLE RULES::SUCCESS:: DETAILS::{\"count\":6,\"property_codes\":[\"AST-4322FC-0005\",\"AST-F-ASDF-0001\",\"AST-4322FC-0004\",\"AST-4322FC-0003\",\"AST-4322FC-0002\",\"AST-4322FC-0001\"],\"allowed_status\":\"{\\\"teaching\\\":[1,2,3],\\\"non_teaching\\\":[1,2,3]}\"}','WURPR0g4VzJWN2pUcVZ2cktwM2pHZkNMRVNWYXRzMGVJTVBpK2g4R3BmeEM2dDlpZzgvTTY1QjFtYU1FNmFCVndPc2VPeDNwTjlIaTM4ZmRDblNSOEwycUh0d2NsVmhHMlV3OXFmUGVob2Z1Z1lpNHIySDVDRW9PWm9xYmhmcEZuTFl4VGpUM0dBZkNRV21iNXE5Tjd3STNKK0ZEQzRQcmNpb3huZFhkWlJhdDhPNlFINTA5MmhobTFmL0UxUEx','2',0),(210,1,'2026-04-07 09:43:51','AST ADD ITEM::SUCCESS:: DETAILS::{\"property_code_start\":\"AST-SRTEST-0001\",\"property_code_end\":\"AST-SRTEST-0002\",\"property_number\":\"SRTEST\",\"property_series_start\":1,\"units_created\":2,\"category_id\":10,\"item_description\":\"srtest\",\"serial_numbers_provided\":0,\"quantity_per_unit\":1,\"unit\":\"Pcs\",\"source_of_fund\":\"Jan Cedric Ballesteros\",\"cost_value\":10000,\"allowed_status\":\"{\\\"none\\\":true}\",\"is_available\":0}','OFdrSEdCMUR5bVdVa2duWmxJK0FlN3RlY0VFUENDTlpTSStLeEdZSWg3djc0eDBHTXRUQmpSZHUxaFl1bnJZVC8vbWFqRnRIVmlmaUdPYVhGUHlnUDdFZWhIaHA3WFZmb3NDVWFrWno3aFRDQTArOWs5Z2FHa0ZIa0FDWXZKbjE3ZTArVk90MEswR0RYL1c5VnRXc2N6U2pxT1pwamFxZTNOMXM0TlZUMHNXbUZBOXcxako0TndQYy8yOWhQM3N','2',0),(211,1,'2026-04-07 16:12:03','AST ISSUANCE BATCH::SUCCESS:: DETAILS::{\"facility_id\":1,\"unit_id\":4,\"issued_to_user_id\":10,\"managed_by_user_id\":1,\"item_count\":2,\"assignment_ids\":[2,3],\"extra_manager_user_ids\":[]}','WDF0bGhvMnFOVGcwUnN0VWZaNFdzb2VaS3dBZFc1N29veEhya2w5MW5ETDBuOEhpZmptRHhNWHArWktESzZtSEcrR0hxTW1kbUVRZkE4Zmsya2RRUzd3S3ozTVlWVG1idUxYeUNTS2c0Qm9VeGtnSWt1b0FSZUtCK0NzTVBObVQrU0N1OWhqNmpVMEZycmd2R2UvVEFLWlZCS3UzTHh6V1BJRXhQVHZ1bktHNW01OGNaRGJuUndNcVR2RFFYb0l','2',0),(212,1,'2026-04-08 08:25:03','AST SET AVAILABLE RULES::SUCCESS:: DETAILS::{\"property_code\":\"AST-SRTEST-0002\",\"old_allowed_status\":\"{\\\"none\\\":true}\",\"new_allowed_status\":\"{\\\"teaching\\\":[1,2,3],\\\"non_teaching\\\":[]}\",\"old_is_available\":0,\"new_is_available\":1}','ZmZ1MVRUajFxanRtSDJRcnVBQlEwZi9VejV3WGlJaFE3YXVTQ1NMVmsyb0xvTjRqMDVxR1FBZ0RBd25aMGhvTVljc1Z4WC9remduWHhIb0l6Mk4rMVlNU014L3BBS0ZaV0pwUFBjdy9GWE5mN0JRVTRWditxWWo3ZWFCaW43TERpWjdWOWl2S3JxQXdtUGE3U29HNms3NDdXdjhTTXBucHZpdTU5OCs1TXNpTTdSQi85NGFCS1d2aEd6aFFEend','2',0),(213,1,'2026-04-08 11:07:38','AST ISSUANCE BATCH::SUCCESS:: DETAILS::{\"facility_id\":7,\"unit_id\":1,\"issued_to_user_id\":11,\"managed_by_user_id\":3,\"item_count\":1,\"assignment_ids\":[4],\"extra_manager_user_ids\":[9]}','ZmZ1MVRUajFxanRtSDJRcnVBQlEwZi9VejV3WGlJaFE3YXVTQ1NMVmsyb0xvTjRqMDVxR1FBZ0RBd25aMGhvTVljc1Z4WC9remduWHhIb0l6Mk4rMVlNU014L3BBS0ZaV0pwUFBjdy9GWE5mN0JRVTRWditxWWo3ZWFCaW43TERpWjdWOWl2S3JxQXdtUGE3U29HNms3NDdXdjhTTXBucHZpdTU5OCs1TXNpTTdSQi85NGFCS1d2aEd6aFFEend','2',0),(214,1,'2026-04-08 14:56:43','AST SET AVAILABLE RULES::SUCCESS:: DETAILS::{\"property_code\":\"AST-SRTEST-0001\",\"old_allowed_status\":\"{\\\"none\\\":true}\",\"new_allowed_status\":\"{\\\"teaching\\\":[1,2,3],\\\"non_teaching\\\":[1,2,3]}\",\"old_is_available\":0,\"new_is_available\":1}','eVE1TzBkc1NlVjZQSjlYbUFTOFVSTkU1U051cTM3L2ptUkRXNmwrWENodzZHVldVK2NlVkZvTUkxQS9rdkp6QS8vZ05KSDZIU2N3TXFDWVBjUktOOHZSSFNKOVJvRTlRREZYRFUwTTh4cXRhMGxHUG1zbDUxVHE1dXR0bGRrVnBIL3Y4OXJvQTJUbDEwNlR1UDY3S3ZZRmsxRHU3NS83WityU3loeTBGeGUrQ21aWWdSZXQrazR1RjZ6QTNzcU5','2',0),(215,1,'2026-04-08 14:57:44','UPDATE EMPLOYMENT STATUS:: DETAILS::{\"user_id\":3,\"general_id\":\"user\",\"full_name\":\"USER, USER USER\",\"old_employment_status_id\":1,\"new_employment_status_id\":1}','UTdGQVdsaXY3ZXhzeExWc3dFdm1MMURHdnYxT3lDcHBtVGhFVSt5cW1IN2lCWUliY3BmTml3cncwcmlLM2lRV2h5N3NJcmtWYWZSd3NhVks1VThHVTR5VjA1VDhHUGRQQ3o2c1pKQTlMN0drN2dQbWdzTnlXM0VnVkUyL05meXZYVERpWm1rR3Z6aVQrdlJHcE1LWkJueGNEUkZFY3dFTk9BRXNXVDNLVXZQRXNydWpFR3o4eWxJYThRRGdCTHB','1',0),(216,3,'2026-04-08 16:17:58','USER REQUISITION SUBMIT::SUCCESS:: DETAILS::{\"module_type\":\"AST\",\"item_code\":\"AST-SRTEST-0002\",\"qty_requested\":1,\"claim_facility_id\":1,\"claim_unit_id\":4}','Q2xKcHNJV2hKWGdNRG9ibzZ5aDViMzRDSi9FaWl0U1kyNHhWNGE5OTZITW1mRTRYWkMxcUtnZVpJYkJ3bGordnA2TDhaTEI0cHp2RzdrNFZHdUVwL2R3V0UwQS9lNVR2TEhrcVBSL0F1TXFiTUpUNUZGaE1aMFBOT1ZtSENZYlhKREZQN0dJWDl5TkpoUDVXeU5BTUlPNHYrSmxRYmN3ZE01eWhiSC9pRjlvM1F0QS9WdHdsNjFDUjBRd1I3cUM','4',0),(217,3,'2026-04-08 16:17:58','USER REQUISITION SUBMIT::SUCCESS:: DETAILS::{\"module_type\":\"AST\",\"item_code\":\"AST-SRTEST-0002\",\"qty_requested\":1,\"claim_facility_id\":1,\"claim_unit_id\":4}','Q2xKcHNJV2hKWGdNRG9ibzZ5aDViMzRDSi9FaWl0U1kyNHhWNGE5OTZITW1mRTRYWkMxcUtnZVpJYkJ3bGordnA2TDhaTEI0cHp2RzdrNFZHdUVwL2R3V0UwQS9lNVR2TEhrcVBSL0F1TXFiTUpUNUZGaE1aMFBOT1ZtSENZYlhKREZQN0dJWDl5TkpoUDVXeU5BTUlPNHYrSmxRYmN3ZE01eWhiSC9pRjlvM1F0QS9WdHdsNjFDUjBRd1I3cUM','4',0),(218,1,'2026-04-08 16:20:48','REQUISITION DISAPPROVAL::SUCCESS:: DETAILS::{\"requisition_id\":2,\"module_type\":\"AST\",\"item_code\":\"AST-SRTEST-0002\",\"item_description\":\"srtest\",\"qty_requested\":1,\"requester_user_id\":3,\"reason\":\"ayoko e bakit ba\",\"old_status\":\"pending\",\"new_status\":\"disapproved\"}','aE1LeW5ub0JOaXhzZHJ1dDhmcnVTY1cxSnBjWHFBYXBZd00zZ01rUzMwMHpzdU53SFZ2bC9lZnVYdzBWY0FhRnQvVkZGVVRqOURwVFREYmFaSnAwc3AyRGZvQ3IzaUQvT2hjcnptR295UEMxYm8xWjlLRzZvMitJbHNZTXVxcGxyVTREMG5LVmpzNWJKdGFLR3lLb21BRGhBcGRxZUtwcTdWTkdvSHhOQ0hPa0VZajZFQnlTUkdWQnpja2NIZFN','2',0),(219,1,'2026-04-08 16:30:34','REQUISITION APPROVAL::SUCCESS:: DETAILS::{\"requisition_id\":1,\"module_type\":\"AST\",\"item_code\":\"AST-SRTEST-0002\",\"item_description\":\"srtest\",\"qty_requested\":1,\"requester_user_id\":3,\"old_status\":\"pending\",\"new_status\":\"approved\",\"ast_is_available_before\":1,\"ast_is_available_after\":0}','aE1LeW5ub0JOaXhzZHJ1dDhmcnVTY1cxSnBjWHFBYXBZd00zZ01rUzMwMHpzdU53SFZ2bC9lZnVYdzBWY0FhRnQvVkZGVVRqOURwVFREYmFaSnAwc3AyRGZvQ3IzaUQvT2hjcnptR295UEMxYm8xWjlLRzZvMitJbHNZTXVxcGxyVTREMG5LVmpzNWJKdGFLR3lLb21BRGhBcGRxZUtwcTdWTkdvSHhOQ0hPa0VZajZFQnlTUkdWQnpja2NIZFN','2',0),(220,1,'2026-04-10 11:14:26','FACILITY UNIT UPDATE::SUCCESS:: DETAILS::{\"unit_id\":2,\"facility_id\":7,\"unit_code\":\"REG\",\"unit_name\":\"Registrar\",\"floor_label\":\"JMC 1\",\"facility_unit_manager_user_ids\":[5,3,13]}','dmFXQnpPRHBYRDB0cXp5em0yY1N2M1g2VHBmZHN5N0dYKyt5RGk1YVdGUm40VEFTeVpCT1JUb0xNVmNFeFQ2bW5LUTRGcGJjS2VhcUhMYlZNc1JaQjRpeHd3QzIxRzJoNlVhN2FlZ1U2d3NLME9sZG44Ri9aQzl4VW16MHJaSW0zVTkva0JiSUYxeDRVaHNLZFRLaUdFeUg4d25pQkFWQ0pnbnZxK2djWDc0d1dVcm1NbVdqVHRCdnVDNTlML2k','2',0),(221,1,'2026-04-10 11:15:07','FACILITY UNIT CREATE::SUCCESS:: DETAILS::{\"facility_id\":7,\"unit_code\":\"TEST\",\"unit_name\":\"test\",\"floor_label\":\"JMC 3\",\"facility_unit_manager_user_ids\":[13]}','dmFXQnpPRHBYRDB0cXp5em0yY1N2M1g2VHBmZHN5N0dYKyt5RGk1YVdGUm40VEFTeVpCT1JUb0xNVmNFeFQ2bW5LUTRGcGJjS2VhcUhMYlZNc1JaQjRpeHd3QzIxRzJoNlVhN2FlZ1U2d3NLME9sZG44Ri9aQzl4VW16MHJaSW0zVTkva0JiSUYxeDRVaHNLZFRLaUdFeUg4d25pQkFWQ0pnbnZxK2djWDc0d1dVcm1NbVdqVHRCdnVDNTlML2k','2',0),(222,1,'2026-04-10 11:26:36','FACILITY UNIT UPDATE::SUCCESS:: DETAILS::{\"unit_id\":2,\"facility_id\":7,\"unit_code\":\"REG\",\"unit_name\":\"Registrar\",\"floor_label\":\"JMC 1\",\"facility_unit_manager_user_ids\":[5,3]}','dmFXQnpPRHBYRDB0cXp5em0yY1N2M1g2VHBmZHN5N0dYKyt5RGk1YVdGUm40VEFTeVpCT1JUb0xNVmNFeFQ2bW5LUTRGcGJjS2VhcUhMYlZNc1JaQjRpeHd3QzIxRzJoNlVhN2FlZ1U2d3NLME9sZG44Ri9aQzl4VW16MHJaSW0zVTkva0JiSUYxeDRVaHNLZFRLaUdFeUg4d25pQkFWQ0pnbnZxK2djWDc0d1dVcm1NbVdqVHRCdnVDNTlML2k','2',0),(223,1,'2026-04-10 11:26:49','FACILITY UNIT UPDATE::SUCCESS:: DETAILS::{\"unit_id\":5,\"facility_id\":7,\"unit_code\":\"TEST\",\"unit_name\":\"test\",\"floor_label\":\"JMC 3\",\"facility_unit_manager_user_ids\":[10]}','dmFXQnpPRHBYRDB0cXp5em0yY1N2M1g2VHBmZHN5N0dYKyt5RGk1YVdGUm40VEFTeVpCT1JUb0xNVmNFeFQ2bW5LUTRGcGJjS2VhcUhMYlZNc1JaQjRpeHd3QzIxRzJoNlVhN2FlZ1U2d3NLME9sZG44Ri9aQzl4VW16MHJaSW0zVTkva0JiSUYxeDRVaHNLZFRLaUdFeUg4d25pQkFWQ0pnbnZxK2djWDc0d1dVcm1NbVdqVHRCdnVDNTlML2k','2',0),(224,3,'2026-04-14 10:34:51','USER REQUISITION SUBMIT::SUCCESS:: DETAILS::{\"module_type\":\"AST\",\"item_code\":\"AST-SRTEST-0001\",\"qty_requested\":1,\"claim_facility_id\":10,\"claim_unit_id\":6}','RVU3a0xDem5DZWowRVhuY3h4ZjZjWHYwUnJSNFFxTnNaaDk0NVJNczh5Z0dGL0tPR2d5NVlTMkI4RkkvYUxGMmN1MjZidE9EVWFwcS9yOUorTHBhdkhocHd0bHRHdWFLdnVha212SW5YSlY4WE1xVEdiemt6ZzdGaUxrWlRxQ3E0NkEwNWE5QkVGSjJuWUlIcTFCNFNQU21GUTRXWUFlS25GaDBweEFxUzJ6WlZOdms3R0lCa2E3Y2dIamZ0QVp','4',0),(225,1,'2026-04-14 10:35:18','REQUISITION APPROVAL::SUCCESS:: DETAILS::{\"requisition_id\":3,\"module_type\":\"AST\",\"item_code\":\"AST-SRTEST-0001\",\"item_description\":\"srtest\",\"qty_requested\":1,\"requester_user_id\":3,\"old_status\":\"pending\",\"new_status\":\"approved\",\"ast_is_available_before\":1,\"ast_is_available_after\":0}','RUNsQVV1aEdKMStiYmdoL2hGeHZyV1lKeWdYNU1nc0lJeStjRDJmWVUvb3dQRUgySVFtbUJ5bW1BWDRQR2dhVDdsbzVNQzZMbWVYbFdJTmI1blVXejR0ay9zckRqanJOalFMdzZqUlRMWk1HMTlJQTRkaGJSN1VIRDdmMlNwdWJKUm5lVnZXV1dzZC9LTzZYYjgvdktBVGJFbnVvYlExVVFzT3BZWGdhc0FOVUpCckdUUEZ3eWlFbjlJZzZZVjI','2',0),(226,3,'2026-04-14 11:10:29','USER REQUISITION SUBMIT::SUCCESS:: DETAILS::{\"module_type\":\"AST\",\"item_code\":\"AST-4322FC-0005\",\"qty_requested\":1,\"claim_facility_id\":10,\"claim_unit_id\":0}','RVU3a0xDem5DZWowRVhuY3h4ZjZjWHYwUnJSNFFxTnNaaDk0NVJNczh5Z0dGL0tPR2d5NVlTMkI4RkkvYUxGMmN1MjZidE9EVWFwcS9yOUorTHBhdkhocHd0bHRHdWFLdnVha212SW5YSlY4WE1xVEdiemt6ZzdGaUxrWlRxQ3E0NkEwNWE5QkVGSjJuWUlIcTFCNFNQU21GUTRXWUFlS25GaDBweEFxUzJ6WlZOdms3R0lCa2E3Y2dIamZ0QVp','4',0),(227,1,'2026-04-14 11:10:39','REQUISITION APPROVAL::SUCCESS:: DETAILS::{\"requisition_id\":4,\"module_type\":\"AST\",\"item_code\":\"AST-4322FC-0005\",\"item_description\":\"4 Drawer Steel Lateral Filing Cabinet beige\",\"qty_requested\":1,\"requester_user_id\":3,\"old_status\":\"pending\",\"new_status\":\"approved\",\"ast_is_available_before\":1,\"ast_is_available_after\":0}','RUNsQVV1aEdKMStiYmdoL2hGeHZyV1lKeWdYNU1nc0lJeStjRDJmWVUvb3dQRUgySVFtbUJ5bW1BWDRQR2dhVDdsbzVNQzZMbWVYbFdJTmI1blVXejR0ay9zckRqanJOalFMdzZqUlRMWk1HMTlJQTRkaGJSN1VIRDdmMlNwdWJKUm5lVnZXV1dzZC9LTzZYYjgvdktBVGJFbnVvYlExVVFzT3BZWGdhc0FOVUpCckdUUEZ3eWlFbjlJZzZZVjI','2',0),(228,1,'2026-04-14 11:13:06','REQUISITION CLAIM::SUCCESS:: DETAILS::{\"requisition_id\":4,\"assignment_id\":5,\"facility_id\":10,\"unit_id\":0,\"module_type\":\"AST\",\"item_code\":\"AST-4322FC-0005\",\"qty_requested\":1,\"issued_to_user_id\":3,\"accountable_user_id\":3,\"managed_by_user_id\":null}','RUNsQVV1aEdKMStiYmdoL2hGeHZyV1lKeWdYNU1nc0lJeStjRDJmWVUvb3dQRUgySVFtbUJ5bW1BWDRQR2dhVDdsbzVNQzZMbWVYbFdJTmI1blVXejR0ay9zckRqanJOalFMdzZqUlRMWk1HMTlJQTRkaGJSN1VIRDdmMlNwdWJKUm5lVnZXV1dzZC9LTzZYYjgvdktBVGJFbnVvYlExVVFzT3BZWGdhc0FOVUpCckdUUEZ3eWlFbjlJZzZZVjI','2',0),(229,1,'2026-04-14 11:18:00','REQUISITION BACK TO STORAGE::SUCCESS:: DETAILS::{\"requisition_id\":3,\"module_type\":\"AST\",\"item_code\":\"AST-SRTEST-0001\"}','RUNsQVV1aEdKMStiYmdoL2hGeHZyV1lKeWdYNU1nc0lJeStjRDJmWVUvb3dQRUgySVFtbUJ5bW1BWDRQR2dhVDdsbzVNQzZMbWVYbFdJTmI1blVXejR0ay9zckRqanJOalFMdzZqUlRMWk1HMTlJQTRkaGJSN1VIRDdmMlNwdWJKUm5lVnZXV1dzZC9LTzZYYjgvdktBVGJFbnVvYlExVVFzT3BZWGdhc0FOVUpCckdUUEZ3eWlFbjlJZzZZVjI','2',0),(230,1,'2026-04-14 11:20:37','REQUISITION BACK TO STORAGE::SUCCESS:: DETAILS::{\"requisition_id\":1,\"module_type\":\"AST\",\"item_code\":\"AST-SRTEST-0002\"}','RUNsQVV1aEdKMStiYmdoL2hGeHZyV1lKeWdYNU1nc0lJeStjRDJmWVUvb3dQRUgySVFtbUJ5bW1BWDRQR2dhVDdsbzVNQzZMbWVYbFdJTmI1blVXejR0ay9zckRqanJOalFMdzZqUlRMWk1HMTlJQTRkaGJSN1VIRDdmMlNwdWJKUm5lVnZXV1dzZC9LTzZYYjgvdktBVGJFbnVvYlExVVFzT3BZWGdhc0FOVUpCckdUUEZ3eWlFbjlJZzZZVjI','2',0),(231,3,'2026-04-14 11:21:29','USER REQUISITION SUBMIT::SUCCESS:: DETAILS::{\"module_type\":\"AST\",\"item_code\":\"AST-SRTEST-0002\",\"qty_requested\":1,\"claim_facility_id\":10,\"claim_unit_id\":0}','RVU3a0xDem5DZWowRVhuY3h4ZjZjWHYwUnJSNFFxTnNaaDk0NVJNczh5Z0dGL0tPR2d5NVlTMkI4RkkvYUxGMmN1MjZidE9EVWFwcS9yOUorTHBhdkhocHd0bHRHdWFLdnVha212SW5YSlY4WE1xVEdiemt6ZzdGaUxrWlRxQ3E0NkEwNWE5QkVGSjJuWUlIcTFCNFNQU21GUTRXWUFlS25GaDBweEFxUzJ6WlZOdms3R0lCa2E3Y2dIamZ0QVp','4',0),(232,1,'2026-04-14 11:22:50','REQUISITION APPROVAL::SUCCESS:: DETAILS::{\"requisition_id\":5,\"module_type\":\"AST\",\"item_code\":\"AST-SRTEST-0002\",\"item_description\":\"srtest\",\"qty_requested\":1,\"requester_user_id\":3,\"old_status\":\"pending\",\"new_status\":\"approved\",\"ast_is_available_before\":1,\"ast_is_available_after\":0}','RUNsQVV1aEdKMStiYmdoL2hGeHZyV1lKeWdYNU1nc0lJeStjRDJmWVUvb3dQRUgySVFtbUJ5bW1BWDRQR2dhVDdsbzVNQzZMbWVYbFdJTmI1blVXejR0ay9zckRqanJOalFMdzZqUlRMWk1HMTlJQTRkaGJSN1VIRDdmMlNwdWJKUm5lVnZXV1dzZC9LTzZYYjgvdktBVGJFbnVvYlExVVFzT3BZWGdhc0FOVUpCckdUUEZ3eWlFbjlJZzZZVjI','2',0),(233,1,'2026-04-14 11:23:23','REQUISITION CLAIM::SUCCESS:: DETAILS::{\"requisition_id\":5,\"assignment_id\":6,\"facility_id\":10,\"unit_id\":0,\"module_type\":\"AST\",\"item_code\":\"AST-SRTEST-0002\",\"qty_requested\":1,\"issued_to_user_id\":3,\"accountable_user_id\":3,\"managed_by_user_id\":null}','RUNsQVV1aEdKMStiYmdoL2hGeHZyV1lKeWdYNU1nc0lJeStjRDJmWVUvb3dQRUgySVFtbUJ5bW1BWDRQR2dhVDdsbzVNQzZMbWVYbFdJTmI1blVXejR0ay9zckRqanJOalFMdzZqUlRMWk1HMTlJQTRkaGJSN1VIRDdmMlNwdWJKUm5lVnZXV1dzZC9LTzZYYjgvdktBVGJFbnVvYlExVVFzT3BZWGdhc0FOVUpCckdUUEZ3eWlFbjlJZzZZVjI','2',0),(234,3,'2026-04-14 14:46:37','USER REQUISITION SUBMIT::SUCCESS:: DETAILS::{\"module_type\":\"AST\",\"item_code\":\"AST-SRTEST-0001\",\"qty_requested\":1,\"claim_facility_id\":10,\"claim_unit_id\":0}','WDNsR3JSLzRKL0dUNjlQRW5jdVZDVWYzMWdpT0VuTUM3cE5FOVZ4VHZ6akd5OG1Bb0M1N2xRWHBpVW5aa3BXdmVFRzg1ZWtJeFZQdjFxTFZkbDJ3Ny9ZTy9UR29UaGlpdDlnZlptRCtqV1o4eXB3RGRjekVsenduWjhuZG56U0xVOTE3RXRhT0JYM09PYUZiRWl0bTd6d3pta2lyWkRLV1lRZGtQSkRvNzFNM2NpSlN3RnRKNDh4SnQ4M2xOaGx','4',0),(235,1,'2026-04-14 14:47:04','REQUISITION APPROVAL::SUCCESS:: DETAILS::{\"requisition_id\":6,\"module_type\":\"AST\",\"item_code\":\"AST-SRTEST-0001\",\"item_description\":\"srtest\",\"qty_requested\":1,\"requester_user_id\":3,\"old_status\":\"pending\",\"new_status\":\"approved\",\"ast_is_available_before\":1,\"ast_is_available_after\":0}','RldvYW1CMlJ0TGZpVlRwLzlZOGQ0RnVsTWJ6VXRkQ2xWY0NQK2NBSGVZK0lnZGVIRi9QaGlqTUZFWDR6cWRrNTBKUTVVL1hkQ0Zzb3h3U3Rpd0tRUTg1TXpTSnFmS3BUOVI1amNyV3NtQzhiRWRzUFNTWTVUOEFHVTVuVS9rMGhKb0k4clZoUWY0MGQwbjNjU0ZML0kxWmJKcWd3NnRqQ1VLb0tML1JhRTJreEt5MUJadHh5NmVLZlRDK21hTnl','2',0),(236,1,'2026-04-14 14:47:09','REQUISITION CLAIM::SUCCESS:: DETAILS::{\"requisition_id\":6,\"assignment_id\":7,\"facility_id\":10,\"unit_id\":0,\"module_type\":\"AST\",\"item_code\":\"AST-SRTEST-0001\",\"qty_requested\":1,\"issued_to_user_id\":3,\"accountable_user_id\":3,\"managed_by_user_id\":null}','RldvYW1CMlJ0TGZpVlRwLzlZOGQ0RnVsTWJ6VXRkQ2xWY0NQK2NBSGVZK0lnZGVIRi9QaGlqTUZFWDR6cWRrNTBKUTVVL1hkQ0Zzb3h3U3Rpd0tRUTg1TXpTSnFmS3BUOVI1amNyV3NtQzhiRWRzUFNTWTVUOEFHVTVuVS9rMGhKb0k4clZoUWY0MGQwbjNjU0ZML0kxWmJKcWd3NnRqQ1VLb0tML1JhRTJreEt5MUJadHh5NmVLZlRDK21hTnl','2',0),(237,3,'2026-04-14 15:07:17','USER REQUISITION SUBMIT::SUCCESS:: DETAILS::{\"module_type\":\"AST\",\"item_code\":\"AST-F-ASDF-0001\",\"qty_requested\":1,\"claim_facility_id\":10,\"claim_unit_id\":0}','WDNsR3JSLzRKL0dUNjlQRW5jdVZDVWYzMWdpT0VuTUM3cE5FOVZ4VHZ6akd5OG1Bb0M1N2xRWHBpVW5aa3BXdmVFRzg1ZWtJeFZQdjFxTFZkbDJ3Ny9ZTy9UR29UaGlpdDlnZlptRCtqV1o4eXB3RGRjekVsenduWjhuZG56U0xVOTE3RXRhT0JYM09PYUZiRWl0bTd6d3pta2lyWkRLV1lRZGtQSkRvNzFNM2NpSlN3RnRKNDh4SnQ4M2xOaGx','4',0),(238,3,'2026-04-14 15:30:59','USER REQUISITION SUBMIT::SUCCESS:: DETAILS::{\"module_type\":\"AST\",\"item_code\":\"AST-1234651-0050\",\"qty_requested\":1,\"claim_facility_id\":1,\"claim_unit_id\":4}','WDNsR3JSLzRKL0dUNjlQRW5jdVZDVWYzMWdpT0VuTUM3cE5FOVZ4VHZ6akd5OG1Bb0M1N2xRWHBpVW5aa3BXdmVFRzg1ZWtJeFZQdjFxTFZkbDJ3Ny9ZTy9UR29UaGlpdDlnZlptRCtqV1o4eXB3RGRjekVsenduWjhuZG56U0xVOTE3RXRhT0JYM09PYUZiRWl0bTd6d3pta2lyWkRLV1lRZGtQSkRvNzFNM2NpSlN3RnRKNDh4SnQ4M2xOaGx','4',0),(239,1,'2026-04-14 15:31:32','REQUISITION DISAPPROVAL::SUCCESS:: DETAILS::{\"requisition_id\":7,\"module_type\":\"AST\",\"item_code\":\"AST-F-ASDF-0001\",\"item_description\":\"asdf\",\"qty_requested\":1,\"requester_user_id\":3,\"reason\":\"ayaw ko\",\"old_status\":\"pending\",\"new_status\":\"disapproved\"}','RldvYW1CMlJ0TGZpVlRwLzlZOGQ0RnVsTWJ6VXRkQ2xWY0NQK2NBSGVZK0lnZGVIRi9QaGlqTUZFWDR6cWRrNTBKUTVVL1hkQ0Zzb3h3U3Rpd0tRUTg1TXpTSnFmS3BUOVI1amNyV3NtQzhiRWRzUFNTWTVUOEFHVTVuVS9rMGhKb0k4clZoUWY0MGQwbjNjU0ZML0kxWmJKcWd3NnRqQ1VLb0tML1JhRTJreEt5MUJadHh5NmVLZlRDK21hTnl','2',0),(240,1,'2026-04-14 15:31:42','REQUISITION DISAPPROVAL::SUCCESS:: DETAILS::{\"requisition_id\":8,\"module_type\":\"AST\",\"item_code\":\"AST-1234651-0050\",\"item_description\":\"Uratex Monoblock 101 Classic Chair\",\"qty_requested\":1,\"requester_user_id\":3,\"reason\":\"ayaw ko\",\"old_status\":\"pending\",\"new_status\":\"disapproved\"}','RldvYW1CMlJ0TGZpVlRwLzlZOGQ0RnVsTWJ6VXRkQ2xWY0NQK2NBSGVZK0lnZGVIRi9QaGlqTUZFWDR6cWRrNTBKUTVVL1hkQ0Zzb3h3U3Rpd0tRUTg1TXpTSnFmS3BUOVI1amNyV3NtQzhiRWRzUFNTWTVUOEFHVTVuVS9rMGhKb0k4clZoUWY0MGQwbjNjU0ZML0kxWmJKcWd3NnRqQ1VLb0tML1JhRTJreEt5MUJadHh5NmVLZlRDK21hTnl','2',0),(241,3,'2026-04-16 16:10:25','USER BATCH REQUISITION SUBMIT::SUCCESS:: DETAILS::{\"module_type\":\"AST\",\"item_codes\":[\"AST-F-ASDF-0001\"],\"submitted_count\":1,\"claim_facility_id\":10,\"claim_unit_id\":0}','ZWdQb2IxV09wbWRESlhZUlRwN0V4SGlGTDZVNmdSR1g5djhJTnJPbUo3VlVoOGp0L0pyNGVkWkQxYm5UdFVDY29XMUx5amtKUlMvTzRSSWFEdC9XR2RadTE1NWZjTFozRnZycWpnNDE2QjdnSUErQk5QUUtUdHFWOGlHY2JpOWIzd0M5dFBEZFlCNENVbjV3NWQ1Y2JsSGFVd3lFNlBFT00yMUtNUXlqT0pqZ2dPK1h3QmtEZWQ2MVRXcElCM3F','4',0),(242,1,'2026-04-16 16:11:17','REQUISITION DISAPPROVAL::SUCCESS:: DETAILS::{\"requisition_id\":9,\"module_type\":\"AST\",\"item_code\":\"AST-F-ASDF-0001\",\"item_description\":\"asdf\",\"qty_requested\":1,\"requester_user_id\":3,\"reason\":\"ayoko\",\"old_status\":\"pending\",\"new_status\":\"disapproved\"}','bndDN1hSQkh2SHZNb0lUWjlkZThZL3VnTGVJUGxEcEFPekxNaDNZR0pWTmQvSHQvd25xc21wb0RFTzh2NWx3ZngrME5xOWFZRFZLakxwcHVmS3RHTzY4bWRpYnBkVTJtREZaZkg3TG0rOHRqbk1BSnBzNkR0WDZKc21idHFoZkorOUdHeXgyaVAxcEt3UFYyY01YQmc3WG5DVnJrYWQxeE92TklvaXQ2UU1NRmRRSEtoWUhnbll6ekw1ZUs1ZzN','2',0),(243,3,'2026-04-16 16:11:56','USER BATCH REQUISITION SUBMIT::SUCCESS:: DETAILS::{\"module_type\":\"AST\",\"item_codes\":[\"AST-F-ASDF-0001\"],\"submitted_count\":1,\"claim_facility_id\":10,\"claim_unit_id\":0}','ZWdQb2IxV09wbWRESlhZUlRwN0V4SGlGTDZVNmdSR1g5djhJTnJPbUo3VlVoOGp0L0pyNGVkWkQxYm5UdFVDY29XMUx5amtKUlMvTzRSSWFEdC9XR2RadTE1NWZjTFozRnZycWpnNDE2QjdnSUErQk5QUUtUdHFWOGlHY2JpOWIzd0M5dFBEZFlCNENVbjV3NWQ1Y2JsSGFVd3lFNlBFT00yMUtNUXlqT0pqZ2dPK1h3QmtEZWQ2MVRXcElCM3F','4',0),(244,1,'2026-04-16 16:12:02','REQUISITION APPROVAL::SUCCESS:: DETAILS::{\"requisition_id\":10,\"module_type\":\"AST\",\"item_code\":\"AST-F-ASDF-0001\",\"item_description\":\"asdf\",\"qty_requested\":1,\"requester_user_id\":3,\"old_status\":\"pending\",\"new_status\":\"approved\",\"ast_is_available_before\":1,\"ast_is_available_after\":0}','bndDN1hSQkh2SHZNb0lUWjlkZThZL3VnTGVJUGxEcEFPekxNaDNZR0pWTmQvSHQvd25xc21wb0RFTzh2NWx3ZngrME5xOWFZRFZLakxwcHVmS3RHTzY4bWRpYnBkVTJtREZaZkg3TG0rOHRqbk1BSnBzNkR0WDZKc21idHFoZkorOUdHeXgyaVAxcEt3UFYyY01YQmc3WG5DVnJrYWQxeE92TklvaXQ2UU1NRmRRSEtoWUhnbll6ekw1ZUs1ZzN','2',0),(245,1,'2026-04-16 16:15:58','REQUISITION CLAIM::SUCCESS:: DETAILS::{\"requisition_id\":10,\"assignment_id\":8,\"facility_id\":10,\"unit_id\":0,\"module_type\":\"AST\",\"item_code\":\"AST-F-ASDF-0001\",\"qty_requested\":1,\"issued_to_user_id\":3,\"accountable_user_id\":3,\"managed_by_user_id\":null}','bndDN1hSQkh2SHZNb0lUWjlkZThZL3VnTGVJUGxEcEFPekxNaDNZR0pWTmQvSHQvd25xc21wb0RFTzh2NWx3ZngrME5xOWFZRFZLakxwcHVmS3RHTzY4bWRpYnBkVTJtREZaZkg3TG0rOHRqbk1BSnBzNkR0WDZKc21idHFoZkorOUdHeXgyaVAxcEt3UFYyY01YQmc3WG5DVnJrYWQxeE92TklvaXQ2UU1NRmRRSEtoWUhnbll6ekw1ZUs1ZzN','2',0),(246,3,'2026-04-16 16:18:46','USER BATCH REQUISITION SUBMIT::SUCCESS:: DETAILS::{\"module_type\":\"AST\",\"item_codes\":[\"AST-1234651-0050\"],\"submitted_count\":1,\"claim_facility_id\":10,\"claim_unit_id\":0}','ZWdQb2IxV09wbWRESlhZUlRwN0V4SGlGTDZVNmdSR1g5djhJTnJPbUo3VlVoOGp0L0pyNGVkWkQxYm5UdFVDY29XMUx5amtKUlMvTzRSSWFEdC9XR2RadTE1NWZjTFozRnZycWpnNDE2QjdnSUErQk5QUUtUdHFWOGlHY2JpOWIzd0M5dFBEZFlCNENVbjV3NWQ1Y2JsSGFVd3lFNlBFT00yMUtNUXlqT0pqZ2dPK1h3QmtEZWQ2MVRXcElCM3F','4',0),(247,1,'2026-04-16 16:18:52','REQUISITION APPROVAL::SUCCESS:: DETAILS::{\"requisition_id\":11,\"module_type\":\"AST\",\"item_code\":\"AST-1234651-0050\",\"item_description\":\"Uratex Monoblock 101 Classic Chair\",\"qty_requested\":1,\"requester_user_id\":3,\"old_status\":\"pending\",\"new_status\":\"approved\",\"ast_is_available_before\":1,\"ast_is_available_after\":0}','bndDN1hSQkh2SHZNb0lUWjlkZThZL3VnTGVJUGxEcEFPekxNaDNZR0pWTmQvSHQvd25xc21wb0RFTzh2NWx3ZngrME5xOWFZRFZLakxwcHVmS3RHTzY4bWRpYnBkVTJtREZaZkg3TG0rOHRqbk1BSnBzNkR0WDZKc21idHFoZkorOUdHeXgyaVAxcEt3UFYyY01YQmc3WG5DVnJrYWQxeE92TklvaXQ2UU1NRmRRSEtoWUhnbll6ekw1ZUs1ZzN','2',0),(248,1,'2026-04-20 11:06:43','UPDATE EMPLOYMENT STATUS:: DETAILS::{\"user_id\":15,\"general_id\":\"ast_as\",\"full_name\":\"AST_AS, AST_AS AST_AS\",\"old_employment_status_id\":0,\"new_employment_status_id\":1}','MTM3SFdjSnlaU0VFS0JUY0MwNWMyZzYxang1S0NURzl0cjRpYzhYU1FXZkw5WW4wUC9DQlNHejJnRlFTMHk4OUZCYzNPeUNtVHRKREkvR2lpMGE4RU9YNDE5blAxZDlnVlU2b1dwdG1OSE9XZFRZSlczYUxuRmJobi9veTJScDFMdldsUjRGRmMzOFEzbFFRZ2hKWWh6M1BzZTlyNG5XZnovQUg0TmE2UTZlZndFN2tmR2E5dEdZK0VPSHBRQ1B','1',0),(249,1,'2026-04-20 11:06:46','UPDATE EMPLOYMENT STATUS:: DETAILS::{\"user_id\":14,\"general_id\":\"csm_as\",\"full_name\":\"CSM, CSM CSM\",\"old_employment_status_id\":0,\"new_employment_status_id\":1}','MTM3SFdjSnlaU0VFS0JUY0MwNWMyZzYxang1S0NURzl0cjRpYzhYU1FXZkw5WW4wUC9DQlNHejJnRlFTMHk4OUZCYzNPeUNtVHRKREkvR2lpMGE4RU9YNDE5blAxZDlnVlU2b1dwdG1OSE9XZFRZSlczYUxuRmJobi9veTJScDFMdldsUjRGRmMzOFEzbFFRZ2hKWWh6M1BzZTlyNG5XZnovQUg0TmE2UTZlZndFN2tmR2E5dEdZK0VPSHBRQ1B','1',0),(250,3,'2026-04-20 11:32:26','USER BATCH REQUISITION SUBMIT::SUCCESS:: DETAILS::{\"module_type\":\"AST\",\"item_codes\":[\"AST-1234651-0049\",\"AST-1234651-0048\",\"AST-1234651-0047\",\"AST-1234651-0046\",\"AST-1234651-0045\",\"AST-1234651-0044\",\"AST-1234651-0043\"],\"submitted_count\":7,\"claim_facility_id\":1,\"claim_unit_id\":4}','UDgydllPd3ZOZW1LMVhnaEdhTEozcyttOE1UZ2NCR0FNRUdzUFBPNzhnSVlCTVJJUmpCcVh1TVoxMDZDZm9UbHBIRXFXdkZFdDRDdFNIZHB5ZEthLy9sVDB6SGRHMFYxQ3VRY1VpdWphQ3E2bDNaUWxvMngxZkNKNGh0VE1wdnR5UEZKTlNqT0xNa1p3cFNGdFIwQzNSWVJiNW1ITkFEbGhLTkFSSmZMWURlbzBIbFZLZDFJVW0xRkVCSnoreEN','4',0),(251,1,'2026-04-20 14:04:29','REQUISITION APPROVAL::SUCCESS:: DETAILS::{\"requisition_id\":13,\"module_type\":\"AST\",\"item_code\":\"AST-1234651-0048\",\"item_description\":\"Uratex Monoblock 101 Classic Chair\",\"qty_requested\":1,\"requester_user_id\":3,\"old_status\":\"pending\",\"new_status\":\"approved\",\"ast_is_available_before\":1,\"ast_is_available_after\":0}','VUJBZFJSeWZsZFdTUGpXdTRHOS93QlB4UzB2cEpFODRwVHplR2FRMDYxOTgvODN0U0dGaEVTdFVIWTgxT3Ntb1UvZWxpQXgraGQzWk45ZjZmVnZvalM1NHkwaFl0a2JKUEsrc3QrRHZwdm5uTkFYZ3pGWFNrcjJlbXBUWHNJQm9oNERmRGtGNDhyNzNZTk5HMTBpS3JYdGw5cnJwM3VJYTN0Y2lqZEtjMHZVY2V4NGJESXJzcUUyUWV6UHBXNWh','2',0),(252,1,'2026-04-20 14:04:29','REQUISITION APPROVAL::SUCCESS:: DETAILS::{\"requisition_id\":14,\"module_type\":\"AST\",\"item_code\":\"AST-1234651-0047\",\"item_description\":\"Uratex Monoblock 101 Classic Chair\",\"qty_requested\":1,\"requester_user_id\":3,\"old_status\":\"pending\",\"new_status\":\"approved\",\"ast_is_available_before\":1,\"ast_is_available_after\":0}','VUJBZFJSeWZsZFdTUGpXdTRHOS93QlB4UzB2cEpFODRwVHplR2FRMDYxOTgvODN0U0dGaEVTdFVIWTgxT3Ntb1UvZWxpQXgraGQzWk45ZjZmVnZvalM1NHkwaFl0a2JKUEsrc3QrRHZwdm5uTkFYZ3pGWFNrcjJlbXBUWHNJQm9oNERmRGtGNDhyNzNZTk5HMTBpS3JYdGw5cnJwM3VJYTN0Y2lqZEtjMHZVY2V4NGJESXJzcUUyUWV6UHBXNWh','2',0),(253,1,'2026-04-20 14:04:29','REQUISITION APPROVAL::SUCCESS:: DETAILS::{\"requisition_id\":15,\"module_type\":\"AST\",\"item_code\":\"AST-1234651-0046\",\"item_description\":\"Uratex Monoblock 101 Classic Chair\",\"qty_requested\":1,\"requester_user_id\":3,\"old_status\":\"pending\",\"new_status\":\"approved\",\"ast_is_available_before\":1,\"ast_is_available_after\":0}','VUJBZFJSeWZsZFdTUGpXdTRHOS93QlB4UzB2cEpFODRwVHplR2FRMDYxOTgvODN0U0dGaEVTdFVIWTgxT3Ntb1UvZWxpQXgraGQzWk45ZjZmVnZvalM1NHkwaFl0a2JKUEsrc3QrRHZwdm5uTkFYZ3pGWFNrcjJlbXBUWHNJQm9oNERmRGtGNDhyNzNZTk5HMTBpS3JYdGw5cnJwM3VJYTN0Y2lqZEtjMHZVY2V4NGJESXJzcUUyUWV6UHBXNWh','2',0),(254,1,'2026-04-20 14:04:29','REQUISITION APPROVAL::SUCCESS:: DETAILS::{\"requisition_id\":16,\"module_type\":\"AST\",\"item_code\":\"AST-1234651-0045\",\"item_description\":\"Uratex Monoblock 101 Classic Chair\",\"qty_requested\":1,\"requester_user_id\":3,\"old_status\":\"pending\",\"new_status\":\"approved\",\"ast_is_available_before\":1,\"ast_is_available_after\":0}','VUJBZFJSeWZsZFdTUGpXdTRHOS93QlB4UzB2cEpFODRwVHplR2FRMDYxOTgvODN0U0dGaEVTdFVIWTgxT3Ntb1UvZWxpQXgraGQzWk45ZjZmVnZvalM1NHkwaFl0a2JKUEsrc3QrRHZwdm5uTkFYZ3pGWFNrcjJlbXBUWHNJQm9oNERmRGtGNDhyNzNZTk5HMTBpS3JYdGw5cnJwM3VJYTN0Y2lqZEtjMHZVY2V4NGJESXJzcUUyUWV6UHBXNWh','2',0),(255,1,'2026-04-20 14:04:30','REQUISITION APPROVAL::SUCCESS:: DETAILS::{\"requisition_id\":17,\"module_type\":\"AST\",\"item_code\":\"AST-1234651-0044\",\"item_description\":\"Uratex Monoblock 101 Classic Chair\",\"qty_requested\":1,\"requester_user_id\":3,\"old_status\":\"pending\",\"new_status\":\"approved\",\"ast_is_available_before\":1,\"ast_is_available_after\":0}','VUJBZFJSeWZsZFdTUGpXdTRHOS93QlB4UzB2cEpFODRwVHplR2FRMDYxOTgvODN0U0dGaEVTdFVIWTgxT3Ntb1UvZWxpQXgraGQzWk45ZjZmVnZvalM1NHkwaFl0a2JKUEsrc3QrRHZwdm5uTkFYZ3pGWFNrcjJlbXBUWHNJQm9oNERmRGtGNDhyNzNZTk5HMTBpS3JYdGw5cnJwM3VJYTN0Y2lqZEtjMHZVY2V4NGJESXJzcUUyUWV6UHBXNWh','2',0),(256,1,'2026-04-20 14:04:30','REQUISITION APPROVAL::SUCCESS:: DETAILS::{\"requisition_id\":18,\"module_type\":\"AST\",\"item_code\":\"AST-1234651-0043\",\"item_description\":\"Uratex Monoblock 101 Classic Chair\",\"qty_requested\":1,\"requester_user_id\":3,\"old_status\":\"pending\",\"new_status\":\"approved\",\"ast_is_available_before\":1,\"ast_is_available_after\":0}','VUJBZFJSeWZsZFdTUGpXdTRHOS93QlB4UzB2cEpFODRwVHplR2FRMDYxOTgvODN0U0dGaEVTdFVIWTgxT3Ntb1UvZWxpQXgraGQzWk45ZjZmVnZvalM1NHkwaFl0a2JKUEsrc3QrRHZwdm5uTkFYZ3pGWFNrcjJlbXBUWHNJQm9oNERmRGtGNDhyNzNZTk5HMTBpS3JYdGw5cnJwM3VJYTN0Y2lqZEtjMHZVY2V4NGJESXJzcUUyUWV6UHBXNWh','2',0),(257,1,'2026-04-20 14:04:30','REQUISITION DISAPPROVAL::SUCCESS:: DETAILS::{\"requisition_id\":12,\"module_type\":\"AST\",\"item_code\":\"AST-1234651-0049\",\"item_description\":\"Uratex Monoblock 101 Classic Chair\",\"qty_requested\":1,\"requester_user_id\":3,\"reason\":\"Not approved during grouped approval.\",\"old_status\":\"pending\",\"new_status\":\"disapproved\"}','VUJBZFJSeWZsZFdTUGpXdTRHOS93QlB4UzB2cEpFODRwVHplR2FRMDYxOTgvODN0U0dGaEVTdFVIWTgxT3Ntb1UvZWxpQXgraGQzWk45ZjZmVnZvalM1NHkwaFl0a2JKUEsrc3QrRHZwdm5uTkFYZ3pGWFNrcjJlbXBUWHNJQm9oNERmRGtGNDhyNzNZTk5HMTBpS3JYdGw5cnJwM3VJYTN0Y2lqZEtjMHZVY2V4NGJESXJzcUUyUWV6UHBXNWh','2',0),(258,1,'2026-04-20 16:28:59','REQUISITION BACK TO STORAGE::SUCCESS:: DETAILS::{\"requisition_id\":11,\"module_type\":\"AST\",\"item_code\":\"AST-1234651-0050\"}','VUJBZFJSeWZsZFdTUGpXdTRHOS93QlB4UzB2cEpFODRwVHplR2FRMDYxOTgvODN0U0dGaEVTdFVIWTgxT3Ntb1UvZWxpQXgraGQzWk45ZjZmVnZvalM1NHkwaFl0a2JKUEsrc3QrRHZwdm5uTkFYZ3pGWFNrcjJlbXBUWHNJQm9oNERmRGtGNDhyNzNZTk5HMTBpS3JYdGw5cnJwM3VJYTN0Y2lqZEtjMHZVY2V4NGJESXJzcUUyUWV6UHBXNWh','2',0),(259,15,'2026-04-20 16:31:02','AST ISSUANCE BATCH::SUCCESS:: DETAILS::{\"facility_id\":1,\"unit_id\":4,\"issued_to_user_id\":3,\"managed_by_user_id\":1,\"item_count\":6,\"assignment_ids\":[9,10,11,12,13,14],\"extra_manager_user_ids\":[]}','N3B3TjNCeGV6b0kzOE8yQ1FLREloWEk5OTh1cnNXeEVFZFYySmZiMkdFK0J4SlExbXVXN2dYbjZDNGZQMnN3WDZ2R1ZoT2YwOVdIeGU3a0MwRkpKa1o5aFB1UGJpeGs2OW1oVjA0Y3hKUkdoeXJlSzI5Szg4OWYzclFCVnRpNEF5UUd2L2Z3bzMrMUNQZG9ad0JsY1E4ZGI4aFUzREQ3aG5SL2xtclhNMEUwZEFaZnFZTDkzTVkrTVFiVFdJU2h','3',0),(260,3,'2026-04-20 16:32:47','USER BATCH REQUISITION SUBMIT::SUCCESS:: DETAILS::{\"module_type\":\"AST\",\"item_codes\":[\"AST-ASDFG2E-0030\"],\"submitted_count\":1,\"claim_facility_id\":10,\"claim_unit_id\":0}','ckU0anJzUUl5UGFOZU9GZWdWSHJKT29kdk9zQmpwRDhCR2lJVm1vQTFobjVrMkdjNExENUhUbDNDYTNieVN3WXVHcVJRM0s3WDRLMnNzNWtEMWRuNW1Bd0xQbHhrMWdPeHpkOG40ek9ja0tWT1JnOTRVeUlOZ1FsWUVhSTVtbWFCSnF0blFFcGtQVjZoSllucW1Eaml4bXdRaEExbWxZazJNK09pOHQ0dEhPd09ab2FacXhnNXkwWEQzM0Zyc2J','4',0),(261,1,'2026-04-20 16:33:10','REQUISITION APPROVAL::SUCCESS:: DETAILS::{\"requisition_id\":19,\"module_type\":\"AST\",\"item_code\":\"AST-ASDFG2E-0030\",\"item_description\":\"Intel Core i5 Desktop Computer Quad-Core 8 Thread 16GB RAM 512GB SSD Full Set Pc Computer (Pc, Monitor, Mouse, Keyboard)\",\"qty_requested\":1,\"requester_user_id\":3,\"old_status\":\"pending\",\"new_status\":\"approved\",\"ast_is_available_before\":1,\"ast_is_available_after\":0}','VUJBZFJSeWZsZFdTUGpXdTRHOS93QlB4UzB2cEpFODRwVHplR2FRMDYxOTgvODN0U0dGaEVTdFVIWTgxT3Ntb1UvZWxpQXgraGQzWk45ZjZmVnZvalM1NHkwaFl0a2JKUEsrc3QrRHZwdm5uTkFYZ3pGWFNrcjJlbXBUWHNJQm9oNERmRGtGNDhyNzNZTk5HMTBpS3JYdGw5cnJwM3VJYTN0Y2lqZEtjMHZVY2V4NGJESXJzcUUyUWV6UHBXNWh','2',0),(262,1,'2026-04-20 16:33:15','REQUISITION BACK TO STORAGE::SUCCESS:: DETAILS::{\"requisition_id\":19,\"module_type\":\"AST\",\"item_code\":\"AST-ASDFG2E-0030\"}','VUJBZFJSeWZsZFdTUGpXdTRHOS93QlB4UzB2cEpFODRwVHplR2FRMDYxOTgvODN0U0dGaEVTdFVIWTgxT3Ntb1UvZWxpQXgraGQzWk45ZjZmVnZvalM1NHkwaFl0a2JKUEsrc3QrRHZwdm5uTkFYZ3pGWFNrcjJlbXBUWHNJQm9oNERmRGtGNDhyNzNZTk5HMTBpS3JYdGw5cnJwM3VJYTN0Y2lqZEtjMHZVY2V4NGJESXJzcUUyUWV6UHBXNWh','2',0),(263,3,'2026-04-20 16:42:31','USER BATCH REQUISITION SUBMIT::SUCCESS:: DETAILS::{\"module_type\":\"AST\",\"item_codes\":[\"AST-4322FC-0003\"],\"submitted_count\":1,\"claim_facility_id\":10,\"claim_unit_id\":0}','eTI3cnN6Q2MxcHVHTDV6R2hRL0ZDQ0s2UlJ2alRZR2tncnExMWpickJBazJqd3lHSWRqUGVMMmRCcGI4NmkxSjJ6bUVqZjJNSE9QWVQrbFBadzhYNHRsY3d0NE9KbHc1Zk42MStUaUVjSW1kR3g3SWJLc092YW9SZGRkM1YxVlh2ZHg0M1RLZi9GeDBHZG5zWGhJQjFjZ1duWmN2cDhvRGRnL2tJcXNUOGdvdUw1VGRnMzIrb0xnUHpDWVdTVjQ','4',0),(264,1,'2026-04-20 16:42:37','REQUISITION APPROVAL::SUCCESS:: DETAILS::{\"requisition_id\":20,\"module_type\":\"AST\",\"item_code\":\"AST-4322FC-0003\",\"item_description\":\"4 Drawer Steel Lateral Filing Cabinet beige\",\"qty_requested\":1,\"requester_user_id\":3,\"old_status\":\"pending\",\"new_status\":\"approved\",\"ast_is_available_before\":1,\"ast_is_available_after\":0}','VUJBZFJSeWZsZFdTUGpXdTRHOS93QlB4UzB2cEpFODRwVHplR2FRMDYxOTgvODN0U0dGaEVTdFVIWTgxT3Ntb1UvZWxpQXgraGQzWk45ZjZmVnZvalM1NHkwaFl0a2JKUEsrc3QrRHZwdm5uTkFYZ3pGWFNrcjJlbXBUWHNJQm9oNERmRGtGNDhyNzNZTk5HMTBpS3JYdGw5cnJwM3VJYTN0Y2lqZEtjMHZVY2V4NGJESXJzcUUyUWV6UHBXNWh','2',0),(265,1,'2026-04-20 16:42:41','REQUISITION BACK TO STORAGE::SUCCESS:: DETAILS::{\"requisition_id\":20,\"module_type\":\"AST\",\"item_code\":\"AST-4322FC-0003\"}','VUJBZFJSeWZsZFdTUGpXdTRHOS93QlB4UzB2cEpFODRwVHplR2FRMDYxOTgvODN0U0dGaEVTdFVIWTgxT3Ntb1UvZWxpQXgraGQzWk45ZjZmVnZvalM1NHkwaFl0a2JKUEsrc3QrRHZwdm5uTkFYZ3pGWFNrcjJlbXBUWHNJQm9oNERmRGtGNDhyNzNZTk5HMTBpS3JYdGw5cnJwM3VJYTN0Y2lqZEtjMHZVY2V4NGJESXJzcUUyUWV6UHBXNWh','2',0),(266,1,'2026-04-27 11:48:24','AST PHYSICAL CHECK SESSION STATUS::SUCCESS:: DETAILS::{\"session_id\":2,\"series_code\":\"PCAST-2026-02\",\"old_status\":\"Pending\",\"new_status\":\"Closed\"}','cEM3Z3RRV1gySy9oM0F2aHpibVdSU1dzTzdWR0VZTklVdm01eGZiTTlIb3pkT0poWHpsRkM3eFR3VFZjdURKaWdpSWdINUd4WEJOZGhCZW9ZUXNzRXE3TnVaWThjUDJ5TzhIK2s3ZWRyM2IwZXE0SGl3WkJLT2JSeUZXS25tZU01Njh0VCtwUVhEWkxoa1dpcWEyOHZYQklERG9IRmIwSTc3TDFaQlFRNldySU9idGpJOVY3RGxnaG5TN0tLN1B','2',0),(267,1,'2026-04-27 11:48:27','AST PHYSICAL CHECK SESSION STATUS::SUCCESS:: DETAILS::{\"session_id\":2,\"series_code\":\"PCAST-2026-02\",\"old_status\":\"Closed\",\"new_status\":\"Closed\"}','cEM3Z3RRV1gySy9oM0F2aHpibVdSU1dzTzdWR0VZTklVdm01eGZiTTlIb3pkT0poWHpsRkM3eFR3VFZjdURKaWdpSWdINUd4WEJOZGhCZW9ZUXNzRXE3TnVaWThjUDJ5TzhIK2s3ZWRyM2IwZXE0SGl3WkJLT2JSeUZXS25tZU01Njh0VCtwUVhEWkxoa1dpcWEyOHZYQklERG9IRmIwSTc3TDFaQlFRNldySU9idGpJOVY3RGxnaG5TN0tLN1B','2',0),(268,1,'2026-04-27 11:48:27','AST PHYSICAL CHECK SESSION STATUS::SUCCESS:: DETAILS::{\"session_id\":2,\"series_code\":\"PCAST-2026-02\",\"old_status\":\"Closed\",\"new_status\":\"Closed\"}','cEM3Z3RRV1gySy9oM0F2aHpibVdSU1dzTzdWR0VZTklVdm01eGZiTTlIb3pkT0poWHpsRkM3eFR3VFZjdURKaWdpSWdINUd4WEJOZGhCZW9ZUXNzRXE3TnVaWThjUDJ5TzhIK2s3ZWRyM2IwZXE0SGl3WkJLT2JSeUZXS25tZU01Njh0VCtwUVhEWkxoa1dpcWEyOHZYQklERG9IRmIwSTc3TDFaQlFRNldySU9idGpJOVY3RGxnaG5TN0tLN1B','2',0),(269,1,'2026-04-27 11:48:28','AST PHYSICAL CHECK SESSION STATUS::SUCCESS:: DETAILS::{\"session_id\":1,\"series_code\":\"PCAST-2026-01\",\"old_status\":\"Active\",\"new_status\":\"Closed\"}','cEM3Z3RRV1gySy9oM0F2aHpibVdSU1dzTzdWR0VZTklVdm01eGZiTTlIb3pkT0poWHpsRkM3eFR3VFZjdURKaWdpSWdINUd4WEJOZGhCZW9ZUXNzRXE3TnVaWThjUDJ5TzhIK2s3ZWRyM2IwZXE0SGl3WkJLT2JSeUZXS25tZU01Njh0VCtwUVhEWkxoa1dpcWEyOHZYQklERG9IRmIwSTc3TDFaQlFRNldySU9idGpJOVY3RGxnaG5TN0tLN1B','2',0),(270,1,'2026-04-27 11:48:28','AST PHYSICAL CHECK SESSION STATUS::SUCCESS:: DETAILS::{\"session_id\":1,\"series_code\":\"PCAST-2026-01\",\"old_status\":\"Closed\",\"new_status\":\"Closed\"}','cEM3Z3RRV1gySy9oM0F2aHpibVdSU1dzTzdWR0VZTklVdm01eGZiTTlIb3pkT0poWHpsRkM3eFR3VFZjdURKaWdpSWdINUd4WEJOZGhCZW9ZUXNzRXE3TnVaWThjUDJ5TzhIK2s3ZWRyM2IwZXE0SGl3WkJLT2JSeUZXS25tZU01Njh0VCtwUVhEWkxoa1dpcWEyOHZYQklERG9IRmIwSTc3TDFaQlFRNldySU9idGpJOVY3RGxnaG5TN0tLN1B','2',0),(271,1,'2026-04-27 11:48:28','AST PHYSICAL CHECK SESSION STATUS::SUCCESS:: DETAILS::{\"session_id\":1,\"series_code\":\"PCAST-2026-01\",\"old_status\":\"Closed\",\"new_status\":\"Closed\"}','cEM3Z3RRV1gySy9oM0F2aHpibVdSU1dzTzdWR0VZTklVdm01eGZiTTlIb3pkT0poWHpsRkM3eFR3VFZjdURKaWdpSWdINUd4WEJOZGhCZW9ZUXNzRXE3TnVaWThjUDJ5TzhIK2s3ZWRyM2IwZXE0SGl3WkJLT2JSeUZXS25tZU01Njh0VCtwUVhEWkxoa1dpcWEyOHZYQklERG9IRmIwSTc3TDFaQlFRNldySU9idGpJOVY3RGxnaG5TN0tLN1B','2',0),(272,1,'2026-04-27 11:48:29','AST PHYSICAL CHECK SESSION STATUS::SUCCESS:: DETAILS::{\"session_id\":2,\"series_code\":\"PCAST-2026-02\",\"old_status\":\"Closed\",\"new_status\":\"Closed\"}','cEM3Z3RRV1gySy9oM0F2aHpibVdSU1dzTzdWR0VZTklVdm01eGZiTTlIb3pkT0poWHpsRkM3eFR3VFZjdURKaWdpSWdINUd4WEJOZGhCZW9ZUXNzRXE3TnVaWThjUDJ5TzhIK2s3ZWRyM2IwZXE0SGl3WkJLT2JSeUZXS25tZU01Njh0VCtwUVhEWkxoa1dpcWEyOHZYQklERG9IRmIwSTc3TDFaQlFRNldySU9idGpJOVY3RGxnaG5TN0tLN1B','2',0),(273,1,'2026-04-27 11:48:34','AST PHYSICAL CHECK SESSION STATUS::SUCCESS:: DETAILS::{\"session_id\":2,\"series_code\":\"PCAST-2026-02\",\"old_status\":\"Closed\",\"new_status\":\"Closed\"}','cEM3Z3RRV1gySy9oM0F2aHpibVdSU1dzTzdWR0VZTklVdm01eGZiTTlIb3pkT0poWHpsRkM3eFR3VFZjdURKaWdpSWdINUd4WEJOZGhCZW9ZUXNzRXE3TnVaWThjUDJ5TzhIK2s3ZWRyM2IwZXE0SGl3WkJLT2JSeUZXS25tZU01Njh0VCtwUVhEWkxoa1dpcWEyOHZYQklERG9IRmIwSTc3TDFaQlFRNldySU9idGpJOVY3RGxnaG5TN0tLN1B','2',0),(274,1,'2026-04-27 11:48:35','AST PHYSICAL CHECK SESSION STATUS::SUCCESS:: DETAILS::{\"session_id\":2,\"series_code\":\"PCAST-2026-02\",\"old_status\":\"Closed\",\"new_status\":\"Active\"}','cEM3Z3RRV1gySy9oM0F2aHpibVdSU1dzTzdWR0VZTklVdm01eGZiTTlIb3pkT0poWHpsRkM3eFR3VFZjdURKaWdpSWdINUd4WEJOZGhCZW9ZUXNzRXE3TnVaWThjUDJ5TzhIK2s3ZWRyM2IwZXE0SGl3WkJLT2JSeUZXS25tZU01Njh0VCtwUVhEWkxoa1dpcWEyOHZYQklERG9IRmIwSTc3TDFaQlFRNldySU9idGpJOVY3RGxnaG5TN0tLN1B','2',0),(275,1,'2026-04-27 11:48:35','AST PHYSICAL CHECK SESSION STATUS::SUCCESS:: DETAILS::{\"session_id\":2,\"series_code\":\"PCAST-2026-02\",\"old_status\":\"Active\",\"new_status\":\"Closed\"}','cEM3Z3RRV1gySy9oM0F2aHpibVdSU1dzTzdWR0VZTklVdm01eGZiTTlIb3pkT0poWHpsRkM3eFR3VFZjdURKaWdpSWdINUd4WEJOZGhCZW9ZUXNzRXE3TnVaWThjUDJ5TzhIK2s3ZWRyM2IwZXE0SGl3WkJLT2JSeUZXS25tZU01Njh0VCtwUVhEWkxoa1dpcWEyOHZYQklERG9IRmIwSTc3TDFaQlFRNldySU9idGpJOVY3RGxnaG5TN0tLN1B','2',0),(276,1,'2026-04-27 11:48:36','AST PHYSICAL CHECK SESSION STATUS::SUCCESS:: DETAILS::{\"session_id\":2,\"series_code\":\"PCAST-2026-02\",\"old_status\":\"Closed\",\"new_status\":\"Active\"}','cEM3Z3RRV1gySy9oM0F2aHpibVdSU1dzTzdWR0VZTklVdm01eGZiTTlIb3pkT0poWHpsRkM3eFR3VFZjdURKaWdpSWdINUd4WEJOZGhCZW9ZUXNzRXE3TnVaWThjUDJ5TzhIK2s3ZWRyM2IwZXE0SGl3WkJLT2JSeUZXS25tZU01Njh0VCtwUVhEWkxoa1dpcWEyOHZYQklERG9IRmIwSTc3TDFaQlFRNldySU9idGpJOVY3RGxnaG5TN0tLN1B','2',0),(277,1,'2026-04-27 11:48:36','AST PHYSICAL CHECK SESSION STATUS::SUCCESS:: DETAILS::{\"session_id\":2,\"series_code\":\"PCAST-2026-02\",\"old_status\":\"Active\",\"new_status\":\"Closed\"}','cEM3Z3RRV1gySy9oM0F2aHpibVdSU1dzTzdWR0VZTklVdm01eGZiTTlIb3pkT0poWHpsRkM3eFR3VFZjdURKaWdpSWdINUd4WEJOZGhCZW9ZUXNzRXE3TnVaWThjUDJ5TzhIK2s3ZWRyM2IwZXE0SGl3WkJLT2JSeUZXS25tZU01Njh0VCtwUVhEWkxoa1dpcWEyOHZYQklERG9IRmIwSTc3TDFaQlFRNldySU9idGpJOVY3RGxnaG5TN0tLN1B','2',0),(278,1,'2026-04-27 11:48:37','AST PHYSICAL CHECK SESSION STATUS::SUCCESS:: DETAILS::{\"session_id\":2,\"series_code\":\"PCAST-2026-02\",\"old_status\":\"Closed\",\"new_status\":\"Active\"}','cEM3Z3RRV1gySy9oM0F2aHpibVdSU1dzTzdWR0VZTklVdm01eGZiTTlIb3pkT0poWHpsRkM3eFR3VFZjdURKaWdpSWdINUd4WEJOZGhCZW9ZUXNzRXE3TnVaWThjUDJ5TzhIK2s3ZWRyM2IwZXE0SGl3WkJLT2JSeUZXS25tZU01Njh0VCtwUVhEWkxoa1dpcWEyOHZYQklERG9IRmIwSTc3TDFaQlFRNldySU9idGpJOVY3RGxnaG5TN0tLN1B','2',0),(279,1,'2026-04-27 11:48:37','AST PHYSICAL CHECK SESSION STATUS::SUCCESS:: DETAILS::{\"session_id\":2,\"series_code\":\"PCAST-2026-02\",\"old_status\":\"Active\",\"new_status\":\"Closed\"}','cEM3Z3RRV1gySy9oM0F2aHpibVdSU1dzTzdWR0VZTklVdm01eGZiTTlIb3pkT0poWHpsRkM3eFR3VFZjdURKaWdpSWdINUd4WEJOZGhCZW9ZUXNzRXE3TnVaWThjUDJ5TzhIK2s3ZWRyM2IwZXE0SGl3WkJLT2JSeUZXS25tZU01Njh0VCtwUVhEWkxoa1dpcWEyOHZYQklERG9IRmIwSTc3TDFaQlFRNldySU9idGpJOVY3RGxnaG5TN0tLN1B','2',0),(280,1,'2026-04-27 11:48:37','AST PHYSICAL CHECK SESSION STATUS::SUCCESS:: DETAILS::{\"session_id\":2,\"series_code\":\"PCAST-2026-02\",\"old_status\":\"Closed\",\"new_status\":\"Active\"}','cEM3Z3RRV1gySy9oM0F2aHpibVdSU1dzTzdWR0VZTklVdm01eGZiTTlIb3pkT0poWHpsRkM3eFR3VFZjdURKaWdpSWdINUd4WEJOZGhCZW9ZUXNzRXE3TnVaWThjUDJ5TzhIK2s3ZWRyM2IwZXE0SGl3WkJLT2JSeUZXS25tZU01Njh0VCtwUVhEWkxoa1dpcWEyOHZYQklERG9IRmIwSTc3TDFaQlFRNldySU9idGpJOVY3RGxnaG5TN0tLN1B','2',0),(281,1,'2026-04-27 11:48:38','AST PHYSICAL CHECK SESSION STATUS::SUCCESS:: DETAILS::{\"session_id\":2,\"series_code\":\"PCAST-2026-02\",\"old_status\":\"Active\",\"new_status\":\"Closed\"}','cEM3Z3RRV1gySy9oM0F2aHpibVdSU1dzTzdWR0VZTklVdm01eGZiTTlIb3pkT0poWHpsRkM3eFR3VFZjdURKaWdpSWdINUd4WEJOZGhCZW9ZUXNzRXE3TnVaWThjUDJ5TzhIK2s3ZWRyM2IwZXE0SGl3WkJLT2JSeUZXS25tZU01Njh0VCtwUVhEWkxoa1dpcWEyOHZYQklERG9IRmIwSTc3TDFaQlFRNldySU9idGpJOVY3RGxnaG5TN0tLN1B','2',0),(282,1,'2026-04-27 11:48:38','AST PHYSICAL CHECK SESSION STATUS::SUCCESS:: DETAILS::{\"session_id\":2,\"series_code\":\"PCAST-2026-02\",\"old_status\":\"Closed\",\"new_status\":\"Closed\"}','cEM3Z3RRV1gySy9oM0F2aHpibVdSU1dzTzdWR0VZTklVdm01eGZiTTlIb3pkT0poWHpsRkM3eFR3VFZjdURKaWdpSWdINUd4WEJOZGhCZW9ZUXNzRXE3TnVaWThjUDJ5TzhIK2s3ZWRyM2IwZXE0SGl3WkJLT2JSeUZXS25tZU01Njh0VCtwUVhEWkxoa1dpcWEyOHZYQklERG9IRmIwSTc3TDFaQlFRNldySU9idGpJOVY3RGxnaG5TN0tLN1B','2',0),(283,1,'2026-04-27 11:48:39','AST PHYSICAL CHECK SESSION STATUS::SUCCESS:: DETAILS::{\"session_id\":2,\"series_code\":\"PCAST-2026-02\",\"old_status\":\"Closed\",\"new_status\":\"Active\"}','cEM3Z3RRV1gySy9oM0F2aHpibVdSU1dzTzdWR0VZTklVdm01eGZiTTlIb3pkT0poWHpsRkM3eFR3VFZjdURKaWdpSWdINUd4WEJOZGhCZW9ZUXNzRXE3TnVaWThjUDJ5TzhIK2s3ZWRyM2IwZXE0SGl3WkJLT2JSeUZXS25tZU01Njh0VCtwUVhEWkxoa1dpcWEyOHZYQklERG9IRmIwSTc3TDFaQlFRNldySU9idGpJOVY3RGxnaG5TN0tLN1B','2',0),(284,1,'2026-04-27 11:48:39','AST PHYSICAL CHECK SESSION STATUS::SUCCESS:: DETAILS::{\"session_id\":2,\"series_code\":\"PCAST-2026-02\",\"old_status\":\"Active\",\"new_status\":\"Closed\"}','cEM3Z3RRV1gySy9oM0F2aHpibVdSU1dzTzdWR0VZTklVdm01eGZiTTlIb3pkT0poWHpsRkM3eFR3VFZjdURKaWdpSWdINUd4WEJOZGhCZW9ZUXNzRXE3TnVaWThjUDJ5TzhIK2s3ZWRyM2IwZXE0SGl3WkJLT2JSeUZXS25tZU01Njh0VCtwUVhEWkxoa1dpcWEyOHZYQklERG9IRmIwSTc3TDFaQlFRNldySU9idGpJOVY3RGxnaG5TN0tLN1B','2',0),(285,1,'2026-04-27 11:48:40','AST PHYSICAL CHECK SESSION STATUS::SUCCESS:: DETAILS::{\"session_id\":2,\"series_code\":\"PCAST-2026-02\",\"old_status\":\"Closed\",\"new_status\":\"Active\"}','cEM3Z3RRV1gySy9oM0F2aHpibVdSU1dzTzdWR0VZTklVdm01eGZiTTlIb3pkT0poWHpsRkM3eFR3VFZjdURKaWdpSWdINUd4WEJOZGhCZW9ZUXNzRXE3TnVaWThjUDJ5TzhIK2s3ZWRyM2IwZXE0SGl3WkJLT2JSeUZXS25tZU01Njh0VCtwUVhEWkxoa1dpcWEyOHZYQklERG9IRmIwSTc3TDFaQlFRNldySU9idGpJOVY3RGxnaG5TN0tLN1B','2',0),(286,1,'2026-04-27 11:49:07','AST PHYSICAL CHECK SESSION STATUS::SUCCESS:: DETAILS::{\"session_id\":2,\"series_code\":\"PCAST-2026-02\",\"old_status\":\"Active\",\"new_status\":\"Closed\"}','cEM3Z3RRV1gySy9oM0F2aHpibVdSU1dzTzdWR0VZTklVdm01eGZiTTlIb3pkT0poWHpsRkM3eFR3VFZjdURKaWdpSWdINUd4WEJOZGhCZW9ZUXNzRXE3TnVaWThjUDJ5TzhIK2s3ZWRyM2IwZXE0SGl3WkJLT2JSeUZXS25tZU01Njh0VCtwUVhEWkxoa1dpcWEyOHZYQklERG9IRmIwSTc3TDFaQlFRNldySU9idGpJOVY3RGxnaG5TN0tLN1B','2',0),(287,1,'2026-04-27 13:19:52','AST PHYSICAL CHECK SESSION CREATE::SUCCESS:: DETAILS::{\"session_id\":9,\"series_code\":\"PCAST-2026-09\",\"audit_name\":\"\",\"start_date\":\"2026-04-26\",\"end_date\":\"2026-04-28\",\"status\":\"Active\"}','cmlFSlhpamRJZkd2YURtMUkrejRKVUF1MG80U0NFU3RBRXFJa1VWT2l4SjRVelZEMUVIUzZQZm5wbzl5dFd5a1lodkdEa2c4bTRLRDd5dWMyOGFZM1BOcEZ0WnowTjFPakVXN3ZtYWpDWE9pNnpydkhZc2lwTyt4ZXRnSjZLb1JXMWtHM3F3NHdPZVVHRXU0Vi94U3FIWjZ1VWt1WjJEOHdLYWdFMlpyMEhCa2xwMW1oQ1l2b0liRERuaktQUkN','2',0),(288,3,'2026-05-04 10:51:47','USER BATCH REQUISITION SUBMIT::SUCCESS:: DETAILS::{\"module_type\":\"AST\",\"item_codes\":[\"AST-1234651-0050\",\"AST-1234651-0049\"],\"submitted_count\":2,\"claim_facility_id\":10,\"claim_unit_id\":0}','TXkrRGNKTFhkTTQrR05hZDNMdEsvQ1ZtQmkxVElrTzJFNDdoWnNlbjB5SDlnOVB4V0NOaHZ4cTQyOUtpYm8zZ0djZU5pMCt6MmN2YkN6VHhsRlZ5cmRlRDM4Z3c1alZJWjQweWVJNGgwdkdzT3AxT0taVmY2OUZiWnAyRExSSDVUTGw0RzI1NkYyWER6SG5teGcxM3NSRTVuclZFanUxZjNCM1pNdDd1T2ZxWDMwdjl2d1dBT1BGZnF0UWVGNDE','4',0),(289,1,'2026-05-04 10:52:37','REQUISITION APPROVAL::SUCCESS:: DETAILS::{\"requisition_id\":21,\"module_type\":\"AST\",\"item_code\":\"AST-1234651-0050\",\"item_description\":\"Uratex Monoblock 101 Classic Chair\",\"qty_requested\":1,\"requester_user_id\":3,\"old_status\":\"pending\",\"new_status\":\"approved\",\"ast_is_available_before\":1,\"ast_is_available_after\":0}','V0FsWi9rbU9CTko3aHgzcCtCQnlKUk9wVWpLNFhPbEdXQUpnbklBNW9ydE16V2ppZlUxSzFTakpVT2QvZm5EUVU0MnY5WGw4M29PS0cxb2daOWhGRk9oSWhNU1RPWEdPTlJwK05ZWlUxY3NVeXhXK0VqWUxsWHpuOFNzWHdDVXBkd0lVL2Zjem00aTUxRG8zTlhwQzkzVTd5WG1BN2ZkOXViZ1kyK29Lb3JRQllVekVGSmtMeUlMbzYxeFJiMGo','2',0),(290,1,'2026-05-04 10:52:38','REQUISITION APPROVAL::SUCCESS:: DETAILS::{\"requisition_id\":22,\"module_type\":\"AST\",\"item_code\":\"AST-1234651-0049\",\"item_description\":\"Uratex Monoblock 101 Classic Chair\",\"qty_requested\":1,\"requester_user_id\":3,\"old_status\":\"pending\",\"new_status\":\"approved\",\"ast_is_available_before\":1,\"ast_is_available_after\":0}','V0FsWi9rbU9CTko3aHgzcCtCQnlKUk9wVWpLNFhPbEdXQUpnbklBNW9ydE16V2ppZlUxSzFTakpVT2QvZm5EUVU0MnY5WGw4M29PS0cxb2daOWhGRk9oSWhNU1RPWEdPTlJwK05ZWlUxY3NVeXhXK0VqWUxsWHpuOFNzWHdDVXBkd0lVL2Zjem00aTUxRG8zTlhwQzkzVTd5WG1BN2ZkOXViZ1kyK29Lb3JRQllVekVGSmtMeUlMbzYxeFJiMGo','2',0),(291,3,'2026-05-04 17:37:45','USER BATCH REQUISITION SUBMIT::SUCCESS:: DETAILS::{\"module_type\":\"AST\",\"item_codes\":[\"AST-1234651-0042\"],\"submitted_count\":1,\"claim_facility_id\":10,\"claim_unit_id\":0}','TjFuU3AyYnJhUlphQzNSNS9tMU1aV1FVdDVMWFBNNWRWVnB2U0lEaFZCNEwzbzNmMThzcDNTOTh3ekRXOVN4WDhFZWZERmFJODFZRC8xV1NFdS9NelhDSXlEUTZ0TnRPRVZvdzdzK3BEWFFmOGpYeTlxRlA5R2FpUXQxMCt5d1ZJNjdPd0VMYUoxc3pQaHp6U2hBa2U4UEdpV2cyOVBjelpETFQvdFVkWi9wUWNZV2IvUEVmdnJnUXROUWtOdHd','4',0);
/*!40000 ALTER TABLE `activity_log` ENABLE KEYS */;
UNLOCK TABLES;

--
-- Table structure for table `ast_audit_checks`
--

DROP TABLE IF EXISTS `ast_audit_checks`;
/*!40101 SET @saved_cs_client     = @@character_set_client */;
/*!40101 SET character_set_client = utf8 */;
CREATE TABLE `ast_audit_checks` (
  `id` int(11) NOT NULL AUTO_INCREMENT,
  `session_id` int(11) NOT NULL,
  `property_id` int(11) NOT NULL,
  `property_code` varchar(150) NOT NULL,
  `property_number` varchar(100) NOT NULL,
  `item_description` text DEFAULT NULL,
  `serial_number` varchar(150) DEFAULT NULL,
  `quantity_checked` int(11) NOT NULL DEFAULT 1,
  `unit` varchar(50) NOT NULL DEFAULT '',
  `date_stock` datetime DEFAULT NULL,
  `date_issued` date DEFAULT NULL,
  `status_at_check` varchar(100) NOT NULL DEFAULT '',
  `facility` varchar(150) NOT NULL DEFAULT '',
  `accountable` varchar(150) NOT NULL DEFAULT '',
  `issued_to` varchar(150) NOT NULL DEFAULT '',
  `managed_by` varchar(150) NOT NULL DEFAULT '',
  `condition` varchar(50) NOT NULL DEFAULT '',
  `remarks` text DEFAULT NULL,
  `checked_by` int(11) NOT NULL,
  `checked_at` datetime NOT NULL DEFAULT current_timestamp(),
  PRIMARY KEY (`id`),
  UNIQUE KEY `uniq_session_property` (`session_id`,`property_code`),
  KEY `idx_audit_session` (`session_id`),
  KEY `idx_audit_property` (`property_id`),
  KEY `idx_audit_checked_by` (`checked_by`)
) ENGINE=InnoDB AUTO_INCREMENT=697 DEFAULT CHARSET=utf8mb4 COLLATE=utf8mb4_general_ci;
/*!40101 SET character_set_client = @saved_cs_client */;

--
-- Dumping data for table `ast_audit_checks`
--

LOCK TABLES `ast_audit_checks` WRITE;
/*!40000 ALTER TABLE `ast_audit_checks` DISABLE KEYS */;
INSERT INTO `ast_audit_checks` VALUES (1,2,1,'AST-12345-0001','12345','Nvision N2455PRO-B 100Hz IPS Panel 23.8\" Monitor Black','SN0001',1,'Pcs','2026-03-25 16:07:56',NULL,'NOT_CHECKED','','','','','Missing','Pending physical check.',1,'2026-04-27 11:48:24'),(2,2,2,'AST-12345-0002','12345','Nvision N2455PRO-B 100Hz IPS Panel 23.8\" Monitor Black','SN0002',1,'Pcs','2026-03-25 16:07:57',NULL,'NOT_CHECKED','','','','','Missing','Pending physical check.',1,'2026-04-27 11:48:24'),(3,2,3,'AST-12345-0003','12345','Nvision N2455PRO-B 100Hz IPS Panel 23.8\" Monitor Black','SN0003',1,'Pcs','2026-03-25 16:07:59',NULL,'NOT_CHECKED','','','','','Missing','Pending physical check.',1,'2026-04-27 11:48:24'),(4,2,4,'AST-12345-0004','12345','Nvision N2455PRO-B 100Hz IPS Panel 23.8\" Monitor Black','SN0004',1,'Pcs','2026-03-25 16:08:01',NULL,'NOT_CHECKED','','','','','Missing','Pending physical check.',1,'2026-04-27 11:48:24'),(5,2,5,'AST-12345-0005','12345','Nvision N2455PRO-B 100Hz IPS Panel 23.8\" Monitor Black','SN0005',1,'Pcs','2026-03-25 16:08:02',NULL,'NOT_CHECKED','','','','','Missing','Pending physical check.',1,'2026-04-27 11:48:24'),(6,2,6,'AST-12345-0006','12345','Nvision N2455PRO-B 100Hz IPS Panel 23.8\" Monitor Black','SN0006',1,'Pcs','2026-03-25 16:08:04',NULL,'NOT_CHECKED','','','','','Missing','Pending physical check.',1,'2026-04-27 11:48:24'),(7,2,7,'AST-POWIULK-0001','POWIULK','Logitech G213 Prodigy RGB Gaming Keyboard','1521234',1,'Pcs','2026-03-25 16:10:18',NULL,'NOT_CHECKED','','','','','Missing','Pending physical check.',1,'2026-04-27 11:48:24'),(8,2,8,'AST-POWIULK-0002','POWIULK','Logitech G213 Prodigy RGB Gaming Keyboard','1234651345',1,'Pcs','2026-03-25 16:10:19',NULL,'NOT_CHECKED','','','','','Missing','Pending physical check.',1,'2026-04-27 11:48:24'),(9,2,9,'AST-POWIULK-0003','POWIULK','Logitech G213 Prodigy RGB Gaming Keyboard','1234231',1,'Pcs','2026-03-25 16:10:21',NULL,'NOT_CHECKED','','','','','Missing','Pending physical check.',1,'2026-04-27 11:48:24'),(10,2,10,'AST-POWIULK-0004','POWIULK','Logitech G213 Prodigy RGB Gaming Keyboard','12531234',1,'Pcs','2026-03-25 16:10:23',NULL,'NOT_CHECKED','','','','','Missing','Pending physical check.',1,'2026-04-27 11:48:24'),(11,2,11,'AST-POWIULK-0005','POWIULK','Logitech G213 Prodigy RGB Gaming Keyboard','1235123',1,'Pcs','2026-03-25 16:10:25',NULL,'NOT_CHECKED','','','','','Missing','Pending physical check.',1,'2026-04-27 11:48:24'),(12,2,12,'AST-POWIULK-0006','POWIULK','Logitech G213 Prodigy RGB Gaming Keyboard','1234532',1,'Pcs','2026-03-25 16:10:27',NULL,'NOT_CHECKED','','','','','Missing','Pending physical check.',1,'2026-04-27 11:48:24'),(13,2,13,'AST-FQW23421-0001','FQW23421','Asus Expertcenter P500mv I5-13420h/16gb/512gb Ssd Desktop Pc Black One Size / EU Plug 220V','1243125',1,'Pcs','2026-03-25 16:13:00',NULL,'NOT_CHECKED','','','','','Missing','Pending physical check.',1,'2026-04-27 11:48:24'),(14,2,14,'AST-FQW23421-0002','FQW23421','Asus Expertcenter P500mv I5-13420h/16gb/512gb Ssd Desktop Pc Black One Size / EU Plug 220V','1234125',1,'Pcs','2026-03-25 16:13:02',NULL,'NOT_CHECKED','','','','','Missing','Pending physical check.',1,'2026-04-27 11:48:24'),(15,2,15,'AST-FQW23421-0003','FQW23421','Asus Expertcenter P500mv I5-13420h/16gb/512gb Ssd Desktop Pc Black One Size / EU Plug 220V','123561',1,'Pcs','2026-03-25 16:13:03',NULL,'NOT_CHECKED','','','','','Missing','Pending physical check.',1,'2026-04-27 11:48:24'),(16,2,16,'AST-FQW23421-0004','FQW23421','Asus Expertcenter P500mv I5-13420h/16gb/512gb Ssd Desktop Pc Black One Size / EU Plug 220V','1532142',1,'Pcs','2026-03-25 16:13:05',NULL,'NOT_CHECKED','','','','','Missing','Pending physical check.',1,'2026-04-27 11:48:24'),(17,2,17,'AST-FQW23421-0005','FQW23421','Asus Expertcenter P500mv I5-13420h/16gb/512gb Ssd Desktop Pc Black One Size / EU Plug 220V','123412',1,'Pcs','2026-03-25 16:13:07',NULL,'NOT_CHECKED','','','','','Missing','Pending physical check.',1,'2026-04-27 11:48:24'),(18,2,18,'AST-FQW23421-0006','FQW23421','Asus Expertcenter P500mv I5-13420h/16gb/512gb Ssd Desktop Pc Black One Size / EU Plug 220V','23462',1,'Pcs','2026-03-25 16:13:09',NULL,'NOT_CHECKED','','','','','Missing','Pending physical check.',1,'2026-04-27 11:48:24'),(19,2,19,'AST-134265-0001','134265','Prolink 650Va 1200Va1500Va 2000Va 3000Va Super Fast Charging Line Interactive Ups Power Supply W/ Surge Protector Built In Avr','qwer123',1,'Pcs','2026-03-25 16:16:40',NULL,'NOT_CHECKED','','','','','Missing','Pending physical check.',1,'2026-04-27 11:48:24'),(20,2,20,'AST-134265-0002','134265','Prolink 650Va 1200Va1500Va 2000Va 3000Va Super Fast Charging Line Interactive Ups Power Supply W/ Surge Protector Built In Avr','qf3431',1,'Pcs','2026-03-25 16:16:43',NULL,'NOT_CHECKED','','','','','Missing','Pending physical check.',1,'2026-04-27 11:48:24'),(21,2,21,'AST-134265-0003','134265','Prolink 650Va 1200Va1500Va 2000Va 3000Va Super Fast Charging Line Interactive Ups Power Supply W/ Surge Protector Built In Avr','gfv342q4t5',1,'Pcs','2026-03-25 16:16:45',NULL,'NOT_CHECKED','','','','','Missing','Pending physical check.',1,'2026-04-27 11:48:24'),(22,2,22,'AST-134265-0004','134265','Prolink 650Va 1200Va1500Va 2000Va 3000Va Super Fast Charging Line Interactive Ups Power Supply W/ Surge Protector Built In Avr','avsgb321',1,'Pcs','2026-03-25 16:16:46',NULL,'NOT_CHECKED','','','','','Missing','Pending physical check.',1,'2026-04-27 11:48:24'),(23,2,23,'AST-134265-0005','134265','Prolink 650Va 1200Va1500Va 2000Va 3000Va Super Fast Charging Line Interactive Ups Power Supply W/ Surge Protector Built In Avr','asdfga3',1,'Pcs','2026-03-25 16:16:49',NULL,'NOT_CHECKED','','','','','Missing','Pending physical check.',1,'2026-04-27 11:48:24'),(24,2,24,'AST-134265-0006','134265','Prolink 650Va 1200Va1500Va 2000Va 3000Va Super Fast Charging Line Interactive Ups Power Supply W/ Surge Protector Built In Avr','awsdfgwe',1,'Pcs','2026-03-25 16:16:51',NULL,'NOT_CHECKED','','','','','Missing','Pending physical check.',1,'2026-04-27 11:48:24'),(25,2,25,'AST-12FWSGA432-0001','12FWSGA432','Razer Cobra Gaming Mouse','fasdvq3',1,'Pcs','2026-03-25 16:17:39',NULL,'NOT_CHECKED','','','','','Missing','Pending physical check.',1,'2026-04-27 11:48:24'),(26,2,26,'AST-12FWSGA432-0002','12FWSGA432','Razer Cobra Gaming Mouse','qwf234',1,'Pcs','2026-03-25 16:17:41',NULL,'NOT_CHECKED','','','','','Missing','Pending physical check.',1,'2026-04-27 11:48:24'),(27,2,27,'AST-12FWSGA432-0003','12FWSGA432','Razer Cobra Gaming Mouse','23gtqwerg',1,'Pcs','2026-03-25 16:17:43',NULL,'NOT_CHECKED','','','','','Missing','Pending physical check.',1,'2026-04-27 11:48:24'),(28,2,28,'AST-12FWSGA432-0004','12FWSGA432','Razer Cobra Gaming Mouse','asdg3',1,'Pcs','2026-03-25 16:17:45',NULL,'NOT_CHECKED','','','','','Missing','Pending physical check.',1,'2026-04-27 11:48:24'),(29,2,29,'AST-12FWSGA432-0005','12FWSGA432','Razer Cobra Gaming Mouse','asdga34',1,'Pcs','2026-03-25 16:17:47',NULL,'NOT_CHECKED','','','','','Missing','Pending physical check.',1,'2026-04-27 11:48:24'),(30,2,30,'AST-12FWSGA432-0006','12FWSGA432','Razer Cobra Gaming Mouse','abaw43g',1,'Pcs','2026-03-25 16:17:50',NULL,'NOT_CHECKED','','','','','Missing','Pending physical check.',1,'2026-04-27 11:48:24'),(31,2,31,'AST-ASDG2443-0001','ASDG2443','Lifetime Foldable Table 5ft','',1,'Pcs','2026-03-25 16:20:37',NULL,'NOT_CHECKED','','','','','Missing','Pending physical check.',1,'2026-04-27 11:48:24'),(32,2,32,'AST-ASDG2443-0002','ASDG2443','Lifetime Foldable Table 5ft','',1,'Pcs','2026-03-25 16:20:39',NULL,'NOT_CHECKED','','','','','Missing','Pending physical check.',1,'2026-04-27 11:48:24'),(33,2,33,'AST-ASDG2443-0003','ASDG2443','Lifetime Foldable Table 5ft','',1,'Pcs','2026-03-25 16:20:41',NULL,'NOT_CHECKED','','','','','Missing','Pending physical check.',1,'2026-04-27 11:48:24'),(34,2,34,'AST-ASDG2443-0004','ASDG2443','Lifetime Foldable Table 5ft','',1,'Pcs','2026-03-25 16:20:43',NULL,'NOT_CHECKED','','','','','Missing','Pending physical check.',1,'2026-04-27 11:48:24'),(35,2,35,'AST-ASDG2443-0005','ASDG2443','Lifetime Foldable Table 5ft','',1,'Pcs','2026-03-25 16:20:45',NULL,'NOT_CHECKED','','','','','Missing','Pending physical check.',1,'2026-04-27 11:48:24'),(36,2,36,'AST-ASDG2443-0006','ASDG2443','Lifetime Foldable Table 5ft','',1,'Pcs','2026-03-25 16:20:47',NULL,'NOT_CHECKED','','','','','Missing','Pending physical check.',1,'2026-04-27 11:48:24'),(37,2,37,'AST-ASDG2443-0007','ASDG2443','Lifetime Foldable Table 5ft','',1,'Pcs','2026-03-25 16:20:50',NULL,'NOT_CHECKED','','','','','Missing','Pending physical check.',1,'2026-04-27 11:48:24'),(38,2,38,'AST-ASDG2443-0008','ASDG2443','Lifetime Foldable Table 5ft','',1,'Pcs','2026-03-25 16:20:53',NULL,'NOT_CHECKED','','','','','Missing','Pending physical check.',1,'2026-04-27 11:48:24'),(39,2,39,'AST-ASDG2443-0009','ASDG2443','Lifetime Foldable Table 5ft','',1,'Pcs','2026-03-25 16:20:55',NULL,'NOT_CHECKED','','','','','Missing','Pending physical check.',1,'2026-04-27 11:48:24'),(40,2,40,'AST-ASDG2443-0010','ASDG2443','Lifetime Foldable Table 5ft','',1,'Pcs','2026-03-25 16:20:58',NULL,'NOT_CHECKED','','','','','Missing','Pending physical check.',1,'2026-04-27 11:48:24'),(41,2,41,'AST-4322FC-0001','4322FC','4 Drawer Steel Lateral Filing Cabinet beige','',1,'Pcs','2026-03-25 16:24:42',NULL,'NOT_CHECKED','','','','','Missing','Pending physical check.',1,'2026-04-27 11:48:24'),(42,2,42,'AST-4322FC-0002','4322FC','4 Drawer Steel Lateral Filing Cabinet beige','',1,'Pcs','2026-03-25 16:24:44',NULL,'NOT_CHECKED','','','','','Missing','Pending physical check.',1,'2026-04-27 11:48:24'),(43,2,43,'AST-4322FC-0003','4322FC','4 Drawer Steel Lateral Filing Cabinet beige','',1,'Pcs','2026-03-25 16:24:46',NULL,'NOT_CHECKED','','','','','Missing','Pending physical check.',1,'2026-04-27 11:48:24'),(44,2,44,'AST-4322FC-0004','4322FC','4 Drawer Steel Lateral Filing Cabinet beige','',1,'Pcs','2026-03-25 16:24:48',NULL,'NOT_CHECKED','','','','','Missing','Pending physical check.',1,'2026-04-27 11:48:24'),(45,2,45,'AST-ASDFG2E-0001','ASDFG2E','Intel Core i5 Desktop Computer Quad-Core 8 Thread 16GB RAM 512GB SSD Full Set Pc Computer (Pc, Monitor, Mouse, Keyboard)','asfd3q34',1,'set','2026-03-25 16:35:07',NULL,'NOT_CHECKED','','','','','Missing','Pending physical check.',1,'2026-04-27 11:48:24'),(46,2,46,'AST-ASDFG2E-0002','ASDFG2E','Intel Core i5 Desktop Computer Quad-Core 8 Thread 16GB RAM 512GB SSD Full Set Pc Computer (Pc, Monitor, Mouse, Keyboard)','f3434f3qf',1,'set','2026-03-25 16:35:09',NULL,'NOT_CHECKED','','','','','Missing','Pending physical check.',1,'2026-04-27 11:48:24'),(47,2,47,'AST-ASDFG2E-0003','ASDFG2E','Intel Core i5 Desktop Computer Quad-Core 8 Thread 16GB RAM 512GB SSD Full Set Pc Computer (Pc, Monitor, Mouse, Keyboard)','f23f34f34',1,'set','2026-03-25 16:35:11',NULL,'NOT_CHECKED','','','','','Missing','Pending physical check.',1,'2026-04-27 11:48:24'),(48,2,48,'AST-ASDFG2E-0004','ASDFG2E','Intel Core i5 Desktop Computer Quad-Core 8 Thread 16GB RAM 512GB SSD Full Set Pc Computer (Pc, Monitor, Mouse, Keyboard)','hg352hg54',1,'set','2026-03-25 16:35:13',NULL,'NOT_CHECKED','','','','','Missing','Pending physical check.',1,'2026-04-27 11:48:24'),(49,2,49,'AST-ASDFG2E-0005','ASDFG2E','Intel Core i5 Desktop Computer Quad-Core 8 Thread 16GB RAM 512GB SSD Full Set Pc Computer (Pc, Monitor, Mouse, Keyboard)','f234yh24',1,'set','2026-03-25 16:35:15',NULL,'NOT_CHECKED','','','','','Missing','Pending physical check.',1,'2026-04-27 11:48:24'),(50,2,50,'AST-ASDFG2E-0006','ASDFG2E','Intel Core i5 Desktop Computer Quad-Core 8 Thread 16GB RAM 512GB SSD Full Set Pc Computer (Pc, Monitor, Mouse, Keyboard)','2b4gvf2',1,'set','2026-03-25 16:35:16',NULL,'NOT_CHECKED','','','','','Missing','Pending physical check.',1,'2026-04-27 11:48:24'),(51,2,51,'AST-ASDFG2E-0007','ASDFG2E','Intel Core i5 Desktop Computer Quad-Core 8 Thread 16GB RAM 512GB SSD Full Set Pc Computer (Pc, Monitor, Mouse, Keyboard)','g234f32gfh',1,'set','2026-03-25 16:35:18',NULL,'NOT_CHECKED','','','','','Missing','Pending physical check.',1,'2026-04-27 11:48:24'),(52,2,52,'AST-ASDFG2E-0008','ASDFG2E','Intel Core i5 Desktop Computer Quad-Core 8 Thread 16GB RAM 512GB SSD Full Set Pc Computer (Pc, Monitor, Mouse, Keyboard)','g52234g245',1,'set','2026-03-25 16:35:20',NULL,'NOT_CHECKED','','','','','Missing','Pending physical check.',1,'2026-04-27 11:48:24'),(53,2,53,'AST-ASDFG2E-0009','ASDFG2E','Intel Core i5 Desktop Computer Quad-Core 8 Thread 16GB RAM 512GB SSD Full Set Pc Computer (Pc, Monitor, Mouse, Keyboard)','f234f5542',1,'set','2026-03-25 16:35:22',NULL,'NOT_CHECKED','','','','','Missing','Pending physical check.',1,'2026-04-27 11:48:24'),(54,2,54,'AST-ASDFG2E-0010','ASDFG2E','Intel Core i5 Desktop Computer Quad-Core 8 Thread 16GB RAM 512GB SSD Full Set Pc Computer (Pc, Monitor, Mouse, Keyboard)','f23gh24',1,'set','2026-03-25 16:35:24',NULL,'NOT_CHECKED','','','','','Missing','Pending physical check.',1,'2026-04-27 11:48:24'),(55,2,55,'AST-ASDFG2E-0011','ASDFG2E','Intel Core i5 Desktop Computer Quad-Core 8 Thread 16GB RAM 512GB SSD Full Set Pc Computer (Pc, Monitor, Mouse, Keyboard)','fc23vb525',1,'set','2026-03-25 16:35:26',NULL,'NOT_CHECKED','','','','','Missing','Pending physical check.',1,'2026-04-27 11:48:24'),(56,2,56,'AST-ASDFG2E-0012','ASDFG2E','Intel Core i5 Desktop Computer Quad-Core 8 Thread 16GB RAM 512GB SSD Full Set Pc Computer (Pc, Monitor, Mouse, Keyboard)','f235h24c',1,'set','2026-03-25 16:35:28',NULL,'NOT_CHECKED','','','','','Missing','Pending physical check.',1,'2026-04-27 11:48:24'),(57,2,57,'AST-ASDFG2E-0013','ASDFG2E','Intel Core i5 Desktop Computer Quad-Core 8 Thread 16GB RAM 512GB SSD Full Set Pc Computer (Pc, Monitor, Mouse, Keyboard)','f23g234f5',1,'set','2026-03-25 16:35:30',NULL,'NOT_CHECKED','','','','','Missing','Pending physical check.',1,'2026-04-27 11:48:24'),(58,2,58,'AST-ASDFG2E-0014','ASDFG2E','Intel Core i5 Desktop Computer Quad-Core 8 Thread 16GB RAM 512GB SSD Full Set Pc Computer (Pc, Monitor, Mouse, Keyboard)','g235fc52f',1,'set','2026-03-25 16:35:31',NULL,'NOT_CHECKED','','','','','Missing','Pending physical check.',1,'2026-04-27 11:48:24'),(59,2,59,'AST-ASDFG2E-0015','ASDFG2E','Intel Core i5 Desktop Computer Quad-Core 8 Thread 16GB RAM 512GB SSD Full Set Pc Computer (Pc, Monitor, Mouse, Keyboard)','vg254hj423',1,'set','2026-03-25 16:35:33',NULL,'NOT_CHECKED','','','','','Missing','Pending physical check.',1,'2026-04-27 11:48:24'),(60,2,60,'AST-ASDFG2E-0016','ASDFG2E','Intel Core i5 Desktop Computer Quad-Core 8 Thread 16GB RAM 512GB SSD Full Set Pc Computer (Pc, Monitor, Mouse, Keyboard)','b635b24',1,'set','2026-03-25 16:35:35',NULL,'NOT_CHECKED','','','','','Missing','Pending physical check.',1,'2026-04-27 11:48:24'),(61,2,61,'AST-ASDFG2E-0017','ASDFG2E','Intel Core i5 Desktop Computer Quad-Core 8 Thread 16GB RAM 512GB SSD Full Set Pc Computer (Pc, Monitor, Mouse, Keyboard)','cf25gv246b',1,'set','2026-03-25 16:35:37',NULL,'NOT_CHECKED','','','','','Missing','Pending physical check.',1,'2026-04-27 11:48:24'),(62,2,62,'AST-ASDFG2E-0018','ASDFG2E','Intel Core i5 Desktop Computer Quad-Core 8 Thread 16GB RAM 512GB SSD Full Set Pc Computer (Pc, Monitor, Mouse, Keyboard)','b42b24',1,'set','2026-03-25 16:35:39',NULL,'NOT_CHECKED','','','','','Missing','Pending physical check.',1,'2026-04-27 11:48:24'),(63,2,63,'AST-ASDFG2E-0019','ASDFG2E','Intel Core i5 Desktop Computer Quad-Core 8 Thread 16GB RAM 512GB SSD Full Set Pc Computer (Pc, Monitor, Mouse, Keyboard)','b2452v',1,'set','2026-03-25 16:35:41',NULL,'NOT_CHECKED','','','','','Missing','Pending physical check.',1,'2026-04-27 11:48:24'),(64,2,64,'AST-ASDFG2E-0020','ASDFG2E','Intel Core i5 Desktop Computer Quad-Core 8 Thread 16GB RAM 512GB SSD Full Set Pc Computer (Pc, Monitor, Mouse, Keyboard)','hg462h',1,'set','2026-03-25 16:35:43',NULL,'NOT_CHECKED','','','','','Missing','Pending physical check.',1,'2026-04-27 11:48:24'),(65,2,65,'AST-ASDFG2E-0021','ASDFG2E','Intel Core i5 Desktop Computer Quad-Core 8 Thread 16GB RAM 512GB SSD Full Set Pc Computer (Pc, Monitor, Mouse, Keyboard)','735h735h',1,'set','2026-03-25 16:35:44',NULL,'NOT_CHECKED','','','','','Missing','Pending physical check.',1,'2026-04-27 11:48:24'),(66,2,66,'AST-ASDFG2E-0022','ASDFG2E','Intel Core i5 Desktop Computer Quad-Core 8 Thread 16GB RAM 512GB SSD Full Set Pc Computer (Pc, Monitor, Mouse, Keyboard)','h356h35',1,'set','2026-03-25 16:35:47',NULL,'NOT_CHECKED','','','','','Missing','Pending physical check.',1,'2026-04-27 11:48:24'),(67,2,67,'AST-ASDFG2E-0023','ASDFG2E','Intel Core i5 Desktop Computer Quad-Core 8 Thread 16GB RAM 512GB SSD Full Set Pc Computer (Pc, Monitor, Mouse, Keyboard)','g24g52',1,'set','2026-03-25 16:35:49',NULL,'NOT_CHECKED','','','','','Missing','Pending physical check.',1,'2026-04-27 11:48:24'),(68,2,68,'AST-ASDFG2E-0024','ASDFG2E','Intel Core i5 Desktop Computer Quad-Core 8 Thread 16GB RAM 512GB SSD Full Set Pc Computer (Pc, Monitor, Mouse, Keyboard)','2g24g',1,'set','2026-03-25 16:35:50',NULL,'NOT_CHECKED','','','','','Missing','Pending physical check.',1,'2026-04-27 11:48:24'),(69,2,69,'AST-ASDFG2E-0025','ASDFG2E','Intel Core i5 Desktop Computer Quad-Core 8 Thread 16GB RAM 512GB SSD Full Set Pc Computer (Pc, Monitor, Mouse, Keyboard)','246b462',1,'set','2026-03-25 16:35:52',NULL,'NOT_CHECKED','','','','','Missing','Pending physical check.',1,'2026-04-27 11:48:24'),(70,2,70,'AST-ASDFG2E-0026','ASDFG2E','Intel Core i5 Desktop Computer Quad-Core 8 Thread 16GB RAM 512GB SSD Full Set Pc Computer (Pc, Monitor, Mouse, Keyboard)','2f5hg246h24',1,'set','2026-03-25 16:35:54',NULL,'NOT_CHECKED','','','','','Missing','Pending physical check.',1,'2026-04-27 11:48:24'),(71,2,71,'AST-ASDFG2E-0027','ASDFG2E','Intel Core i5 Desktop Computer Quad-Core 8 Thread 16GB RAM 512GB SSD Full Set Pc Computer (Pc, Monitor, Mouse, Keyboard)','g25g2435h642',1,'set','2026-03-25 16:35:56',NULL,'NOT_CHECKED','','','','','Missing','Pending physical check.',1,'2026-04-27 11:48:24'),(72,2,72,'AST-ASDFG2E-0028','ASDFG2E','Intel Core i5 Desktop Computer Quad-Core 8 Thread 16GB RAM 512GB SSD Full Set Pc Computer (Pc, Monitor, Mouse, Keyboard)','2hb642h246h',1,'set','2026-03-25 16:35:58',NULL,'NOT_CHECKED','','','','','Missing','Pending physical check.',1,'2026-04-27 11:48:24'),(73,2,73,'AST-ASDFG2E-0029','ASDFG2E','Intel Core i5 Desktop Computer Quad-Core 8 Thread 16GB RAM 512GB SSD Full Set Pc Computer (Pc, Monitor, Mouse, Keyboard)','b24b234bv24',1,'set','2026-03-25 16:36:00',NULL,'NOT_CHECKED','','','','','Missing','Pending physical check.',1,'2026-04-27 11:48:24'),(74,2,74,'AST-ASDFG2E-0030','ASDFG2E','Intel Core i5 Desktop Computer Quad-Core 8 Thread 16GB RAM 512GB SSD Full Set Pc Computer (Pc, Monitor, Mouse, Keyboard)','bg52b42b',1,'set','2026-03-25 16:36:01',NULL,'NOT_CHECKED','','','','','Missing','Pending physical check.',1,'2026-04-27 11:48:24'),(75,2,75,'AST-ASDFG2E-0031','ASDFG2E','Intel Core i5 Desktop Computer Quad-Core 8 Thread 16GB RAM 512GB SSD Full Set Pc Computer (Pc, Monitor, Mouse, Keyboard)','b2462b642',1,'set','2026-03-25 16:36:03',NULL,'NOT_CHECKED','','','','','Missing','Pending physical check.',1,'2026-04-27 11:48:24'),(76,2,76,'AST-ASDFG2E-0032','ASDFG2E','Intel Core i5 Desktop Computer Quad-Core 8 Thread 16GB RAM 512GB SSD Full Set Pc Computer (Pc, Monitor, Mouse, Keyboard)','b24b624v24',1,'set','2026-03-25 16:36:05',NULL,'NOT_CHECKED','','','','','Missing','Pending physical check.',1,'2026-04-27 11:48:24'),(77,2,77,'AST-ASDFG2E-0033','ASDFG2E','Intel Core i5 Desktop Computer Quad-Core 8 Thread 16GB RAM 512GB SSD Full Set Pc Computer (Pc, Monitor, Mouse, Keyboard)','bn246b246',1,'set','2026-03-25 16:36:07',NULL,'NOT_CHECKED','','','','','Missing','Pending physical check.',1,'2026-04-27 11:48:24'),(78,2,78,'AST-ASDFG2E-0034','ASDFG2E','Intel Core i5 Desktop Computer Quad-Core 8 Thread 16GB RAM 512GB SSD Full Set Pc Computer (Pc, Monitor, Mouse, Keyboard)','b246b24b246',1,'set','2026-03-25 16:36:09',NULL,'NOT_CHECKED','','','','','Missing','Pending physical check.',1,'2026-04-27 11:48:24'),(79,2,79,'AST-ASDFG2E-0035','ASDFG2E','Intel Core i5 Desktop Computer Quad-Core 8 Thread 16GB RAM 512GB SSD Full Set Pc Computer (Pc, Monitor, Mouse, Keyboard)','b246b246b',1,'set','2026-03-25 16:36:11',NULL,'NOT_CHECKED','','','','','Missing','Pending physical check.',1,'2026-04-27 11:48:24'),(80,2,80,'AST-ASDFG2E-0036','ASDFG2E','Intel Core i5 Desktop Computer Quad-Core 8 Thread 16GB RAM 512GB SSD Full Set Pc Computer (Pc, Monitor, Mouse, Keyboard)','b246b642b24',1,'set','2026-03-25 16:36:12',NULL,'NOT_CHECKED','','','','','Missing','Pending physical check.',1,'2026-04-27 11:48:24'),(81,2,81,'AST-1234651-0001','1234651','Uratex Monoblock 101 Classic Chair','',1,'Pcs','2026-03-25 16:44:47',NULL,'NOT_CHECKED','','','','','Missing','Pending physical check.',1,'2026-04-27 11:48:24'),(82,2,82,'AST-1234651-0002','1234651','Uratex Monoblock 101 Classic Chair','',1,'Pcs','2026-03-25 16:44:50',NULL,'NOT_CHECKED','','','','','Missing','Pending physical check.',1,'2026-04-27 11:48:24'),(83,2,83,'AST-1234651-0003','1234651','Uratex Monoblock 101 Classic Chair','',1,'Pcs','2026-03-25 16:44:52',NULL,'NOT_CHECKED','','','','','Missing','Pending physical check.',1,'2026-04-27 11:48:24'),(84,2,84,'AST-1234651-0004','1234651','Uratex Monoblock 101 Classic Chair','',1,'Pcs','2026-03-25 16:44:55',NULL,'NOT_CHECKED','','','','','Missing','Pending physical check.',1,'2026-04-27 11:48:24'),(85,2,85,'AST-1234651-0005','1234651','Uratex Monoblock 101 Classic Chair','',1,'Pcs','2026-03-25 16:44:58',NULL,'NOT_CHECKED','','','','','Missing','Pending physical check.',1,'2026-04-27 11:48:24'),(86,2,86,'AST-1234651-0006','1234651','Uratex Monoblock 101 Classic Chair','',1,'Pcs','2026-03-25 16:45:01',NULL,'NOT_CHECKED','','','','','Missing','Pending physical check.',1,'2026-04-27 11:48:24'),(87,2,87,'AST-1234651-0007','1234651','Uratex Monoblock 101 Classic Chair','',1,'Pcs','2026-03-25 16:45:03',NULL,'NOT_CHECKED','','','','','Missing','Pending physical check.',1,'2026-04-27 11:48:24'),(88,2,88,'AST-1234651-0008','1234651','Uratex Monoblock 101 Classic Chair','',1,'Pcs','2026-03-25 16:45:06',NULL,'NOT_CHECKED','','','','','Missing','Pending physical check.',1,'2026-04-27 11:48:24'),(89,2,89,'AST-1234651-0009','1234651','Uratex Monoblock 101 Classic Chair','',1,'Pcs','2026-03-25 16:45:08',NULL,'NOT_CHECKED','','','','','Missing','Pending physical check.',1,'2026-04-27 11:48:24'),(90,2,90,'AST-1234651-0010','1234651','Uratex Monoblock 101 Classic Chair','',1,'Pcs','2026-03-25 16:45:10',NULL,'NOT_CHECKED','','','','','Missing','Pending physical check.',1,'2026-04-27 11:48:24'),(91,2,91,'AST-1234651-0011','1234651','Uratex Monoblock 101 Classic Chair','',1,'Pcs','2026-03-25 16:45:12',NULL,'NOT_CHECKED','','','','','Missing','Pending physical check.',1,'2026-04-27 11:48:24'),(92,2,92,'AST-1234651-0012','1234651','Uratex Monoblock 101 Classic Chair','',1,'Pcs','2026-03-25 16:45:14',NULL,'NOT_CHECKED','','','','','Missing','Pending physical check.',1,'2026-04-27 11:48:24'),(93,2,93,'AST-1234651-0013','1234651','Uratex Monoblock 101 Classic Chair','',1,'Pcs','2026-03-25 16:45:15',NULL,'NOT_CHECKED','','','','','Missing','Pending physical check.',1,'2026-04-27 11:48:24'),(94,2,94,'AST-1234651-0014','1234651','Uratex Monoblock 101 Classic Chair','',1,'Pcs','2026-03-25 16:45:17',NULL,'NOT_CHECKED','','','','','Missing','Pending physical check.',1,'2026-04-27 11:48:24'),(95,2,95,'AST-1234651-0015','1234651','Uratex Monoblock 101 Classic Chair','',1,'Pcs','2026-03-25 16:45:19',NULL,'NOT_CHECKED','','','','','Missing','Pending physical check.',1,'2026-04-27 11:48:24'),(96,2,96,'AST-1234651-0016','1234651','Uratex Monoblock 101 Classic Chair','',1,'Pcs','2026-03-25 16:45:21',NULL,'NOT_CHECKED','','','','','Missing','Pending physical check.',1,'2026-04-27 11:48:24'),(97,2,97,'AST-1234651-0017','1234651','Uratex Monoblock 101 Classic Chair','',1,'Pcs','2026-03-25 16:45:23',NULL,'NOT_CHECKED','','','','','Missing','Pending physical check.',1,'2026-04-27 11:48:24'),(98,2,98,'AST-1234651-0018','1234651','Uratex Monoblock 101 Classic Chair','',1,'Pcs','2026-03-25 16:45:25',NULL,'NOT_CHECKED','','','','','Missing','Pending physical check.',1,'2026-04-27 11:48:24'),(99,2,99,'AST-1234651-0019','1234651','Uratex Monoblock 101 Classic Chair','',1,'Pcs','2026-03-25 16:45:26',NULL,'NOT_CHECKED','','','','','Missing','Pending physical check.',1,'2026-04-27 11:48:24'),(100,2,100,'AST-1234651-0020','1234651','Uratex Monoblock 101 Classic Chair','',1,'Pcs','2026-03-25 16:45:28',NULL,'NOT_CHECKED','','','','','Missing','Pending physical check.',1,'2026-04-27 11:48:24'),(101,2,101,'AST-1234651-0021','1234651','Uratex Monoblock 101 Classic Chair','',1,'Pcs','2026-03-25 16:45:30',NULL,'NOT_CHECKED','','','','','Missing','Pending physical check.',1,'2026-04-27 11:48:24'),(102,2,102,'AST-1234651-0022','1234651','Uratex Monoblock 101 Classic Chair','',1,'Pcs','2026-03-25 16:45:32',NULL,'NOT_CHECKED','','','','','Missing','Pending physical check.',1,'2026-04-27 11:48:24'),(103,2,103,'AST-1234651-0023','1234651','Uratex Monoblock 101 Classic Chair','',1,'Pcs','2026-03-25 16:45:34',NULL,'NOT_CHECKED','','','','','Missing','Pending physical check.',1,'2026-04-27 11:48:24'),(104,2,104,'AST-1234651-0024','1234651','Uratex Monoblock 101 Classic Chair','',1,'Pcs','2026-03-25 16:45:36',NULL,'NOT_CHECKED','','','','','Missing','Pending physical check.',1,'2026-04-27 11:48:24'),(105,2,105,'AST-1234651-0025','1234651','Uratex Monoblock 101 Classic Chair','',1,'Pcs','2026-03-25 16:45:37',NULL,'NOT_CHECKED','','','','','Missing','Pending physical check.',1,'2026-04-27 11:48:24'),(106,2,106,'AST-1234651-0026','1234651','Uratex Monoblock 101 Classic Chair','',1,'Pcs','2026-03-25 16:45:39',NULL,'NOT_CHECKED','','','','','Missing','Pending physical check.',1,'2026-04-27 11:48:24'),(107,2,107,'AST-1234651-0027','1234651','Uratex Monoblock 101 Classic Chair','',1,'Pcs','2026-03-25 16:45:41',NULL,'NOT_CHECKED','','','','','Missing','Pending physical check.',1,'2026-04-27 11:48:24'),(108,2,108,'AST-1234651-0028','1234651','Uratex Monoblock 101 Classic Chair','',1,'Pcs','2026-03-25 16:45:43',NULL,'NOT_CHECKED','','','','','Missing','Pending physical check.',1,'2026-04-27 11:48:24'),(109,2,109,'AST-1234651-0029','1234651','Uratex Monoblock 101 Classic Chair','',1,'Pcs','2026-03-25 16:45:45',NULL,'NOT_CHECKED','','','','','Missing','Pending physical check.',1,'2026-04-27 11:48:24'),(110,2,110,'AST-1234651-0030','1234651','Uratex Monoblock 101 Classic Chair','',1,'Pcs','2026-03-25 16:45:47',NULL,'NOT_CHECKED','','','','','Missing','Pending physical check.',1,'2026-04-27 11:48:24'),(111,2,111,'AST-1234651-0031','1234651','Uratex Monoblock 101 Classic Chair','',1,'Pcs','2026-03-25 16:45:48',NULL,'NOT_CHECKED','','','','','Missing','Pending physical check.',1,'2026-04-27 11:48:24'),(112,2,112,'AST-1234651-0032','1234651','Uratex Monoblock 101 Classic Chair','',1,'Pcs','2026-03-25 16:45:50',NULL,'NOT_CHECKED','','','','','Missing','Pending physical check.',1,'2026-04-27 11:48:24'),(113,2,113,'AST-1234651-0033','1234651','Uratex Monoblock 101 Classic Chair','',1,'Pcs','2026-03-25 16:45:52',NULL,'NOT_CHECKED','','','','','Missing','Pending physical check.',1,'2026-04-27 11:48:24'),(114,2,114,'AST-1234651-0034','1234651','Uratex Monoblock 101 Classic Chair','',1,'Pcs','2026-03-25 16:45:54',NULL,'NOT_CHECKED','','','','','Missing','Pending physical check.',1,'2026-04-27 11:48:24'),(115,2,115,'AST-1234651-0035','1234651','Uratex Monoblock 101 Classic Chair','',1,'Pcs','2026-03-25 16:45:56',NULL,'NOT_CHECKED','','','','','Missing','Pending physical check.',1,'2026-04-27 11:48:24'),(116,2,116,'AST-1234651-0036','1234651','Uratex Monoblock 101 Classic Chair','',1,'Pcs','2026-03-25 16:45:59',NULL,'NOT_CHECKED','','','','','Missing','Pending physical check.',1,'2026-04-27 11:48:24'),(117,2,117,'AST-1234651-0037','1234651','Uratex Monoblock 101 Classic Chair','',1,'Pcs','2026-03-25 16:46:00',NULL,'NOT_CHECKED','','','','','Missing','Pending physical check.',1,'2026-04-27 11:48:24'),(118,2,118,'AST-1234651-0038','1234651','Uratex Monoblock 101 Classic Chair','',1,'Pcs','2026-03-25 16:46:02',NULL,'NOT_CHECKED','','','','','Missing','Pending physical check.',1,'2026-04-27 11:48:24'),(119,2,119,'AST-1234651-0039','1234651','Uratex Monoblock 101 Classic Chair','',1,'Pcs','2026-03-25 16:46:04',NULL,'NOT_CHECKED','','','','','Missing','Pending physical check.',1,'2026-04-27 11:48:24'),(120,2,120,'AST-1234651-0040','1234651','Uratex Monoblock 101 Classic Chair','',1,'Pcs','2026-03-25 16:46:06',NULL,'NOT_CHECKED','','','','','Missing','Pending physical check.',1,'2026-04-27 11:48:24'),(121,2,121,'AST-1234651-0041','1234651','Uratex Monoblock 101 Classic Chair','',1,'Pcs','2026-03-25 16:46:08',NULL,'NOT_CHECKED','','','','','Missing','Pending physical check.',1,'2026-04-27 11:48:24'),(122,2,122,'AST-1234651-0042','1234651','Uratex Monoblock 101 Classic Chair','',1,'Pcs','2026-03-25 16:46:10',NULL,'NOT_CHECKED','','','','','Missing','Pending physical check.',1,'2026-04-27 11:48:24'),(123,2,123,'AST-1234651-0043','1234651','Uratex Monoblock 101 Classic Chair','',1,'Pcs','2026-03-25 16:46:11',NULL,'NOT_CHECKED','','','','','Missing','Pending physical check.',1,'2026-04-27 11:48:24'),(124,2,124,'AST-1234651-0044','1234651','Uratex Monoblock 101 Classic Chair','',1,'Pcs','2026-03-25 16:46:13',NULL,'NOT_CHECKED','','','','','Missing','Pending physical check.',1,'2026-04-27 11:48:24'),(125,2,125,'AST-1234651-0045','1234651','Uratex Monoblock 101 Classic Chair','',1,'Pcs','2026-03-25 16:46:15',NULL,'NOT_CHECKED','','','','','Missing','Pending physical check.',1,'2026-04-27 11:48:24'),(126,2,126,'AST-1234651-0046','1234651','Uratex Monoblock 101 Classic Chair','',1,'Pcs','2026-03-25 16:46:17',NULL,'NOT_CHECKED','','','','','Missing','Pending physical check.',1,'2026-04-27 11:48:24'),(127,2,127,'AST-1234651-0047','1234651','Uratex Monoblock 101 Classic Chair','',1,'Pcs','2026-03-25 16:46:18',NULL,'NOT_CHECKED','','','','','Missing','Pending physical check.',1,'2026-04-27 11:48:24'),(128,2,128,'AST-1234651-0048','1234651','Uratex Monoblock 101 Classic Chair','',1,'Pcs','2026-03-25 16:46:20',NULL,'NOT_CHECKED','','','','','Missing','Pending physical check.',1,'2026-04-27 11:48:24'),(129,2,129,'AST-1234651-0049','1234651','Uratex Monoblock 101 Classic Chair','',1,'Pcs','2026-03-25 16:46:22',NULL,'NOT_CHECKED','','','','','Missing','Pending physical check.',1,'2026-04-27 11:48:24'),(130,2,130,'AST-1234651-0050','1234651','Uratex Monoblock 101 Classic Chair','',1,'Pcs','2026-03-25 16:46:24',NULL,'NOT_CHECKED','','','','','Missing','Pending physical check.',1,'2026-04-27 11:48:24'),(131,2,131,'AST-5455454R4WERWERRWERWERWERWERWERWE-0001','5455454R4WERWERRWERWERWERWERWERWE','rb se bw ew e','',1,'Pcs','2026-03-30 10:57:43',NULL,'NOT_CHECKED','','','','','Missing','Pending physical check.',1,'2026-04-27 11:48:24'),(132,2,132,'AST-5455454R4WERWERRWERWERWERWERWERWE-0002','5455454R4WERWERRWERWERWERWERWERWE','rb se bw ew e','',1,'Pcs','2026-03-30 10:57:46',NULL,'NOT_CHECKED','','','','','Missing','Pending physical check.',1,'2026-04-27 11:48:24'),(133,2,133,'AST-5455454R4WERWERRWERWERWERWERWERWE-0003','5455454R4WERWERRWERWERWERWERWERWE','rb se bw ew e','',1,'Pcs','2026-03-30 10:57:48',NULL,'NOT_CHECKED','','','','','Missing','Pending physical check.',1,'2026-04-27 11:48:24'),(134,2,134,'AST-5455454R4WERWERRWERWERWERWERWERWE-0004','5455454R4WERWERRWERWERWERWERWERWE','rb se bw ew e','',1,'Pcs','2026-03-30 10:57:50',NULL,'NOT_CHECKED','','','','','Missing','Pending physical check.',1,'2026-04-27 11:48:24'),(135,2,135,'AST-5455454R4WERWERRWERWERWERWERWERWE-0005','5455454R4WERWERRWERWERWERWERWERWE','rb se bw ew e','',1,'Pcs','2026-03-30 10:57:52',NULL,'NOT_CHECKED','','','','','Missing','Pending physical check.',1,'2026-04-27 11:48:24'),(136,2,136,'AST-5455454R4WERWERRWERWERWERWERWERWE-0006','5455454R4WERWERRWERWERWERWERWERWE','rb se bw ew e','',1,'Pcs','2026-03-30 10:57:53',NULL,'NOT_CHECKED','','','','','Missing','Pending physical check.',1,'2026-04-27 11:48:24'),(137,2,137,'AST-5455454R4WERWERRWERWERWERWERWERWE-0007','5455454R4WERWERRWERWERWERWERWERWE','rb se bw ew e','',1,'Pcs','2026-03-30 10:57:55',NULL,'NOT_CHECKED','','','','','Missing','Pending physical check.',1,'2026-04-27 11:48:24'),(138,2,138,'AST-5455454R4WERWERRWERWERWERWERWERWE-0008','5455454R4WERWERRWERWERWERWERWERWE','rb se bw ew e','',1,'Pcs','2026-03-30 10:57:56',NULL,'NOT_CHECKED','','','','','Missing','Pending physical check.',1,'2026-04-27 11:48:24'),(139,2,139,'AST-5455454R4WERWERRWERWERWERWERWERWE-0009','5455454R4WERWERRWERWERWERWERWERWE','rb se bw ew e','',1,'Pcs','2026-03-30 10:57:58',NULL,'NOT_CHECKED','','','','','Missing','Pending physical check.',1,'2026-04-27 11:48:24'),(140,2,140,'AST-5455454R4WERWERRWERWERWERWERWERWE-0010','5455454R4WERWERRWERWERWERWERWERWE','rb se bw ew e','',1,'Pcs','2026-03-30 10:57:59',NULL,'NOT_CHECKED','','','','','Missing','Pending physical check.',1,'2026-04-27 11:48:24'),(141,2,141,'AST-5455454R4WERWERRWERWERWERWERWERWE-0011','5455454R4WERWERRWERWERWERWERWERWE','rb se bw ew e','',1,'Pcs','2026-03-30 10:58:01',NULL,'NOT_CHECKED','','','','','Missing','Pending physical check.',1,'2026-04-27 11:48:24'),(142,2,142,'AST-5455454R4WERWERRWERWERWERWERWERWE-0012','5455454R4WERWERRWERWERWERWERWERWE','rb se bw ew e','',1,'Pcs','2026-03-30 10:58:02',NULL,'NOT_CHECKED','','','','','Missing','Pending physical check.',1,'2026-04-27 11:48:24'),(143,2,143,'AST-5455454R4WERWERRWERWERWERWERWERWE-0013','5455454R4WERWERRWERWERWERWERWERWE','rb se bw ew e','',1,'Pcs','2026-03-30 10:58:04',NULL,'NOT_CHECKED','','','','','Missing','Pending physical check.',1,'2026-04-27 11:48:24'),(144,2,144,'AST-5455454R4WERWERRWERWERWERWERWERWE-0014','5455454R4WERWERRWERWERWERWERWERWE','rb se bw ew e','',1,'Pcs','2026-03-30 10:58:05',NULL,'NOT_CHECKED','','','','','Missing','Pending physical check.',1,'2026-04-27 11:48:24'),(145,2,145,'AST-5455454R4WERWERRWERWERWERWERWERWE-0015','5455454R4WERWERRWERWERWERWERWERWE','rb se bw ew e','',1,'Pcs','2026-03-30 10:58:07',NULL,'NOT_CHECKED','','','','','Missing','Pending physical check.',1,'2026-04-27 11:48:24'),(146,2,146,'AST-5455454R4WERWERRWERWERWERWERWERWE-0016','5455454R4WERWERRWERWERWERWERWERWE','rb se bw ew e','',1,'Pcs','2026-03-30 10:58:08',NULL,'NOT_CHECKED','','','','','Missing','Pending physical check.',1,'2026-04-27 11:48:24'),(147,2,147,'AST-5455454R4WERWERRWERWERWERWERWERWE-0017','5455454R4WERWERRWERWERWERWERWERWE','rb se bw ew e','',1,'Pcs','2026-03-30 10:58:10',NULL,'NOT_CHECKED','','','','','Missing','Pending physical check.',1,'2026-04-27 11:48:24'),(148,2,148,'AST-5455454R4WERWERRWERWERWERWERWERWE-0018','5455454R4WERWERRWERWERWERWERWERWE','rb se bw ew e','',1,'Pcs','2026-03-30 10:58:12',NULL,'NOT_CHECKED','','','','','Missing','Pending physical check.',1,'2026-04-27 11:48:24'),(149,2,149,'AST-5455454R4WERWERRWERWERWERWERWERWE-0019','5455454R4WERWERRWERWERWERWERWERWE','rb se bw ew e','',1,'Pcs','2026-03-30 10:58:13',NULL,'NOT_CHECKED','','','','','Missing','Pending physical check.',1,'2026-04-27 11:48:24'),(150,2,150,'AST-5455454R4WERWERRWERWERWERWERWERWE-0020','5455454R4WERWERRWERWERWERWERWERWE','rb se bw ew e','',1,'Pcs','2026-03-30 10:58:15',NULL,'NOT_CHECKED','','','','','Missing','Pending physical check.',1,'2026-04-27 11:48:24'),(151,2,151,'AST-5455454R4WERWERRWERWERWERWERWERWE-0021','5455454R4WERWERRWERWERWERWERWERWE','rb se bw ew e','',1,'Pcs','2026-03-30 10:58:16',NULL,'NOT_CHECKED','','','','','Missing','Pending physical check.',1,'2026-04-27 11:48:24'),(152,2,152,'AST-5455454R4WERWERRWERWERWERWERWERWE-0022','5455454R4WERWERRWERWERWERWERWERWE','rb se bw ew e','',1,'Pcs','2026-03-30 10:58:18',NULL,'NOT_CHECKED','','','','','Missing','Pending physical check.',1,'2026-04-27 11:48:24'),(153,2,153,'AST-5455454R4WERWERRWERWERWERWERWERWE-0023','5455454R4WERWERRWERWERWERWERWERWE','rb se bw ew e','',1,'Pcs','2026-03-30 10:58:20',NULL,'NOT_CHECKED','','','','','Missing','Pending physical check.',1,'2026-04-27 11:48:24'),(154,2,154,'AST-5455454R4WERWERRWERWERWERWERWERWE-0024','5455454R4WERWERRWERWERWERWERWERWE','rb se bw ew e','',1,'Pcs','2026-03-30 10:58:23',NULL,'NOT_CHECKED','','','','','Missing','Pending physical check.',1,'2026-04-27 11:48:24'),(155,2,155,'AST-5455454R4WERWERRWERWERWERWERWERWE-0025','5455454R4WERWERRWERWERWERWERWERWE','rb se bw ew e','',1,'Pcs','2026-03-30 10:58:25',NULL,'NOT_CHECKED','','','','','Missing','Pending physical check.',1,'2026-04-27 11:48:24'),(156,2,156,'AST-5455454R4WERWERRWERWERWERWERWERWE-0026','5455454R4WERWERRWERWERWERWERWERWE','rb se bw ew e','',1,'Pcs','2026-03-30 10:58:27',NULL,'NOT_CHECKED','','','','','Missing','Pending physical check.',1,'2026-04-27 11:48:24'),(157,2,157,'AST-5455454R4WERWERRWERWERWERWERWERWE-0027','5455454R4WERWERRWERWERWERWERWERWE','rb se bw ew e','',1,'Pcs','2026-03-30 10:58:28',NULL,'NOT_CHECKED','','','','','Missing','Pending physical check.',1,'2026-04-27 11:48:24'),(158,2,158,'AST-5455454R4WERWERRWERWERWERWERWERWE-0028','5455454R4WERWERRWERWERWERWERWERWE','rb se bw ew e','',1,'Pcs','2026-03-30 10:58:30',NULL,'NOT_CHECKED','','','','','Missing','Pending physical check.',1,'2026-04-27 11:48:24'),(159,2,159,'AST-5455454R4WERWERRWERWERWERWERWERWE-0029','5455454R4WERWERRWERWERWERWERWERWE','rb se bw ew e','',1,'Pcs','2026-03-30 10:58:31',NULL,'NOT_CHECKED','','','','','Missing','Pending physical check.',1,'2026-04-27 11:48:24'),(160,2,160,'AST-5455454R4WERWERRWERWERWERWERWERWE-0030','5455454R4WERWERRWERWERWERWERWERWE','rb se bw ew e','',1,'Pcs','2026-03-30 10:58:33',NULL,'NOT_CHECKED','','','','','Missing','Pending physical check.',1,'2026-04-27 11:48:24'),(161,2,161,'AST-5455454R4WERWERRWERWERWERWERWERWE-0031','5455454R4WERWERRWERWERWERWERWERWE','rb se bw ew e','',1,'Pcs','2026-03-30 10:58:34',NULL,'NOT_CHECKED','','','','','Missing','Pending physical check.',1,'2026-04-27 11:48:24'),(162,2,162,'AST-5455454R4WERWERRWERWERWERWERWERWE-0032','5455454R4WERWERRWERWERWERWERWERWE','rb se bw ew e','',1,'Pcs','2026-03-30 10:58:36',NULL,'NOT_CHECKED','','','','','Missing','Pending physical check.',1,'2026-04-27 11:48:24'),(163,2,163,'AST-5455454R4WERWERRWERWERWERWERWERWE-0033','5455454R4WERWERRWERWERWERWERWERWE','rb se bw ew e','',1,'Pcs','2026-03-30 10:58:37',NULL,'NOT_CHECKED','','','','','Missing','Pending physical check.',1,'2026-04-27 11:48:24'),(164,2,164,'AST-5455454R4WERWERRWERWERWERWERWERWE-0034','5455454R4WERWERRWERWERWERWERWERWE','rb se bw ew e','',1,'Pcs','2026-03-30 10:58:39',NULL,'NOT_CHECKED','','','','','Missing','Pending physical check.',1,'2026-04-27 11:48:24'),(165,2,165,'AST-5455454R4WERWERRWERWERWERWERWERWE-0035','5455454R4WERWERRWERWERWERWERWERWE','rb se bw ew e','',1,'Pcs','2026-03-30 10:58:41',NULL,'NOT_CHECKED','','','','','Missing','Pending physical check.',1,'2026-04-27 11:48:24'),(166,2,166,'AST-5455454R4WERWERRWERWERWERWERWERWE-0036','5455454R4WERWERRWERWERWERWERWERWE','rb se bw ew e','',1,'Pcs','2026-03-30 10:58:42',NULL,'NOT_CHECKED','','','','','Missing','Pending physical check.',1,'2026-04-27 11:48:24'),(167,2,167,'AST-5455454R4WERWERRWERWERWERWERWERWE-0037','5455454R4WERWERRWERWERWERWERWERWE','rb se bw ew e','',1,'Pcs','2026-03-30 10:58:43',NULL,'NOT_CHECKED','','','','','Missing','Pending physical check.',1,'2026-04-27 11:48:24'),(168,2,168,'AST-5455454R4WERWERRWERWERWERWERWERWE-0038','5455454R4WERWERRWERWERWERWERWERWE','rb se bw ew e','',1,'Pcs','2026-03-30 10:58:45',NULL,'NOT_CHECKED','','','','','Missing','Pending physical check.',1,'2026-04-27 11:48:24'),(169,2,169,'AST-5455454R4WERWERRWERWERWERWERWERWE-0039','5455454R4WERWERRWERWERWERWERWERWE','rb se bw ew e','',1,'Pcs','2026-03-30 10:58:46',NULL,'NOT_CHECKED','','','','','Missing','Pending physical check.',1,'2026-04-27 11:48:24'),(170,2,170,'AST-5455454R4WERWERRWERWERWERWERWERWE-0040','5455454R4WERWERRWERWERWERWERWERWE','rb se bw ew e','',1,'Pcs','2026-03-30 10:58:48',NULL,'NOT_CHECKED','','','','','Missing','Pending physical check.',1,'2026-04-27 11:48:24'),(171,2,171,'AST-5455454R4WERWERRWERWERWERWERWERWE-0041','5455454R4WERWERRWERWERWERWERWERWE','rb se bw ew e','',1,'Pcs','2026-03-30 10:58:49',NULL,'NOT_CHECKED','','','','','Missing','Pending physical check.',1,'2026-04-27 11:48:24'),(172,2,172,'AST-5455454R4WERWERRWERWERWERWERWERWE-0042','5455454R4WERWERRWERWERWERWERWERWE','rb se bw ew e','',1,'Pcs','2026-03-30 10:58:51',NULL,'NOT_CHECKED','','','','','Missing','Pending physical check.',1,'2026-04-27 11:48:24'),(173,2,173,'AST-5455454R4WERWERRWERWERWERWERWERWE-0043','5455454R4WERWERRWERWERWERWERWERWE','rb se bw ew e','',1,'Pcs','2026-03-30 10:58:52',NULL,'NOT_CHECKED','','','','','Missing','Pending physical check.',1,'2026-04-27 11:48:24'),(174,2,174,'AST-5455454R4WERWERRWERWERWERWERWERWE-0044','5455454R4WERWERRWERWERWERWERWERWE','rb se bw ew e','',1,'Pcs','2026-03-30 10:58:53',NULL,'NOT_CHECKED','','','','','Missing','Pending physical check.',1,'2026-04-27 11:48:24'),(175,2,175,'AST-5455454R4WERWERRWERWERWERWERWERWE-0045','5455454R4WERWERRWERWERWERWERWERWE','rb se bw ew e','',1,'Pcs','2026-03-30 10:58:55',NULL,'NOT_CHECKED','','','','','Missing','Pending physical check.',1,'2026-04-27 11:48:24'),(176,2,176,'AST-5455454R4WERWERRWERWERWERWERWERWE-0046','5455454R4WERWERRWERWERWERWERWERWE','rb se bw ew e','',1,'Pcs','2026-03-30 10:58:56',NULL,'NOT_CHECKED','','','','','Missing','Pending physical check.',1,'2026-04-27 11:48:24'),(177,2,177,'AST-5455454R4WERWERRWERWERWERWERWERWE-0047','5455454R4WERWERRWERWERWERWERWERWE','rb se bw ew e','',1,'Pcs','2026-03-30 10:58:58',NULL,'NOT_CHECKED','','','','','Missing','Pending physical check.',1,'2026-04-27 11:48:24'),(178,2,178,'AST-5455454R4WERWERRWERWERWERWERWERWE-0048','5455454R4WERWERRWERWERWERWERWERWE','rb se bw ew e','',1,'Pcs','2026-03-30 10:58:59',NULL,'NOT_CHECKED','','','','','Missing','Pending physical check.',1,'2026-04-27 11:48:24'),(179,2,179,'AST-5455454R4WERWERRWERWERWERWERWERWE-0049','5455454R4WERWERRWERWERWERWERWERWE','rb se bw ew e','',1,'Pcs','2026-03-30 10:59:01',NULL,'NOT_CHECKED','','','','','Missing','Pending physical check.',1,'2026-04-27 11:48:24'),(180,2,180,'AST-5455454R4WERWERRWERWERWERWERWERWE-0050','5455454R4WERWERRWERWERWERWERWERWE','rb se bw ew e','',1,'Pcs','2026-03-30 10:59:02',NULL,'NOT_CHECKED','','','','','Missing','Pending physical check.',1,'2026-04-27 11:48:24'),(181,2,181,'AST-5455454R4WERWERRWERWERWERWERWERWE-0051','5455454R4WERWERRWERWERWERWERWERWE','rb se bw ew e','',1,'Pcs','2026-03-30 10:59:04',NULL,'NOT_CHECKED','','','','','Missing','Pending physical check.',1,'2026-04-27 11:48:24'),(182,2,182,'AST-F-ASDF-0001','F-ASDF','asdf','',1,'Pcs','2026-03-30 16:54:24',NULL,'NOT_CHECKED','','','','','Missing','Pending physical check.',1,'2026-04-27 11:48:24'),(183,2,183,'AST-POWIULK-0007','POWIULK','Logitech G213 Prodigy RGB Gaming Keyboard','',1,'Pcs','2026-03-31 09:52:56',NULL,'NOT_CHECKED','','','','','Missing','Pending physical check.',1,'2026-04-27 11:48:24'),(184,2,184,'AST-4322FC-0005','4322FC','4 Drawer Steel Lateral Filing Cabinet beige','',1,'Pcs','2026-03-31 11:21:15',NULL,'NOT_CHECKED','','','','','Missing','Pending physical check.',1,'2026-04-27 11:48:24'),(185,2,185,'AST-SRTEST-0001','SRTEST','srtest','',1,'Pcs','2026-04-07 09:43:49',NULL,'NOT_CHECKED','','','','','Missing','Pending physical check.',1,'2026-04-27 11:48:24'),(186,2,186,'AST-SRTEST-0002','SRTEST','srtest','',1,'Pcs','2026-04-07 09:43:51',NULL,'NOT_CHECKED','','','','','Missing','Pending physical check.',1,'2026-04-27 11:48:24'),(256,1,1,'AST-12345-0001','12345','Nvision N2455PRO-B 100Hz IPS Panel 23.8\" Monitor Black','SN0001',1,'Pcs','2026-03-25 16:07:56',NULL,'NOT_CHECKED','','','','','Missing','Pending physical check.',1,'2026-04-27 11:48:27'),(257,1,2,'AST-12345-0002','12345','Nvision N2455PRO-B 100Hz IPS Panel 23.8\" Monitor Black','SN0002',1,'Pcs','2026-03-25 16:07:57',NULL,'NOT_CHECKED','','','','','Missing','Pending physical check.',1,'2026-04-27 11:48:27'),(258,1,3,'AST-12345-0003','12345','Nvision N2455PRO-B 100Hz IPS Panel 23.8\" Monitor Black','SN0003',1,'Pcs','2026-03-25 16:07:59',NULL,'NOT_CHECKED','','','','','Missing','Pending physical check.',1,'2026-04-27 11:48:27'),(259,1,4,'AST-12345-0004','12345','Nvision N2455PRO-B 100Hz IPS Panel 23.8\" Monitor Black','SN0004',1,'Pcs','2026-03-25 16:08:01',NULL,'NOT_CHECKED','','','','','Missing','Pending physical check.',1,'2026-04-27 11:48:27'),(260,1,5,'AST-12345-0005','12345','Nvision N2455PRO-B 100Hz IPS Panel 23.8\" Monitor Black','SN0005',1,'Pcs','2026-03-25 16:08:02',NULL,'NOT_CHECKED','','','','','Missing','Pending physical check.',1,'2026-04-27 11:48:27'),(261,1,6,'AST-12345-0006','12345','Nvision N2455PRO-B 100Hz IPS Panel 23.8\" Monitor Black','SN0006',1,'Pcs','2026-03-25 16:08:04',NULL,'NOT_CHECKED','','','','','Missing','Pending physical check.',1,'2026-04-27 11:48:27'),(262,1,7,'AST-POWIULK-0001','POWIULK','Logitech G213 Prodigy RGB Gaming Keyboard','1521234',1,'Pcs','2026-03-25 16:10:18',NULL,'NOT_CHECKED','','','','','Missing','Pending physical check.',1,'2026-04-27 11:48:27'),(263,1,8,'AST-POWIULK-0002','POWIULK','Logitech G213 Prodigy RGB Gaming Keyboard','1234651345',1,'Pcs','2026-03-25 16:10:19',NULL,'NOT_CHECKED','','','','','Missing','Pending physical check.',1,'2026-04-27 11:48:27'),(264,1,9,'AST-POWIULK-0003','POWIULK','Logitech G213 Prodigy RGB Gaming Keyboard','1234231',1,'Pcs','2026-03-25 16:10:21',NULL,'NOT_CHECKED','','','','','Missing','Pending physical check.',1,'2026-04-27 11:48:27'),(265,1,10,'AST-POWIULK-0004','POWIULK','Logitech G213 Prodigy RGB Gaming Keyboard','12531234',1,'Pcs','2026-03-25 16:10:23',NULL,'NOT_CHECKED','','','','','Missing','Pending physical check.',1,'2026-04-27 11:48:27'),(266,1,11,'AST-POWIULK-0005','POWIULK','Logitech G213 Prodigy RGB Gaming Keyboard','1235123',1,'Pcs','2026-03-25 16:10:25',NULL,'NOT_CHECKED','','','','','Missing','Pending physical check.',1,'2026-04-27 11:48:27'),(267,1,12,'AST-POWIULK-0006','POWIULK','Logitech G213 Prodigy RGB Gaming Keyboard','1234532',1,'Pcs','2026-03-25 16:10:27',NULL,'NOT_CHECKED','','','','','Missing','Pending physical check.',1,'2026-04-27 11:48:27'),(268,1,13,'AST-FQW23421-0001','FQW23421','Asus Expertcenter P500mv I5-13420h/16gb/512gb Ssd Desktop Pc Black One Size / EU Plug 220V','1243125',1,'Pcs','2026-03-25 16:13:00',NULL,'NOT_CHECKED','','','','','Missing','Pending physical check.',1,'2026-04-27 11:48:27'),(269,1,14,'AST-FQW23421-0002','FQW23421','Asus Expertcenter P500mv I5-13420h/16gb/512gb Ssd Desktop Pc Black One Size / EU Plug 220V','1234125',1,'Pcs','2026-03-25 16:13:02',NULL,'NOT_CHECKED','','','','','Missing','Pending physical check.',1,'2026-04-27 11:48:27'),(270,1,15,'AST-FQW23421-0003','FQW23421','Asus Expertcenter P500mv I5-13420h/16gb/512gb Ssd Desktop Pc Black One Size / EU Plug 220V','123561',1,'Pcs','2026-03-25 16:13:03',NULL,'NOT_CHECKED','','','','','Missing','Pending physical check.',1,'2026-04-27 11:48:27'),(271,1,16,'AST-FQW23421-0004','FQW23421','Asus Expertcenter P500mv I5-13420h/16gb/512gb Ssd Desktop Pc Black One Size / EU Plug 220V','1532142',1,'Pcs','2026-03-25 16:13:05',NULL,'NOT_CHECKED','','','','','Missing','Pending physical check.',1,'2026-04-27 11:48:27'),(272,1,17,'AST-FQW23421-0005','FQW23421','Asus Expertcenter P500mv I5-13420h/16gb/512gb Ssd Desktop Pc Black One Size / EU Plug 220V','123412',1,'Pcs','2026-03-25 16:13:07',NULL,'NOT_CHECKED','','','','','Missing','Pending physical check.',1,'2026-04-27 11:48:27'),(273,1,18,'AST-FQW23421-0006','FQW23421','Asus Expertcenter P500mv I5-13420h/16gb/512gb Ssd Desktop Pc Black One Size / EU Plug 220V','23462',1,'Pcs','2026-03-25 16:13:09',NULL,'NOT_CHECKED','','','','','Missing','Pending physical check.',1,'2026-04-27 11:48:27'),(274,1,19,'AST-134265-0001','134265','Prolink 650Va 1200Va1500Va 2000Va 3000Va Super Fast Charging Line Interactive Ups Power Supply W/ Surge Protector Built In Avr','qwer123',1,'Pcs','2026-03-25 16:16:40',NULL,'NOT_CHECKED','','','','','Missing','Pending physical check.',1,'2026-04-27 11:48:27'),(275,1,20,'AST-134265-0002','134265','Prolink 650Va 1200Va1500Va 2000Va 3000Va Super Fast Charging Line Interactive Ups Power Supply W/ Surge Protector Built In Avr','qf3431',1,'Pcs','2026-03-25 16:16:43',NULL,'NOT_CHECKED','','','','','Missing','Pending physical check.',1,'2026-04-27 11:48:27'),(276,1,21,'AST-134265-0003','134265','Prolink 650Va 1200Va1500Va 2000Va 3000Va Super Fast Charging Line Interactive Ups Power Supply W/ Surge Protector Built In Avr','gfv342q4t5',1,'Pcs','2026-03-25 16:16:45',NULL,'NOT_CHECKED','','','','','Missing','Pending physical check.',1,'2026-04-27 11:48:27'),(277,1,22,'AST-134265-0004','134265','Prolink 650Va 1200Va1500Va 2000Va 3000Va Super Fast Charging Line Interactive Ups Power Supply W/ Surge Protector Built In Avr','avsgb321',1,'Pcs','2026-03-25 16:16:46',NULL,'NOT_CHECKED','','','','','Missing','Pending physical check.',1,'2026-04-27 11:48:27'),(278,1,23,'AST-134265-0005','134265','Prolink 650Va 1200Va1500Va 2000Va 3000Va Super Fast Charging Line Interactive Ups Power Supply W/ Surge Protector Built In Avr','asdfga3',1,'Pcs','2026-03-25 16:16:49',NULL,'NOT_CHECKED','','','','','Missing','Pending physical check.',1,'2026-04-27 11:48:27'),(279,1,24,'AST-134265-0006','134265','Prolink 650Va 1200Va1500Va 2000Va 3000Va Super Fast Charging Line Interactive Ups Power Supply W/ Surge Protector Built In Avr','awsdfgwe',1,'Pcs','2026-03-25 16:16:51',NULL,'NOT_CHECKED','','','','','Missing','Pending physical check.',1,'2026-04-27 11:48:27'),(280,1,25,'AST-12FWSGA432-0001','12FWSGA432','Razer Cobra Gaming Mouse','fasdvq3',1,'Pcs','2026-03-25 16:17:39',NULL,'NOT_CHECKED','','','','','Missing','Pending physical check.',1,'2026-04-27 11:48:27'),(281,1,26,'AST-12FWSGA432-0002','12FWSGA432','Razer Cobra Gaming Mouse','qwf234',1,'Pcs','2026-03-25 16:17:41',NULL,'NOT_CHECKED','','','','','Missing','Pending physical check.',1,'2026-04-27 11:48:27'),(282,1,27,'AST-12FWSGA432-0003','12FWSGA432','Razer Cobra Gaming Mouse','23gtqwerg',1,'Pcs','2026-03-25 16:17:43',NULL,'NOT_CHECKED','','','','','Missing','Pending physical check.',1,'2026-04-27 11:48:27'),(283,1,28,'AST-12FWSGA432-0004','12FWSGA432','Razer Cobra Gaming Mouse','asdg3',1,'Pcs','2026-03-25 16:17:45',NULL,'NOT_CHECKED','','','','','Missing','Pending physical check.',1,'2026-04-27 11:48:27'),(284,1,29,'AST-12FWSGA432-0005','12FWSGA432','Razer Cobra Gaming Mouse','asdga34',1,'Pcs','2026-03-25 16:17:47',NULL,'NOT_CHECKED','','','','','Missing','Pending physical check.',1,'2026-04-27 11:48:27'),(285,1,30,'AST-12FWSGA432-0006','12FWSGA432','Razer Cobra Gaming Mouse','abaw43g',1,'Pcs','2026-03-25 16:17:50',NULL,'NOT_CHECKED','','','','','Missing','Pending physical check.',1,'2026-04-27 11:48:27'),(286,1,31,'AST-ASDG2443-0001','ASDG2443','Lifetime Foldable Table 5ft','',1,'Pcs','2026-03-25 16:20:37',NULL,'NOT_CHECKED','','','','','Missing','Pending physical check.',1,'2026-04-27 11:48:27'),(287,1,32,'AST-ASDG2443-0002','ASDG2443','Lifetime Foldable Table 5ft','',1,'Pcs','2026-03-25 16:20:39',NULL,'NOT_CHECKED','','','','','Missing','Pending physical check.',1,'2026-04-27 11:48:27'),(288,1,33,'AST-ASDG2443-0003','ASDG2443','Lifetime Foldable Table 5ft','',1,'Pcs','2026-03-25 16:20:41',NULL,'NOT_CHECKED','','','','','Missing','Pending physical check.',1,'2026-04-27 11:48:27'),(289,1,34,'AST-ASDG2443-0004','ASDG2443','Lifetime Foldable Table 5ft','',1,'Pcs','2026-03-25 16:20:43',NULL,'NOT_CHECKED','','','','','Missing','Pending physical check.',1,'2026-04-27 11:48:27'),(290,1,35,'AST-ASDG2443-0005','ASDG2443','Lifetime Foldable Table 5ft','',1,'Pcs','2026-03-25 16:20:45',NULL,'NOT_CHECKED','','','','','Missing','Pending physical check.',1,'2026-04-27 11:48:27'),(291,1,36,'AST-ASDG2443-0006','ASDG2443','Lifetime Foldable Table 5ft','',1,'Pcs','2026-03-25 16:20:47',NULL,'NOT_CHECKED','','','','','Missing','Pending physical check.',1,'2026-04-27 11:48:27'),(292,1,37,'AST-ASDG2443-0007','ASDG2443','Lifetime Foldable Table 5ft','',1,'Pcs','2026-03-25 16:20:50',NULL,'NOT_CHECKED','','','','','Missing','Pending physical check.',1,'2026-04-27 11:48:27'),(293,1,38,'AST-ASDG2443-0008','ASDG2443','Lifetime Foldable Table 5ft','',1,'Pcs','2026-03-25 16:20:53',NULL,'NOT_CHECKED','','','','','Missing','Pending physical check.',1,'2026-04-27 11:48:27'),(294,1,39,'AST-ASDG2443-0009','ASDG2443','Lifetime Foldable Table 5ft','',1,'Pcs','2026-03-25 16:20:55',NULL,'NOT_CHECKED','','','','','Missing','Pending physical check.',1,'2026-04-27 11:48:27'),(295,1,40,'AST-ASDG2443-0010','ASDG2443','Lifetime Foldable Table 5ft','',1,'Pcs','2026-03-25 16:20:58',NULL,'NOT_CHECKED','','','','','Missing','Pending physical check.',1,'2026-04-27 11:48:27'),(296,1,41,'AST-4322FC-0001','4322FC','4 Drawer Steel Lateral Filing Cabinet beige','',1,'Pcs','2026-03-25 16:24:42',NULL,'NOT_CHECKED','','','','','Missing','Pending physical check.',1,'2026-04-27 11:48:27'),(297,1,42,'AST-4322FC-0002','4322FC','4 Drawer Steel Lateral Filing Cabinet beige','',1,'Pcs','2026-03-25 16:24:44',NULL,'NOT_CHECKED','','','','','Missing','Pending physical check.',1,'2026-04-27 11:48:27'),(298,1,43,'AST-4322FC-0003','4322FC','4 Drawer Steel Lateral Filing Cabinet beige','',1,'Pcs','2026-03-25 16:24:46',NULL,'NOT_CHECKED','','','','','Missing','Pending physical check.',1,'2026-04-27 11:48:27'),(299,1,44,'AST-4322FC-0004','4322FC','4 Drawer Steel Lateral Filing Cabinet beige','',1,'Pcs','2026-03-25 16:24:48',NULL,'NOT_CHECKED','','','','','Missing','Pending physical check.',1,'2026-04-27 11:48:27'),(300,1,45,'AST-ASDFG2E-0001','ASDFG2E','Intel Core i5 Desktop Computer Quad-Core 8 Thread 16GB RAM 512GB SSD Full Set Pc Computer (Pc, Monitor, Mouse, Keyboard)','asfd3q34',1,'set','2026-03-25 16:35:07',NULL,'NOT_CHECKED','','','','','Missing','Pending physical check.',1,'2026-04-27 11:48:27'),(301,1,46,'AST-ASDFG2E-0002','ASDFG2E','Intel Core i5 Desktop Computer Quad-Core 8 Thread 16GB RAM 512GB SSD Full Set Pc Computer (Pc, Monitor, Mouse, Keyboard)','f3434f3qf',1,'set','2026-03-25 16:35:09',NULL,'NOT_CHECKED','','','','','Missing','Pending physical check.',1,'2026-04-27 11:48:27'),(302,1,47,'AST-ASDFG2E-0003','ASDFG2E','Intel Core i5 Desktop Computer Quad-Core 8 Thread 16GB RAM 512GB SSD Full Set Pc Computer (Pc, Monitor, Mouse, Keyboard)','f23f34f34',1,'set','2026-03-25 16:35:11',NULL,'NOT_CHECKED','','','','','Missing','Pending physical check.',1,'2026-04-27 11:48:27'),(303,1,48,'AST-ASDFG2E-0004','ASDFG2E','Intel Core i5 Desktop Computer Quad-Core 8 Thread 16GB RAM 512GB SSD Full Set Pc Computer (Pc, Monitor, Mouse, Keyboard)','hg352hg54',1,'set','2026-03-25 16:35:13',NULL,'NOT_CHECKED','','','','','Missing','Pending physical check.',1,'2026-04-27 11:48:27'),(304,1,49,'AST-ASDFG2E-0005','ASDFG2E','Intel Core i5 Desktop Computer Quad-Core 8 Thread 16GB RAM 512GB SSD Full Set Pc Computer (Pc, Monitor, Mouse, Keyboard)','f234yh24',1,'set','2026-03-25 16:35:15',NULL,'NOT_CHECKED','','','','','Missing','Pending physical check.',1,'2026-04-27 11:48:27'),(305,1,50,'AST-ASDFG2E-0006','ASDFG2E','Intel Core i5 Desktop Computer Quad-Core 8 Thread 16GB RAM 512GB SSD Full Set Pc Computer (Pc, Monitor, Mouse, Keyboard)','2b4gvf2',1,'set','2026-03-25 16:35:16',NULL,'NOT_CHECKED','','','','','Missing','Pending physical check.',1,'2026-04-27 11:48:27'),(306,1,51,'AST-ASDFG2E-0007','ASDFG2E','Intel Core i5 Desktop Computer Quad-Core 8 Thread 16GB RAM 512GB SSD Full Set Pc Computer (Pc, Monitor, Mouse, Keyboard)','g234f32gfh',1,'set','2026-03-25 16:35:18',NULL,'NOT_CHECKED','','','','','Missing','Pending physical check.',1,'2026-04-27 11:48:27'),(307,1,52,'AST-ASDFG2E-0008','ASDFG2E','Intel Core i5 Desktop Computer Quad-Core 8 Thread 16GB RAM 512GB SSD Full Set Pc Computer (Pc, Monitor, Mouse, Keyboard)','g52234g245',1,'set','2026-03-25 16:35:20',NULL,'NOT_CHECKED','','','','','Missing','Pending physical check.',1,'2026-04-27 11:48:27'),(308,1,53,'AST-ASDFG2E-0009','ASDFG2E','Intel Core i5 Desktop Computer Quad-Core 8 Thread 16GB RAM 512GB SSD Full Set Pc Computer (Pc, Monitor, Mouse, Keyboard)','f234f5542',1,'set','2026-03-25 16:35:22',NULL,'NOT_CHECKED','','','','','Missing','Pending physical check.',1,'2026-04-27 11:48:27'),(309,1,54,'AST-ASDFG2E-0010','ASDFG2E','Intel Core i5 Desktop Computer Quad-Core 8 Thread 16GB RAM 512GB SSD Full Set Pc Computer (Pc, Monitor, Mouse, Keyboard)','f23gh24',1,'set','2026-03-25 16:35:24',NULL,'NOT_CHECKED','','','','','Missing','Pending physical check.',1,'2026-04-27 11:48:27'),(310,1,55,'AST-ASDFG2E-0011','ASDFG2E','Intel Core i5 Desktop Computer Quad-Core 8 Thread 16GB RAM 512GB SSD Full Set Pc Computer (Pc, Monitor, Mouse, Keyboard)','fc23vb525',1,'set','2026-03-25 16:35:26',NULL,'NOT_CHECKED','','','','','Missing','Pending physical check.',1,'2026-04-27 11:48:27'),(311,1,56,'AST-ASDFG2E-0012','ASDFG2E','Intel Core i5 Desktop Computer Quad-Core 8 Thread 16GB RAM 512GB SSD Full Set Pc Computer (Pc, Monitor, Mouse, Keyboard)','f235h24c',1,'set','2026-03-25 16:35:28',NULL,'NOT_CHECKED','','','','','Missing','Pending physical check.',1,'2026-04-27 11:48:27'),(312,1,57,'AST-ASDFG2E-0013','ASDFG2E','Intel Core i5 Desktop Computer Quad-Core 8 Thread 16GB RAM 512GB SSD Full Set Pc Computer (Pc, Monitor, Mouse, Keyboard)','f23g234f5',1,'set','2026-03-25 16:35:30',NULL,'NOT_CHECKED','','','','','Missing','Pending physical check.',1,'2026-04-27 11:48:27'),(313,1,58,'AST-ASDFG2E-0014','ASDFG2E','Intel Core i5 Desktop Computer Quad-Core 8 Thread 16GB RAM 512GB SSD Full Set Pc Computer (Pc, Monitor, Mouse, Keyboard)','g235fc52f',1,'set','2026-03-25 16:35:31',NULL,'NOT_CHECKED','','','','','Missing','Pending physical check.',1,'2026-04-27 11:48:27'),(314,1,59,'AST-ASDFG2E-0015','ASDFG2E','Intel Core i5 Desktop Computer Quad-Core 8 Thread 16GB RAM 512GB SSD Full Set Pc Computer (Pc, Monitor, Mouse, Keyboard)','vg254hj423',1,'set','2026-03-25 16:35:33',NULL,'NOT_CHECKED','','','','','Missing','Pending physical check.',1,'2026-04-27 11:48:27'),(315,1,60,'AST-ASDFG2E-0016','ASDFG2E','Intel Core i5 Desktop Computer Quad-Core 8 Thread 16GB RAM 512GB SSD Full Set Pc Computer (Pc, Monitor, Mouse, Keyboard)','b635b24',1,'set','2026-03-25 16:35:35',NULL,'NOT_CHECKED','','','','','Missing','Pending physical check.',1,'2026-04-27 11:48:27'),(316,1,61,'AST-ASDFG2E-0017','ASDFG2E','Intel Core i5 Desktop Computer Quad-Core 8 Thread 16GB RAM 512GB SSD Full Set Pc Computer (Pc, Monitor, Mouse, Keyboard)','cf25gv246b',1,'set','2026-03-25 16:35:37',NULL,'NOT_CHECKED','','','','','Missing','Pending physical check.',1,'2026-04-27 11:48:27'),(317,1,62,'AST-ASDFG2E-0018','ASDFG2E','Intel Core i5 Desktop Computer Quad-Core 8 Thread 16GB RAM 512GB SSD Full Set Pc Computer (Pc, Monitor, Mouse, Keyboard)','b42b24',1,'set','2026-03-25 16:35:39',NULL,'NOT_CHECKED','','','','','Missing','Pending physical check.',1,'2026-04-27 11:48:27'),(318,1,63,'AST-ASDFG2E-0019','ASDFG2E','Intel Core i5 Desktop Computer Quad-Core 8 Thread 16GB RAM 512GB SSD Full Set Pc Computer (Pc, Monitor, Mouse, Keyboard)','b2452v',1,'set','2026-03-25 16:35:41',NULL,'NOT_CHECKED','','','','','Missing','Pending physical check.',1,'2026-04-27 11:48:27'),(319,1,64,'AST-ASDFG2E-0020','ASDFG2E','Intel Core i5 Desktop Computer Quad-Core 8 Thread 16GB RAM 512GB SSD Full Set Pc Computer (Pc, Monitor, Mouse, Keyboard)','hg462h',1,'set','2026-03-25 16:35:43',NULL,'NOT_CHECKED','','','','','Missing','Pending physical check.',1,'2026-04-27 11:48:27'),(320,1,65,'AST-ASDFG2E-0021','ASDFG2E','Intel Core i5 Desktop Computer Quad-Core 8 Thread 16GB RAM 512GB SSD Full Set Pc Computer (Pc, Monitor, Mouse, Keyboard)','735h735h',1,'set','2026-03-25 16:35:44',NULL,'NOT_CHECKED','','','','','Missing','Pending physical check.',1,'2026-04-27 11:48:27'),(321,1,66,'AST-ASDFG2E-0022','ASDFG2E','Intel Core i5 Desktop Computer Quad-Core 8 Thread 16GB RAM 512GB SSD Full Set Pc Computer (Pc, Monitor, Mouse, Keyboard)','h356h35',1,'set','2026-03-25 16:35:47',NULL,'NOT_CHECKED','','','','','Missing','Pending physical check.',1,'2026-04-27 11:48:27'),(322,1,67,'AST-ASDFG2E-0023','ASDFG2E','Intel Core i5 Desktop Computer Quad-Core 8 Thread 16GB RAM 512GB SSD Full Set Pc Computer (Pc, Monitor, Mouse, Keyboard)','g24g52',1,'set','2026-03-25 16:35:49',NULL,'NOT_CHECKED','','','','','Missing','Pending physical check.',1,'2026-04-27 11:48:27'),(323,1,68,'AST-ASDFG2E-0024','ASDFG2E','Intel Core i5 Desktop Computer Quad-Core 8 Thread 16GB RAM 512GB SSD Full Set Pc Computer (Pc, Monitor, Mouse, Keyboard)','2g24g',1,'set','2026-03-25 16:35:50',NULL,'NOT_CHECKED','','','','','Missing','Pending physical check.',1,'2026-04-27 11:48:27'),(324,1,69,'AST-ASDFG2E-0025','ASDFG2E','Intel Core i5 Desktop Computer Quad-Core 8 Thread 16GB RAM 512GB SSD Full Set Pc Computer (Pc, Monitor, Mouse, Keyboard)','246b462',1,'set','2026-03-25 16:35:52',NULL,'NOT_CHECKED','','','','','Missing','Pending physical check.',1,'2026-04-27 11:48:27'),(325,1,70,'AST-ASDFG2E-0026','ASDFG2E','Intel Core i5 Desktop Computer Quad-Core 8 Thread 16GB RAM 512GB SSD Full Set Pc Computer (Pc, Monitor, Mouse, Keyboard)','2f5hg246h24',1,'set','2026-03-25 16:35:54',NULL,'NOT_CHECKED','','','','','Missing','Pending physical check.',1,'2026-04-27 11:48:27'),(326,1,71,'AST-ASDFG2E-0027','ASDFG2E','Intel Core i5 Desktop Computer Quad-Core 8 Thread 16GB RAM 512GB SSD Full Set Pc Computer (Pc, Monitor, Mouse, Keyboard)','g25g2435h642',1,'set','2026-03-25 16:35:56',NULL,'NOT_CHECKED','','','','','Missing','Pending physical check.',1,'2026-04-27 11:48:27'),(327,1,72,'AST-ASDFG2E-0028','ASDFG2E','Intel Core i5 Desktop Computer Quad-Core 8 Thread 16GB RAM 512GB SSD Full Set Pc Computer (Pc, Monitor, Mouse, Keyboard)','2hb642h246h',1,'set','2026-03-25 16:35:58',NULL,'NOT_CHECKED','','','','','Missing','Pending physical check.',1,'2026-04-27 11:48:27'),(328,1,73,'AST-ASDFG2E-0029','ASDFG2E','Intel Core i5 Desktop Computer Quad-Core 8 Thread 16GB RAM 512GB SSD Full Set Pc Computer (Pc, Monitor, Mouse, Keyboard)','b24b234bv24',1,'set','2026-03-25 16:36:00',NULL,'NOT_CHECKED','','','','','Missing','Pending physical check.',1,'2026-04-27 11:48:27'),(329,1,74,'AST-ASDFG2E-0030','ASDFG2E','Intel Core i5 Desktop Computer Quad-Core 8 Thread 16GB RAM 512GB SSD Full Set Pc Computer (Pc, Monitor, Mouse, Keyboard)','bg52b42b',1,'set','2026-03-25 16:36:01',NULL,'NOT_CHECKED','','','','','Missing','Pending physical check.',1,'2026-04-27 11:48:27'),(330,1,75,'AST-ASDFG2E-0031','ASDFG2E','Intel Core i5 Desktop Computer Quad-Core 8 Thread 16GB RAM 512GB SSD Full Set Pc Computer (Pc, Monitor, Mouse, Keyboard)','b2462b642',1,'set','2026-03-25 16:36:03',NULL,'NOT_CHECKED','','','','','Missing','Pending physical check.',1,'2026-04-27 11:48:27'),(331,1,76,'AST-ASDFG2E-0032','ASDFG2E','Intel Core i5 Desktop Computer Quad-Core 8 Thread 16GB RAM 512GB SSD Full Set Pc Computer (Pc, Monitor, Mouse, Keyboard)','b24b624v24',1,'set','2026-03-25 16:36:05',NULL,'NOT_CHECKED','','','','','Missing','Pending physical check.',1,'2026-04-27 11:48:27'),(332,1,77,'AST-ASDFG2E-0033','ASDFG2E','Intel Core i5 Desktop Computer Quad-Core 8 Thread 16GB RAM 512GB SSD Full Set Pc Computer (Pc, Monitor, Mouse, Keyboard)','bn246b246',1,'set','2026-03-25 16:36:07',NULL,'NOT_CHECKED','','','','','Missing','Pending physical check.',1,'2026-04-27 11:48:27'),(333,1,78,'AST-ASDFG2E-0034','ASDFG2E','Intel Core i5 Desktop Computer Quad-Core 8 Thread 16GB RAM 512GB SSD Full Set Pc Computer (Pc, Monitor, Mouse, Keyboard)','b246b24b246',1,'set','2026-03-25 16:36:09',NULL,'NOT_CHECKED','','','','','Missing','Pending physical check.',1,'2026-04-27 11:48:27'),(334,1,79,'AST-ASDFG2E-0035','ASDFG2E','Intel Core i5 Desktop Computer Quad-Core 8 Thread 16GB RAM 512GB SSD Full Set Pc Computer (Pc, Monitor, Mouse, Keyboard)','b246b246b',1,'set','2026-03-25 16:36:11',NULL,'NOT_CHECKED','','','','','Missing','Pending physical check.',1,'2026-04-27 11:48:27'),(335,1,80,'AST-ASDFG2E-0036','ASDFG2E','Intel Core i5 Desktop Computer Quad-Core 8 Thread 16GB RAM 512GB SSD Full Set Pc Computer (Pc, Monitor, Mouse, Keyboard)','b246b642b24',1,'set','2026-03-25 16:36:12',NULL,'NOT_CHECKED','','','','','Missing','Pending physical check.',1,'2026-04-27 11:48:27'),(336,1,81,'AST-1234651-0001','1234651','Uratex Monoblock 101 Classic Chair','',1,'Pcs','2026-03-25 16:44:47',NULL,'NOT_CHECKED','','','','','Missing','Pending physical check.',1,'2026-04-27 11:48:27'),(337,1,82,'AST-1234651-0002','1234651','Uratex Monoblock 101 Classic Chair','',1,'Pcs','2026-03-25 16:44:50',NULL,'NOT_CHECKED','','','','','Missing','Pending physical check.',1,'2026-04-27 11:48:27'),(338,1,83,'AST-1234651-0003','1234651','Uratex Monoblock 101 Classic Chair','',1,'Pcs','2026-03-25 16:44:52',NULL,'NOT_CHECKED','','','','','Missing','Pending physical check.',1,'2026-04-27 11:48:27'),(339,1,84,'AST-1234651-0004','1234651','Uratex Monoblock 101 Classic Chair','',1,'Pcs','2026-03-25 16:44:55',NULL,'NOT_CHECKED','','','','','Missing','Pending physical check.',1,'2026-04-27 11:48:27'),(340,1,85,'AST-1234651-0005','1234651','Uratex Monoblock 101 Classic Chair','',1,'Pcs','2026-03-25 16:44:58',NULL,'NOT_CHECKED','','','','','Missing','Pending physical check.',1,'2026-04-27 11:48:27'),(341,1,86,'AST-1234651-0006','1234651','Uratex Monoblock 101 Classic Chair','',1,'Pcs','2026-03-25 16:45:01',NULL,'NOT_CHECKED','','','','','Missing','Pending physical check.',1,'2026-04-27 11:48:27'),(342,1,87,'AST-1234651-0007','1234651','Uratex Monoblock 101 Classic Chair','',1,'Pcs','2026-03-25 16:45:03',NULL,'NOT_CHECKED','','','','','Missing','Pending physical check.',1,'2026-04-27 11:48:27'),(343,1,88,'AST-1234651-0008','1234651','Uratex Monoblock 101 Classic Chair','',1,'Pcs','2026-03-25 16:45:06',NULL,'NOT_CHECKED','','','','','Missing','Pending physical check.',1,'2026-04-27 11:48:27'),(344,1,89,'AST-1234651-0009','1234651','Uratex Monoblock 101 Classic Chair','',1,'Pcs','2026-03-25 16:45:08',NULL,'NOT_CHECKED','','','','','Missing','Pending physical check.',1,'2026-04-27 11:48:27'),(345,1,90,'AST-1234651-0010','1234651','Uratex Monoblock 101 Classic Chair','',1,'Pcs','2026-03-25 16:45:10',NULL,'NOT_CHECKED','','','','','Missing','Pending physical check.',1,'2026-04-27 11:48:27'),(346,1,91,'AST-1234651-0011','1234651','Uratex Monoblock 101 Classic Chair','',1,'Pcs','2026-03-25 16:45:12',NULL,'NOT_CHECKED','','','','','Missing','Pending physical check.',1,'2026-04-27 11:48:27'),(347,1,92,'AST-1234651-0012','1234651','Uratex Monoblock 101 Classic Chair','',1,'Pcs','2026-03-25 16:45:14',NULL,'NOT_CHECKED','','','','','Missing','Pending physical check.',1,'2026-04-27 11:48:27'),(348,1,93,'AST-1234651-0013','1234651','Uratex Monoblock 101 Classic Chair','',1,'Pcs','2026-03-25 16:45:15',NULL,'NOT_CHECKED','','','','','Missing','Pending physical check.',1,'2026-04-27 11:48:27'),(349,1,94,'AST-1234651-0014','1234651','Uratex Monoblock 101 Classic Chair','',1,'Pcs','2026-03-25 16:45:17',NULL,'NOT_CHECKED','','','','','Missing','Pending physical check.',1,'2026-04-27 11:48:27'),(350,1,95,'AST-1234651-0015','1234651','Uratex Monoblock 101 Classic Chair','',1,'Pcs','2026-03-25 16:45:19',NULL,'NOT_CHECKED','','','','','Missing','Pending physical check.',1,'2026-04-27 11:48:27'),(351,1,96,'AST-1234651-0016','1234651','Uratex Monoblock 101 Classic Chair','',1,'Pcs','2026-03-25 16:45:21',NULL,'NOT_CHECKED','','','','','Missing','Pending physical check.',1,'2026-04-27 11:48:27'),(352,1,97,'AST-1234651-0017','1234651','Uratex Monoblock 101 Classic Chair','',1,'Pcs','2026-03-25 16:45:23',NULL,'NOT_CHECKED','','','','','Missing','Pending physical check.',1,'2026-04-27 11:48:27'),(353,1,98,'AST-1234651-0018','1234651','Uratex Monoblock 101 Classic Chair','',1,'Pcs','2026-03-25 16:45:25',NULL,'NOT_CHECKED','','','','','Missing','Pending physical check.',1,'2026-04-27 11:48:27'),(354,1,99,'AST-1234651-0019','1234651','Uratex Monoblock 101 Classic Chair','',1,'Pcs','2026-03-25 16:45:26',NULL,'NOT_CHECKED','','','','','Missing','Pending physical check.',1,'2026-04-27 11:48:27'),(355,1,100,'AST-1234651-0020','1234651','Uratex Monoblock 101 Classic Chair','',1,'Pcs','2026-03-25 16:45:28',NULL,'NOT_CHECKED','','','','','Missing','Pending physical check.',1,'2026-04-27 11:48:27'),(356,1,101,'AST-1234651-0021','1234651','Uratex Monoblock 101 Classic Chair','',1,'Pcs','2026-03-25 16:45:30',NULL,'NOT_CHECKED','','','','','Missing','Pending physical check.',1,'2026-04-27 11:48:27'),(357,1,102,'AST-1234651-0022','1234651','Uratex Monoblock 101 Classic Chair','',1,'Pcs','2026-03-25 16:45:32',NULL,'NOT_CHECKED','','','','','Missing','Pending physical check.',1,'2026-04-27 11:48:27'),(358,1,103,'AST-1234651-0023','1234651','Uratex Monoblock 101 Classic Chair','',1,'Pcs','2026-03-25 16:45:34',NULL,'NOT_CHECKED','','','','','Missing','Pending physical check.',1,'2026-04-27 11:48:27'),(359,1,104,'AST-1234651-0024','1234651','Uratex Monoblock 101 Classic Chair','',1,'Pcs','2026-03-25 16:45:36',NULL,'NOT_CHECKED','','','','','Missing','Pending physical check.',1,'2026-04-27 11:48:27'),(360,1,105,'AST-1234651-0025','1234651','Uratex Monoblock 101 Classic Chair','',1,'Pcs','2026-03-25 16:45:37',NULL,'NOT_CHECKED','','','','','Missing','Pending physical check.',1,'2026-04-27 11:48:27'),(361,1,106,'AST-1234651-0026','1234651','Uratex Monoblock 101 Classic Chair','',1,'Pcs','2026-03-25 16:45:39',NULL,'NOT_CHECKED','','','','','Missing','Pending physical check.',1,'2026-04-27 11:48:27'),(362,1,107,'AST-1234651-0027','1234651','Uratex Monoblock 101 Classic Chair','',1,'Pcs','2026-03-25 16:45:41',NULL,'NOT_CHECKED','','','','','Missing','Pending physical check.',1,'2026-04-27 11:48:27'),(363,1,108,'AST-1234651-0028','1234651','Uratex Monoblock 101 Classic Chair','',1,'Pcs','2026-03-25 16:45:43',NULL,'NOT_CHECKED','','','','','Missing','Pending physical check.',1,'2026-04-27 11:48:27'),(364,1,109,'AST-1234651-0029','1234651','Uratex Monoblock 101 Classic Chair','',1,'Pcs','2026-03-25 16:45:45',NULL,'NOT_CHECKED','','','','','Missing','Pending physical check.',1,'2026-04-27 11:48:27'),(365,1,110,'AST-1234651-0030','1234651','Uratex Monoblock 101 Classic Chair','',1,'Pcs','2026-03-25 16:45:47',NULL,'NOT_CHECKED','','','','','Missing','Pending physical check.',1,'2026-04-27 11:48:27'),(366,1,111,'AST-1234651-0031','1234651','Uratex Monoblock 101 Classic Chair','',1,'Pcs','2026-03-25 16:45:48',NULL,'NOT_CHECKED','','','','','Missing','Pending physical check.',1,'2026-04-27 11:48:27'),(367,1,112,'AST-1234651-0032','1234651','Uratex Monoblock 101 Classic Chair','',1,'Pcs','2026-03-25 16:45:50',NULL,'NOT_CHECKED','','','','','Missing','Pending physical check.',1,'2026-04-27 11:48:27'),(368,1,113,'AST-1234651-0033','1234651','Uratex Monoblock 101 Classic Chair','',1,'Pcs','2026-03-25 16:45:52',NULL,'NOT_CHECKED','','','','','Missing','Pending physical check.',1,'2026-04-27 11:48:27'),(369,1,114,'AST-1234651-0034','1234651','Uratex Monoblock 101 Classic Chair','',1,'Pcs','2026-03-25 16:45:54',NULL,'NOT_CHECKED','','','','','Missing','Pending physical check.',1,'2026-04-27 11:48:27'),(370,1,115,'AST-1234651-0035','1234651','Uratex Monoblock 101 Classic Chair','',1,'Pcs','2026-03-25 16:45:56',NULL,'NOT_CHECKED','','','','','Missing','Pending physical check.',1,'2026-04-27 11:48:27'),(371,1,116,'AST-1234651-0036','1234651','Uratex Monoblock 101 Classic Chair','',1,'Pcs','2026-03-25 16:45:59',NULL,'NOT_CHECKED','','','','','Missing','Pending physical check.',1,'2026-04-27 11:48:27'),(372,1,117,'AST-1234651-0037','1234651','Uratex Monoblock 101 Classic Chair','',1,'Pcs','2026-03-25 16:46:00',NULL,'NOT_CHECKED','','','','','Missing','Pending physical check.',1,'2026-04-27 11:48:27'),(373,1,118,'AST-1234651-0038','1234651','Uratex Monoblock 101 Classic Chair','',1,'Pcs','2026-03-25 16:46:02',NULL,'NOT_CHECKED','','','','','Missing','Pending physical check.',1,'2026-04-27 11:48:27'),(374,1,119,'AST-1234651-0039','1234651','Uratex Monoblock 101 Classic Chair','',1,'Pcs','2026-03-25 16:46:04',NULL,'NOT_CHECKED','','','','','Missing','Pending physical check.',1,'2026-04-27 11:48:27'),(375,1,120,'AST-1234651-0040','1234651','Uratex Monoblock 101 Classic Chair','',1,'Pcs','2026-03-25 16:46:06',NULL,'NOT_CHECKED','','','','','Missing','Pending physical check.',1,'2026-04-27 11:48:27'),(376,1,121,'AST-1234651-0041','1234651','Uratex Monoblock 101 Classic Chair','',1,'Pcs','2026-03-25 16:46:08',NULL,'NOT_CHECKED','','','','','Missing','Pending physical check.',1,'2026-04-27 11:48:27'),(377,1,122,'AST-1234651-0042','1234651','Uratex Monoblock 101 Classic Chair','',1,'Pcs','2026-03-25 16:46:10',NULL,'NOT_CHECKED','','','','','Missing','Pending physical check.',1,'2026-04-27 11:48:27'),(378,1,123,'AST-1234651-0043','1234651','Uratex Monoblock 101 Classic Chair','',1,'Pcs','2026-03-25 16:46:11',NULL,'NOT_CHECKED','','','','','Missing','Pending physical check.',1,'2026-04-27 11:48:27'),(379,1,124,'AST-1234651-0044','1234651','Uratex Monoblock 101 Classic Chair','',1,'Pcs','2026-03-25 16:46:13',NULL,'NOT_CHECKED','','','','','Missing','Pending physical check.',1,'2026-04-27 11:48:27'),(380,1,125,'AST-1234651-0045','1234651','Uratex Monoblock 101 Classic Chair','',1,'Pcs','2026-03-25 16:46:15',NULL,'NOT_CHECKED','','','','','Missing','Pending physical check.',1,'2026-04-27 11:48:27'),(381,1,126,'AST-1234651-0046','1234651','Uratex Monoblock 101 Classic Chair','',1,'Pcs','2026-03-25 16:46:17',NULL,'NOT_CHECKED','','','','','Missing','Pending physical check.',1,'2026-04-27 11:48:27'),(382,1,127,'AST-1234651-0047','1234651','Uratex Monoblock 101 Classic Chair','',1,'Pcs','2026-03-25 16:46:18',NULL,'NOT_CHECKED','','','','','Missing','Pending physical check.',1,'2026-04-27 11:48:27'),(383,1,128,'AST-1234651-0048','1234651','Uratex Monoblock 101 Classic Chair','',1,'Pcs','2026-03-25 16:46:20',NULL,'NOT_CHECKED','','','','','Missing','Pending physical check.',1,'2026-04-27 11:48:27'),(384,1,129,'AST-1234651-0049','1234651','Uratex Monoblock 101 Classic Chair','',1,'Pcs','2026-03-25 16:46:22',NULL,'NOT_CHECKED','','','','','Missing','Pending physical check.',1,'2026-04-27 11:48:27'),(385,1,130,'AST-1234651-0050','1234651','Uratex Monoblock 101 Classic Chair','',1,'Pcs','2026-03-25 16:46:24',NULL,'NOT_CHECKED','','','','','Missing','Pending physical check.',1,'2026-04-27 11:48:27'),(386,1,131,'AST-5455454R4WERWERRWERWERWERWERWERWE-0001','5455454R4WERWERRWERWERWERWERWERWE','rb se bw ew e','',1,'Pcs','2026-03-30 10:57:43',NULL,'NOT_CHECKED','','','','','Missing','Pending physical check.',1,'2026-04-27 11:48:27'),(387,1,132,'AST-5455454R4WERWERRWERWERWERWERWERWE-0002','5455454R4WERWERRWERWERWERWERWERWE','rb se bw ew e','',1,'Pcs','2026-03-30 10:57:46',NULL,'NOT_CHECKED','','','','','Missing','Pending physical check.',1,'2026-04-27 11:48:27'),(388,1,133,'AST-5455454R4WERWERRWERWERWERWERWERWE-0003','5455454R4WERWERRWERWERWERWERWERWE','rb se bw ew e','',1,'Pcs','2026-03-30 10:57:48',NULL,'NOT_CHECKED','','','','','Missing','Pending physical check.',1,'2026-04-27 11:48:27'),(389,1,134,'AST-5455454R4WERWERRWERWERWERWERWERWE-0004','5455454R4WERWERRWERWERWERWERWERWE','rb se bw ew e','',1,'Pcs','2026-03-30 10:57:50',NULL,'NOT_CHECKED','','','','','Missing','Pending physical check.',1,'2026-04-27 11:48:27'),(390,1,135,'AST-5455454R4WERWERRWERWERWERWERWERWE-0005','5455454R4WERWERRWERWERWERWERWERWE','rb se bw ew e','',1,'Pcs','2026-03-30 10:57:52',NULL,'NOT_CHECKED','','','','','Missing','Pending physical check.',1,'2026-04-27 11:48:27'),(391,1,136,'AST-5455454R4WERWERRWERWERWERWERWERWE-0006','5455454R4WERWERRWERWERWERWERWERWE','rb se bw ew e','',1,'Pcs','2026-03-30 10:57:53',NULL,'NOT_CHECKED','','','','','Missing','Pending physical check.',1,'2026-04-27 11:48:27'),(392,1,137,'AST-5455454R4WERWERRWERWERWERWERWERWE-0007','5455454R4WERWERRWERWERWERWERWERWE','rb se bw ew e','',1,'Pcs','2026-03-30 10:57:55',NULL,'NOT_CHECKED','','','','','Missing','Pending physical check.',1,'2026-04-27 11:48:27'),(393,1,138,'AST-5455454R4WERWERRWERWERWERWERWERWE-0008','5455454R4WERWERRWERWERWERWERWERWE','rb se bw ew e','',1,'Pcs','2026-03-30 10:57:56',NULL,'NOT_CHECKED','','','','','Missing','Pending physical check.',1,'2026-04-27 11:48:27'),(394,1,139,'AST-5455454R4WERWERRWERWERWERWERWERWE-0009','5455454R4WERWERRWERWERWERWERWERWE','rb se bw ew e','',1,'Pcs','2026-03-30 10:57:58',NULL,'NOT_CHECKED','','','','','Missing','Pending physical check.',1,'2026-04-27 11:48:27'),(395,1,140,'AST-5455454R4WERWERRWERWERWERWERWERWE-0010','5455454R4WERWERRWERWERWERWERWERWE','rb se bw ew e','',1,'Pcs','2026-03-30 10:57:59',NULL,'NOT_CHECKED','','','','','Missing','Pending physical check.',1,'2026-04-27 11:48:27'),(396,1,141,'AST-5455454R4WERWERRWERWERWERWERWERWE-0011','5455454R4WERWERRWERWERWERWERWERWE','rb se bw ew e','',1,'Pcs','2026-03-30 10:58:01',NULL,'NOT_CHECKED','','','','','Missing','Pending physical check.',1,'2026-04-27 11:48:27'),(397,1,142,'AST-5455454R4WERWERRWERWERWERWERWERWE-0012','5455454R4WERWERRWERWERWERWERWERWE','rb se bw ew e','',1,'Pcs','2026-03-30 10:58:02',NULL,'NOT_CHECKED','','','','','Missing','Pending physical check.',1,'2026-04-27 11:48:27'),(398,1,143,'AST-5455454R4WERWERRWERWERWERWERWERWE-0013','5455454R4WERWERRWERWERWERWERWERWE','rb se bw ew e','',1,'Pcs','2026-03-30 10:58:04',NULL,'NOT_CHECKED','','','','','Missing','Pending physical check.',1,'2026-04-27 11:48:27'),(399,1,144,'AST-5455454R4WERWERRWERWERWERWERWERWE-0014','5455454R4WERWERRWERWERWERWERWERWE','rb se bw ew e','',1,'Pcs','2026-03-30 10:58:05',NULL,'NOT_CHECKED','','','','','Missing','Pending physical check.',1,'2026-04-27 11:48:27'),(400,1,145,'AST-5455454R4WERWERRWERWERWERWERWERWE-0015','5455454R4WERWERRWERWERWERWERWERWE','rb se bw ew e','',1,'Pcs','2026-03-30 10:58:07',NULL,'NOT_CHECKED','','','','','Missing','Pending physical check.',1,'2026-04-27 11:48:27'),(401,1,146,'AST-5455454R4WERWERRWERWERWERWERWERWE-0016','5455454R4WERWERRWERWERWERWERWERWE','rb se bw ew e','',1,'Pcs','2026-03-30 10:58:08',NULL,'NOT_CHECKED','','','','','Missing','Pending physical check.',1,'2026-04-27 11:48:27'),(402,1,147,'AST-5455454R4WERWERRWERWERWERWERWERWE-0017','5455454R4WERWERRWERWERWERWERWERWE','rb se bw ew e','',1,'Pcs','2026-03-30 10:58:10',NULL,'NOT_CHECKED','','','','','Missing','Pending physical check.',1,'2026-04-27 11:48:27'),(403,1,148,'AST-5455454R4WERWERRWERWERWERWERWERWE-0018','5455454R4WERWERRWERWERWERWERWERWE','rb se bw ew e','',1,'Pcs','2026-03-30 10:58:12',NULL,'NOT_CHECKED','','','','','Missing','Pending physical check.',1,'2026-04-27 11:48:27'),(404,1,149,'AST-5455454R4WERWERRWERWERWERWERWERWE-0019','5455454R4WERWERRWERWERWERWERWERWE','rb se bw ew e','',1,'Pcs','2026-03-30 10:58:13',NULL,'NOT_CHECKED','','','','','Missing','Pending physical check.',1,'2026-04-27 11:48:27'),(405,1,150,'AST-5455454R4WERWERRWERWERWERWERWERWE-0020','5455454R4WERWERRWERWERWERWERWERWE','rb se bw ew e','',1,'Pcs','2026-03-30 10:58:15',NULL,'NOT_CHECKED','','','','','Missing','Pending physical check.',1,'2026-04-27 11:48:27'),(406,1,151,'AST-5455454R4WERWERRWERWERWERWERWERWE-0021','5455454R4WERWERRWERWERWERWERWERWE','rb se bw ew e','',1,'Pcs','2026-03-30 10:58:16',NULL,'NOT_CHECKED','','','','','Missing','Pending physical check.',1,'2026-04-27 11:48:27'),(407,1,152,'AST-5455454R4WERWERRWERWERWERWERWERWE-0022','5455454R4WERWERRWERWERWERWERWERWE','rb se bw ew e','',1,'Pcs','2026-03-30 10:58:18',NULL,'NOT_CHECKED','','','','','Missing','Pending physical check.',1,'2026-04-27 11:48:27'),(408,1,153,'AST-5455454R4WERWERRWERWERWERWERWERWE-0023','5455454R4WERWERRWERWERWERWERWERWE','rb se bw ew e','',1,'Pcs','2026-03-30 10:58:20',NULL,'NOT_CHECKED','','','','','Missing','Pending physical check.',1,'2026-04-27 11:48:27'),(409,1,154,'AST-5455454R4WERWERRWERWERWERWERWERWE-0024','5455454R4WERWERRWERWERWERWERWERWE','rb se bw ew e','',1,'Pcs','2026-03-30 10:58:23',NULL,'NOT_CHECKED','','','','','Missing','Pending physical check.',1,'2026-04-27 11:48:27'),(410,1,155,'AST-5455454R4WERWERRWERWERWERWERWERWE-0025','5455454R4WERWERRWERWERWERWERWERWE','rb se bw ew e','',1,'Pcs','2026-03-30 10:58:25',NULL,'NOT_CHECKED','','','','','Missing','Pending physical check.',1,'2026-04-27 11:48:27'),(411,1,156,'AST-5455454R4WERWERRWERWERWERWERWERWE-0026','5455454R4WERWERRWERWERWERWERWERWE','rb se bw ew e','',1,'Pcs','2026-03-30 10:58:27',NULL,'NOT_CHECKED','','','','','Missing','Pending physical check.',1,'2026-04-27 11:48:27'),(412,1,157,'AST-5455454R4WERWERRWERWERWERWERWERWE-0027','5455454R4WERWERRWERWERWERWERWERWE','rb se bw ew e','',1,'Pcs','2026-03-30 10:58:28',NULL,'NOT_CHECKED','','','','','Missing','Pending physical check.',1,'2026-04-27 11:48:27'),(413,1,158,'AST-5455454R4WERWERRWERWERWERWERWERWE-0028','5455454R4WERWERRWERWERWERWERWERWE','rb se bw ew e','',1,'Pcs','2026-03-30 10:58:30',NULL,'NOT_CHECKED','','','','','Missing','Pending physical check.',1,'2026-04-27 11:48:27'),(414,1,159,'AST-5455454R4WERWERRWERWERWERWERWERWE-0029','5455454R4WERWERRWERWERWERWERWERWE','rb se bw ew e','',1,'Pcs','2026-03-30 10:58:31',NULL,'NOT_CHECKED','','','','','Missing','Pending physical check.',1,'2026-04-27 11:48:27'),(415,1,160,'AST-5455454R4WERWERRWERWERWERWERWERWE-0030','5455454R4WERWERRWERWERWERWERWERWE','rb se bw ew e','',1,'Pcs','2026-03-30 10:58:33',NULL,'NOT_CHECKED','','','','','Missing','Pending physical check.',1,'2026-04-27 11:48:27'),(416,1,161,'AST-5455454R4WERWERRWERWERWERWERWERWE-0031','5455454R4WERWERRWERWERWERWERWERWE','rb se bw ew e','',1,'Pcs','2026-03-30 10:58:34',NULL,'NOT_CHECKED','','','','','Missing','Pending physical check.',1,'2026-04-27 11:48:27'),(417,1,162,'AST-5455454R4WERWERRWERWERWERWERWERWE-0032','5455454R4WERWERRWERWERWERWERWERWE','rb se bw ew e','',1,'Pcs','2026-03-30 10:58:36',NULL,'NOT_CHECKED','','','','','Missing','Pending physical check.',1,'2026-04-27 11:48:27'),(418,1,163,'AST-5455454R4WERWERRWERWERWERWERWERWE-0033','5455454R4WERWERRWERWERWERWERWERWE','rb se bw ew e','',1,'Pcs','2026-03-30 10:58:37',NULL,'NOT_CHECKED','','','','','Missing','Pending physical check.',1,'2026-04-27 11:48:27'),(419,1,164,'AST-5455454R4WERWERRWERWERWERWERWERWE-0034','5455454R4WERWERRWERWERWERWERWERWE','rb se bw ew e','',1,'Pcs','2026-03-30 10:58:39',NULL,'NOT_CHECKED','','','','','Missing','Pending physical check.',1,'2026-04-27 11:48:27'),(420,1,165,'AST-5455454R4WERWERRWERWERWERWERWERWE-0035','5455454R4WERWERRWERWERWERWERWERWE','rb se bw ew e','',1,'Pcs','2026-03-30 10:58:41',NULL,'NOT_CHECKED','','','','','Missing','Pending physical check.',1,'2026-04-27 11:48:27'),(421,1,166,'AST-5455454R4WERWERRWERWERWERWERWERWE-0036','5455454R4WERWERRWERWERWERWERWERWE','rb se bw ew e','',1,'Pcs','2026-03-30 10:58:42',NULL,'NOT_CHECKED','','','','','Missing','Pending physical check.',1,'2026-04-27 11:48:27'),(422,1,167,'AST-5455454R4WERWERRWERWERWERWERWERWE-0037','5455454R4WERWERRWERWERWERWERWERWE','rb se bw ew e','',1,'Pcs','2026-03-30 10:58:43',NULL,'NOT_CHECKED','','','','','Missing','Pending physical check.',1,'2026-04-27 11:48:27'),(423,1,168,'AST-5455454R4WERWERRWERWERWERWERWERWE-0038','5455454R4WERWERRWERWERWERWERWERWE','rb se bw ew e','',1,'Pcs','2026-03-30 10:58:45',NULL,'NOT_CHECKED','','','','','Missing','Pending physical check.',1,'2026-04-27 11:48:27'),(424,1,169,'AST-5455454R4WERWERRWERWERWERWERWERWE-0039','5455454R4WERWERRWERWERWERWERWERWE','rb se bw ew e','',1,'Pcs','2026-03-30 10:58:46',NULL,'NOT_CHECKED','','','','','Missing','Pending physical check.',1,'2026-04-27 11:48:27'),(425,1,170,'AST-5455454R4WERWERRWERWERWERWERWERWE-0040','5455454R4WERWERRWERWERWERWERWERWE','rb se bw ew e','',1,'Pcs','2026-03-30 10:58:48',NULL,'NOT_CHECKED','','','','','Missing','Pending physical check.',1,'2026-04-27 11:48:27'),(426,1,171,'AST-5455454R4WERWERRWERWERWERWERWERWE-0041','5455454R4WERWERRWERWERWERWERWERWE','rb se bw ew e','',1,'Pcs','2026-03-30 10:58:49',NULL,'NOT_CHECKED','','','','','Missing','Pending physical check.',1,'2026-04-27 11:48:27'),(427,1,172,'AST-5455454R4WERWERRWERWERWERWERWERWE-0042','5455454R4WERWERRWERWERWERWERWERWE','rb se bw ew e','',1,'Pcs','2026-03-30 10:58:51',NULL,'NOT_CHECKED','','','','','Missing','Pending physical check.',1,'2026-04-27 11:48:27'),(428,1,173,'AST-5455454R4WERWERRWERWERWERWERWERWE-0043','5455454R4WERWERRWERWERWERWERWERWE','rb se bw ew e','',1,'Pcs','2026-03-30 10:58:52',NULL,'NOT_CHECKED','','','','','Missing','Pending physical check.',1,'2026-04-27 11:48:27'),(429,1,174,'AST-5455454R4WERWERRWERWERWERWERWERWE-0044','5455454R4WERWERRWERWERWERWERWERWE','rb se bw ew e','',1,'Pcs','2026-03-30 10:58:53',NULL,'NOT_CHECKED','','','','','Missing','Pending physical check.',1,'2026-04-27 11:48:27'),(430,1,175,'AST-5455454R4WERWERRWERWERWERWERWERWE-0045','5455454R4WERWERRWERWERWERWERWERWE','rb se bw ew e','',1,'Pcs','2026-03-30 10:58:55',NULL,'NOT_CHECKED','','','','','Missing','Pending physical check.',1,'2026-04-27 11:48:27'),(431,1,176,'AST-5455454R4WERWERRWERWERWERWERWERWE-0046','5455454R4WERWERRWERWERWERWERWERWE','rb se bw ew e','',1,'Pcs','2026-03-30 10:58:56',NULL,'NOT_CHECKED','','','','','Missing','Pending physical check.',1,'2026-04-27 11:48:27'),(432,1,177,'AST-5455454R4WERWERRWERWERWERWERWERWE-0047','5455454R4WERWERRWERWERWERWERWERWE','rb se bw ew e','',1,'Pcs','2026-03-30 10:58:58',NULL,'NOT_CHECKED','','','','','Missing','Pending physical check.',1,'2026-04-27 11:48:27'),(433,1,178,'AST-5455454R4WERWERRWERWERWERWERWERWE-0048','5455454R4WERWERRWERWERWERWERWERWE','rb se bw ew e','',1,'Pcs','2026-03-30 10:58:59',NULL,'NOT_CHECKED','','','','','Missing','Pending physical check.',1,'2026-04-27 11:48:27'),(434,1,179,'AST-5455454R4WERWERRWERWERWERWERWERWE-0049','5455454R4WERWERRWERWERWERWERWERWE','rb se bw ew e','',1,'Pcs','2026-03-30 10:59:01',NULL,'NOT_CHECKED','','','','','Missing','Pending physical check.',1,'2026-04-27 11:48:27'),(435,1,180,'AST-5455454R4WERWERRWERWERWERWERWERWE-0050','5455454R4WERWERRWERWERWERWERWERWE','rb se bw ew e','',1,'Pcs','2026-03-30 10:59:02',NULL,'NOT_CHECKED','','','','','Missing','Pending physical check.',1,'2026-04-27 11:48:27'),(436,1,181,'AST-5455454R4WERWERRWERWERWERWERWERWE-0051','5455454R4WERWERRWERWERWERWERWERWE','rb se bw ew e','',1,'Pcs','2026-03-30 10:59:04',NULL,'NOT_CHECKED','','','','','Missing','Pending physical check.',1,'2026-04-27 11:48:27'),(437,1,182,'AST-F-ASDF-0001','F-ASDF','asdf','',1,'Pcs','2026-03-30 16:54:24',NULL,'NOT_CHECKED','','','','','Missing','Pending physical check.',1,'2026-04-27 11:48:27'),(438,1,183,'AST-POWIULK-0007','POWIULK','Logitech G213 Prodigy RGB Gaming Keyboard','',1,'Pcs','2026-03-31 09:52:56',NULL,'NOT_CHECKED','','','','','Missing','Pending physical check.',1,'2026-04-27 11:48:27'),(439,1,184,'AST-4322FC-0005','4322FC','4 Drawer Steel Lateral Filing Cabinet beige','',1,'Pcs','2026-03-31 11:21:15',NULL,'NOT_CHECKED','','','','','Missing','Pending physical check.',1,'2026-04-27 11:48:27'),(440,1,185,'AST-SRTEST-0001','SRTEST','srtest','',1,'Pcs','2026-04-07 09:43:49',NULL,'NOT_CHECKED','','','','','Missing','Pending physical check.',1,'2026-04-27 11:48:27'),(441,1,186,'AST-SRTEST-0002','SRTEST','srtest','',1,'Pcs','2026-04-07 09:43:51',NULL,'NOT_CHECKED','','','','','Missing','Pending physical check.',1,'2026-04-27 11:48:27'),(511,9,1,'AST-12345-0001','12345','Nvision N2455PRO-B 100Hz IPS Panel 23.8\" Monitor Black','SN0001',1,'Pcs','2026-03-25 16:07:56',NULL,'NOT_CHECKED','','','','','Missing','Pending physical check.',1,'2026-04-27 13:19:51'),(512,9,2,'AST-12345-0002','12345','Nvision N2455PRO-B 100Hz IPS Panel 23.8\" Monitor Black','SN0002',1,'Pcs','2026-03-25 16:07:57',NULL,'NOT_CHECKED','','','','','Missing','Pending physical check.',1,'2026-04-27 13:19:51'),(513,9,3,'AST-12345-0003','12345','Nvision N2455PRO-B 100Hz IPS Panel 23.8\" Monitor Black','SN0003',1,'Pcs','2026-03-25 16:07:59',NULL,'NOT_CHECKED','','','','','Missing','Pending physical check.',1,'2026-04-27 13:19:51'),(514,9,4,'AST-12345-0004','12345','Nvision N2455PRO-B 100Hz IPS Panel 23.8\" Monitor Black','SN0004',1,'Pcs','2026-03-25 16:08:01',NULL,'NOT_CHECKED','','','','','Missing','Pending physical check.',1,'2026-04-27 13:19:51'),(515,9,5,'AST-12345-0005','12345','Nvision N2455PRO-B 100Hz IPS Panel 23.8\" Monitor Black','SN0005',1,'Pcs','2026-03-25 16:08:02',NULL,'NOT_CHECKED','','','','','Missing','Pending physical check.',1,'2026-04-27 13:19:51'),(516,9,6,'AST-12345-0006','12345','Nvision N2455PRO-B 100Hz IPS Panel 23.8\" Monitor Black','SN0006',1,'Pcs','2026-03-25 16:08:04',NULL,'NOT_CHECKED','','','','','Missing','Pending physical check.',1,'2026-04-27 13:19:51'),(517,9,7,'AST-POWIULK-0001','POWIULK','Logitech G213 Prodigy RGB Gaming Keyboard','1521234',1,'Pcs','2026-03-25 16:10:18',NULL,'NOT_CHECKED','','','','','Missing','Pending physical check.',1,'2026-04-27 13:19:51'),(518,9,8,'AST-POWIULK-0002','POWIULK','Logitech G213 Prodigy RGB Gaming Keyboard','1234651345',1,'Pcs','2026-03-25 16:10:19',NULL,'NOT_CHECKED','','','','','Missing','Pending physical check.',1,'2026-04-27 13:19:51'),(519,9,9,'AST-POWIULK-0003','POWIULK','Logitech G213 Prodigy RGB Gaming Keyboard','1234231',1,'Pcs','2026-03-25 16:10:21',NULL,'NOT_CHECKED','','','','','Missing','Pending physical check.',1,'2026-04-27 13:19:51'),(520,9,10,'AST-POWIULK-0004','POWIULK','Logitech G213 Prodigy RGB Gaming Keyboard','12531234',1,'Pcs','2026-03-25 16:10:23',NULL,'NOT_CHECKED','','','','','Missing','Pending physical check.',1,'2026-04-27 13:19:51'),(521,9,11,'AST-POWIULK-0005','POWIULK','Logitech G213 Prodigy RGB Gaming Keyboard','1235123',1,'Pcs','2026-03-25 16:10:25',NULL,'NOT_CHECKED','','','','','Missing','Pending physical check.',1,'2026-04-27 13:19:51'),(522,9,12,'AST-POWIULK-0006','POWIULK','Logitech G213 Prodigy RGB Gaming Keyboard','1234532',1,'Pcs','2026-03-25 16:10:27',NULL,'NOT_CHECKED','','','','','Missing','Pending physical check.',1,'2026-04-27 13:19:51'),(523,9,13,'AST-FQW23421-0001','FQW23421','Asus Expertcenter P500mv I5-13420h/16gb/512gb Ssd Desktop Pc Black One Size / EU Plug 220V','1243125',1,'Pcs','2026-03-25 16:13:00',NULL,'NOT_CHECKED','','','','','Missing','Pending physical check.',1,'2026-04-27 13:19:51'),(524,9,14,'AST-FQW23421-0002','FQW23421','Asus Expertcenter P500mv I5-13420h/16gb/512gb Ssd Desktop Pc Black One Size / EU Plug 220V','1234125',1,'Pcs','2026-03-25 16:13:02',NULL,'NOT_CHECKED','','','','','Missing','Pending physical check.',1,'2026-04-27 13:19:51'),(525,9,15,'AST-FQW23421-0003','FQW23421','Asus Expertcenter P500mv I5-13420h/16gb/512gb Ssd Desktop Pc Black One Size / EU Plug 220V','123561',1,'Pcs','2026-03-25 16:13:03',NULL,'NOT_CHECKED','','','','','Missing','Pending physical check.',1,'2026-04-27 13:19:51'),(526,9,16,'AST-FQW23421-0004','FQW23421','Asus Expertcenter P500mv I5-13420h/16gb/512gb Ssd Desktop Pc Black One Size / EU Plug 220V','1532142',1,'Pcs','2026-03-25 16:13:05',NULL,'NOT_CHECKED','','','','','Missing','Pending physical check.',1,'2026-04-27 13:19:51'),(527,9,17,'AST-FQW23421-0005','FQW23421','Asus Expertcenter P500mv I5-13420h/16gb/512gb Ssd Desktop Pc Black One Size / EU Plug 220V','123412',1,'Pcs','2026-03-25 16:13:07',NULL,'NOT_CHECKED','','','','','Missing','Pending physical check.',1,'2026-04-27 13:19:51'),(528,9,18,'AST-FQW23421-0006','FQW23421','Asus Expertcenter P500mv I5-13420h/16gb/512gb Ssd Desktop Pc Black One Size / EU Plug 220V','23462',1,'Pcs','2026-03-25 16:13:09',NULL,'NOT_CHECKED','','','','','Missing','Pending physical check.',1,'2026-04-27 13:19:51'),(529,9,19,'AST-134265-0001','134265','Prolink 650Va 1200Va1500Va 2000Va 3000Va Super Fast Charging Line Interactive Ups Power Supply W/ Surge Protector Built In Avr','qwer123',1,'Pcs','2026-03-25 16:16:40',NULL,'NOT_CHECKED','','','','','Missing','Pending physical check.',1,'2026-04-27 13:19:51'),(530,9,20,'AST-134265-0002','134265','Prolink 650Va 1200Va1500Va 2000Va 3000Va Super Fast Charging Line Interactive Ups Power Supply W/ Surge Protector Built In Avr','qf3431',1,'Pcs','2026-03-25 16:16:43',NULL,'NOT_CHECKED','','','','','Missing','Pending physical check.',1,'2026-04-27 13:19:51'),(531,9,21,'AST-134265-0003','134265','Prolink 650Va 1200Va1500Va 2000Va 3000Va Super Fast Charging Line Interactive Ups Power Supply W/ Surge Protector Built In Avr','gfv342q4t5',1,'Pcs','2026-03-25 16:16:45',NULL,'NOT_CHECKED','','','','','Missing','Pending physical check.',1,'2026-04-27 13:19:51'),(532,9,22,'AST-134265-0004','134265','Prolink 650Va 1200Va1500Va 2000Va 3000Va Super Fast Charging Line Interactive Ups Power Supply W/ Surge Protector Built In Avr','avsgb321',1,'Pcs','2026-03-25 16:16:46',NULL,'NOT_CHECKED','','','','','Missing','Pending physical check.',1,'2026-04-27 13:19:51'),(533,9,23,'AST-134265-0005','134265','Prolink 650Va 1200Va1500Va 2000Va 3000Va Super Fast Charging Line Interactive Ups Power Supply W/ Surge Protector Built In Avr','asdfga3',1,'Pcs','2026-03-25 16:16:49',NULL,'NOT_CHECKED','','','','','Missing','Pending physical check.',1,'2026-04-27 13:19:51'),(534,9,24,'AST-134265-0006','134265','Prolink 650Va 1200Va1500Va 2000Va 3000Va Super Fast Charging Line Interactive Ups Power Supply W/ Surge Protector Built In Avr','awsdfgwe',1,'Pcs','2026-03-25 16:16:51',NULL,'NOT_CHECKED','','','','','Missing','Pending physical check.',1,'2026-04-27 13:19:51'),(535,9,25,'AST-12FWSGA432-0001','12FWSGA432','Razer Cobra Gaming Mouse','fasdvq3',1,'Pcs','2026-03-25 16:17:39',NULL,'NOT_CHECKED','','','','','Missing','Pending physical check.',1,'2026-04-27 13:19:51'),(536,9,26,'AST-12FWSGA432-0002','12FWSGA432','Razer Cobra Gaming Mouse','qwf234',1,'Pcs','2026-03-25 16:17:41',NULL,'NOT_CHECKED','','','','','Missing','Pending physical check.',1,'2026-04-27 13:19:51'),(537,9,27,'AST-12FWSGA432-0003','12FWSGA432','Razer Cobra Gaming Mouse','23gtqwerg',1,'Pcs','2026-03-25 16:17:43',NULL,'NOT_CHECKED','','','','','Missing','Pending physical check.',1,'2026-04-27 13:19:51'),(538,9,28,'AST-12FWSGA432-0004','12FWSGA432','Razer Cobra Gaming Mouse','asdg3',1,'Pcs','2026-03-25 16:17:45',NULL,'NOT_CHECKED','','','','','Missing','Pending physical check.',1,'2026-04-27 13:19:51'),(539,9,29,'AST-12FWSGA432-0005','12FWSGA432','Razer Cobra Gaming Mouse','asdga34',1,'Pcs','2026-03-25 16:17:47',NULL,'NOT_CHECKED','','','','','Missing','Pending physical check.',1,'2026-04-27 13:19:51'),(540,9,30,'AST-12FWSGA432-0006','12FWSGA432','Razer Cobra Gaming Mouse','abaw43g',1,'Pcs','2026-03-25 16:17:50',NULL,'NOT_CHECKED','','','','','Missing','Pending physical check.',1,'2026-04-27 13:19:51'),(541,9,31,'AST-ASDG2443-0001','ASDG2443','Lifetime Foldable Table 5ft','',1,'Pcs','2026-03-25 16:20:37',NULL,'NOT_CHECKED','','','','','Missing','Pending physical check.',1,'2026-04-27 13:19:51'),(542,9,32,'AST-ASDG2443-0002','ASDG2443','Lifetime Foldable Table 5ft','',1,'Pcs','2026-03-25 16:20:39',NULL,'NOT_CHECKED','','','','','Missing','Pending physical check.',1,'2026-04-27 13:19:51'),(543,9,33,'AST-ASDG2443-0003','ASDG2443','Lifetime Foldable Table 5ft','',1,'Pcs','2026-03-25 16:20:41',NULL,'NOT_CHECKED','','','','','Missing','Pending physical check.',1,'2026-04-27 13:19:51'),(544,9,34,'AST-ASDG2443-0004','ASDG2443','Lifetime Foldable Table 5ft','',1,'Pcs','2026-03-25 16:20:43',NULL,'NOT_CHECKED','','','','','Missing','Pending physical check.',1,'2026-04-27 13:19:51'),(545,9,35,'AST-ASDG2443-0005','ASDG2443','Lifetime Foldable Table 5ft','',1,'Pcs','2026-03-25 16:20:45',NULL,'NOT_CHECKED','','','','','Missing','Pending physical check.',1,'2026-04-27 13:19:51'),(546,9,36,'AST-ASDG2443-0006','ASDG2443','Lifetime Foldable Table 5ft','',1,'Pcs','2026-03-25 16:20:47',NULL,'NOT_CHECKED','','','','','Missing','Pending physical check.',1,'2026-04-27 13:19:51'),(547,9,37,'AST-ASDG2443-0007','ASDG2443','Lifetime Foldable Table 5ft','',1,'Pcs','2026-03-25 16:20:50',NULL,'NOT_CHECKED','','','','','Missing','Pending physical check.',1,'2026-04-27 13:19:51'),(548,9,38,'AST-ASDG2443-0008','ASDG2443','Lifetime Foldable Table 5ft','',1,'Pcs','2026-03-25 16:20:53',NULL,'NOT_CHECKED','','','','','Missing','Pending physical check.',1,'2026-04-27 13:19:51'),(549,9,39,'AST-ASDG2443-0009','ASDG2443','Lifetime Foldable Table 5ft','',1,'Pcs','2026-03-25 16:20:55',NULL,'NOT_CHECKED','','','','','Missing','Pending physical check.',1,'2026-04-27 13:19:51'),(550,9,40,'AST-ASDG2443-0010','ASDG2443','Lifetime Foldable Table 5ft','',1,'Pcs','2026-03-25 16:20:58',NULL,'NOT_CHECKED','','','','','Missing','Pending physical check.',1,'2026-04-27 13:19:51'),(551,9,41,'AST-4322FC-0001','4322FC','4 Drawer Steel Lateral Filing Cabinet beige','',1,'Pcs','2026-03-25 16:24:42',NULL,'NOT_CHECKED','','','','','Missing','Pending physical check.',1,'2026-04-27 13:19:51'),(552,9,42,'AST-4322FC-0002','4322FC','4 Drawer Steel Lateral Filing Cabinet beige','',1,'Pcs','2026-03-25 16:24:44',NULL,'NOT_CHECKED','','','','','Missing','Pending physical check.',1,'2026-04-27 13:19:51'),(553,9,43,'AST-4322FC-0003','4322FC','4 Drawer Steel Lateral Filing Cabinet beige','',1,'Pcs','2026-03-25 16:24:46',NULL,'NOT_CHECKED','','','','','Missing','Pending physical check.',1,'2026-04-27 13:19:51'),(554,9,44,'AST-4322FC-0004','4322FC','4 Drawer Steel Lateral Filing Cabinet beige','',1,'Pcs','2026-03-25 16:24:48',NULL,'NOT_CHECKED','','','','','Missing','Pending physical check.',1,'2026-04-27 13:19:51'),(555,9,45,'AST-ASDFG2E-0001','ASDFG2E','Intel Core i5 Desktop Computer Quad-Core 8 Thread 16GB RAM 512GB SSD Full Set Pc Computer (Pc, Monitor, Mouse, Keyboard)','asfd3q34',1,'set','2026-03-25 16:35:07',NULL,'NOT_CHECKED','','','','','Missing','Pending physical check.',1,'2026-04-27 13:19:51'),(556,9,46,'AST-ASDFG2E-0002','ASDFG2E','Intel Core i5 Desktop Computer Quad-Core 8 Thread 16GB RAM 512GB SSD Full Set Pc Computer (Pc, Monitor, Mouse, Keyboard)','f3434f3qf',1,'set','2026-03-25 16:35:09',NULL,'NOT_CHECKED','','','','','Missing','Pending physical check.',1,'2026-04-27 13:19:51'),(557,9,47,'AST-ASDFG2E-0003','ASDFG2E','Intel Core i5 Desktop Computer Quad-Core 8 Thread 16GB RAM 512GB SSD Full Set Pc Computer (Pc, Monitor, Mouse, Keyboard)','f23f34f34',1,'set','2026-03-25 16:35:11',NULL,'NOT_CHECKED','','','','','Missing','Pending physical check.',1,'2026-04-27 13:19:51'),(558,9,48,'AST-ASDFG2E-0004','ASDFG2E','Intel Core i5 Desktop Computer Quad-Core 8 Thread 16GB RAM 512GB SSD Full Set Pc Computer (Pc, Monitor, Mouse, Keyboard)','hg352hg54',1,'set','2026-03-25 16:35:13',NULL,'NOT_CHECKED','','','','','Missing','Pending physical check.',1,'2026-04-27 13:19:51'),(559,9,49,'AST-ASDFG2E-0005','ASDFG2E','Intel Core i5 Desktop Computer Quad-Core 8 Thread 16GB RAM 512GB SSD Full Set Pc Computer (Pc, Monitor, Mouse, Keyboard)','f234yh24',1,'set','2026-03-25 16:35:15',NULL,'NOT_CHECKED','','','','','Missing','Pending physical check.',1,'2026-04-27 13:19:51'),(560,9,50,'AST-ASDFG2E-0006','ASDFG2E','Intel Core i5 Desktop Computer Quad-Core 8 Thread 16GB RAM 512GB SSD Full Set Pc Computer (Pc, Monitor, Mouse, Keyboard)','2b4gvf2',1,'set','2026-03-25 16:35:16',NULL,'NOT_CHECKED','','','','','Missing','Pending physical check.',1,'2026-04-27 13:19:51'),(561,9,51,'AST-ASDFG2E-0007','ASDFG2E','Intel Core i5 Desktop Computer Quad-Core 8 Thread 16GB RAM 512GB SSD Full Set Pc Computer (Pc, Monitor, Mouse, Keyboard)','g234f32gfh',1,'set','2026-03-25 16:35:18',NULL,'NOT_CHECKED','','','','','Missing','Pending physical check.',1,'2026-04-27 13:19:51'),(562,9,52,'AST-ASDFG2E-0008','ASDFG2E','Intel Core i5 Desktop Computer Quad-Core 8 Thread 16GB RAM 512GB SSD Full Set Pc Computer (Pc, Monitor, Mouse, Keyboard)','g52234g245',1,'set','2026-03-25 16:35:20',NULL,'NOT_CHECKED','','','','','Missing','Pending physical check.',1,'2026-04-27 13:19:51'),(563,9,53,'AST-ASDFG2E-0009','ASDFG2E','Intel Core i5 Desktop Computer Quad-Core 8 Thread 16GB RAM 512GB SSD Full Set Pc Computer (Pc, Monitor, Mouse, Keyboard)','f234f5542',1,'set','2026-03-25 16:35:22',NULL,'NOT_CHECKED','','','','','Missing','Pending physical check.',1,'2026-04-27 13:19:51'),(564,9,54,'AST-ASDFG2E-0010','ASDFG2E','Intel Core i5 Desktop Computer Quad-Core 8 Thread 16GB RAM 512GB SSD Full Set Pc Computer (Pc, Monitor, Mouse, Keyboard)','f23gh24',1,'set','2026-03-25 16:35:24',NULL,'NOT_CHECKED','','','','','Missing','Pending physical check.',1,'2026-04-27 13:19:51'),(565,9,55,'AST-ASDFG2E-0011','ASDFG2E','Intel Core i5 Desktop Computer Quad-Core 8 Thread 16GB RAM 512GB SSD Full Set Pc Computer (Pc, Monitor, Mouse, Keyboard)','fc23vb525',1,'set','2026-03-25 16:35:26',NULL,'NOT_CHECKED','','','','','Missing','Pending physical check.',1,'2026-04-27 13:19:51'),(566,9,56,'AST-ASDFG2E-0012','ASDFG2E','Intel Core i5 Desktop Computer Quad-Core 8 Thread 16GB RAM 512GB SSD Full Set Pc Computer (Pc, Monitor, Mouse, Keyboard)','f235h24c',1,'set','2026-03-25 16:35:28',NULL,'NOT_CHECKED','','','','','Missing','Pending physical check.',1,'2026-04-27 13:19:51'),(567,9,57,'AST-ASDFG2E-0013','ASDFG2E','Intel Core i5 Desktop Computer Quad-Core 8 Thread 16GB RAM 512GB SSD Full Set Pc Computer (Pc, Monitor, Mouse, Keyboard)','f23g234f5',1,'set','2026-03-25 16:35:30',NULL,'NOT_CHECKED','','','','','Missing','Pending physical check.',1,'2026-04-27 13:19:51'),(568,9,58,'AST-ASDFG2E-0014','ASDFG2E','Intel Core i5 Desktop Computer Quad-Core 8 Thread 16GB RAM 512GB SSD Full Set Pc Computer (Pc, Monitor, Mouse, Keyboard)','g235fc52f',1,'set','2026-03-25 16:35:31',NULL,'NOT_CHECKED','','','','','Missing','Pending physical check.',1,'2026-04-27 13:19:51'),(569,9,59,'AST-ASDFG2E-0015','ASDFG2E','Intel Core i5 Desktop Computer Quad-Core 8 Thread 16GB RAM 512GB SSD Full Set Pc Computer (Pc, Monitor, Mouse, Keyboard)','vg254hj423',1,'set','2026-03-25 16:35:33',NULL,'NOT_CHECKED','','','','','Missing','Pending physical check.',1,'2026-04-27 13:19:51'),(570,9,60,'AST-ASDFG2E-0016','ASDFG2E','Intel Core i5 Desktop Computer Quad-Core 8 Thread 16GB RAM 512GB SSD Full Set Pc Computer (Pc, Monitor, Mouse, Keyboard)','b635b24',1,'set','2026-03-25 16:35:35',NULL,'NOT_CHECKED','','','','','Missing','Pending physical check.',1,'2026-04-27 13:19:51'),(571,9,61,'AST-ASDFG2E-0017','ASDFG2E','Intel Core i5 Desktop Computer Quad-Core 8 Thread 16GB RAM 512GB SSD Full Set Pc Computer (Pc, Monitor, Mouse, Keyboard)','cf25gv246b',1,'set','2026-03-25 16:35:37',NULL,'NOT_CHECKED','','','','','Missing','Pending physical check.',1,'2026-04-27 13:19:51'),(572,9,62,'AST-ASDFG2E-0018','ASDFG2E','Intel Core i5 Desktop Computer Quad-Core 8 Thread 16GB RAM 512GB SSD Full Set Pc Computer (Pc, Monitor, Mouse, Keyboard)','b42b24',1,'set','2026-03-25 16:35:39',NULL,'NOT_CHECKED','','','','','Missing','Pending physical check.',1,'2026-04-27 13:19:51'),(573,9,63,'AST-ASDFG2E-0019','ASDFG2E','Intel Core i5 Desktop Computer Quad-Core 8 Thread 16GB RAM 512GB SSD Full Set Pc Computer (Pc, Monitor, Mouse, Keyboard)','b2452v',1,'set','2026-03-25 16:35:41',NULL,'NOT_CHECKED','','','','','Missing','Pending physical check.',1,'2026-04-27 13:19:51'),(574,9,64,'AST-ASDFG2E-0020','ASDFG2E','Intel Core i5 Desktop Computer Quad-Core 8 Thread 16GB RAM 512GB SSD Full Set Pc Computer (Pc, Monitor, Mouse, Keyboard)','hg462h',1,'set','2026-03-25 16:35:43',NULL,'NOT_CHECKED','','','','','Missing','Pending physical check.',1,'2026-04-27 13:19:51'),(575,9,65,'AST-ASDFG2E-0021','ASDFG2E','Intel Core i5 Desktop Computer Quad-Core 8 Thread 16GB RAM 512GB SSD Full Set Pc Computer (Pc, Monitor, Mouse, Keyboard)','735h735h',1,'set','2026-03-25 16:35:44',NULL,'NOT_CHECKED','','','','','Missing','Pending physical check.',1,'2026-04-27 13:19:51'),(576,9,66,'AST-ASDFG2E-0022','ASDFG2E','Intel Core i5 Desktop Computer Quad-Core 8 Thread 16GB RAM 512GB SSD Full Set Pc Computer (Pc, Monitor, Mouse, Keyboard)','h356h35',1,'set','2026-03-25 16:35:47',NULL,'NOT_CHECKED','','','','','Missing','Pending physical check.',1,'2026-04-27 13:19:51'),(577,9,67,'AST-ASDFG2E-0023','ASDFG2E','Intel Core i5 Desktop Computer Quad-Core 8 Thread 16GB RAM 512GB SSD Full Set Pc Computer (Pc, Monitor, Mouse, Keyboard)','g24g52',1,'set','2026-03-25 16:35:49',NULL,'NOT_CHECKED','','','','','Missing','Pending physical check.',1,'2026-04-27 13:19:51'),(578,9,68,'AST-ASDFG2E-0024','ASDFG2E','Intel Core i5 Desktop Computer Quad-Core 8 Thread 16GB RAM 512GB SSD Full Set Pc Computer (Pc, Monitor, Mouse, Keyboard)','2g24g',1,'set','2026-03-25 16:35:50',NULL,'NOT_CHECKED','','','','','Missing','Pending physical check.',1,'2026-04-27 13:19:51'),(579,9,69,'AST-ASDFG2E-0025','ASDFG2E','Intel Core i5 Desktop Computer Quad-Core 8 Thread 16GB RAM 512GB SSD Full Set Pc Computer (Pc, Monitor, Mouse, Keyboard)','246b462',1,'set','2026-03-25 16:35:52',NULL,'NOT_CHECKED','','','','','Missing','Pending physical check.',1,'2026-04-27 13:19:51'),(580,9,70,'AST-ASDFG2E-0026','ASDFG2E','Intel Core i5 Desktop Computer Quad-Core 8 Thread 16GB RAM 512GB SSD Full Set Pc Computer (Pc, Monitor, Mouse, Keyboard)','2f5hg246h24',1,'set','2026-03-25 16:35:54',NULL,'NOT_CHECKED','','','','','Missing','Pending physical check.',1,'2026-04-27 13:19:51'),(581,9,71,'AST-ASDFG2E-0027','ASDFG2E','Intel Core i5 Desktop Computer Quad-Core 8 Thread 16GB RAM 512GB SSD Full Set Pc Computer (Pc, Monitor, Mouse, Keyboard)','g25g2435h642',1,'set','2026-03-25 16:35:56',NULL,'NOT_CHECKED','','','','','Missing','Pending physical check.',1,'2026-04-27 13:19:51'),(582,9,72,'AST-ASDFG2E-0028','ASDFG2E','Intel Core i5 Desktop Computer Quad-Core 8 Thread 16GB RAM 512GB SSD Full Set Pc Computer (Pc, Monitor, Mouse, Keyboard)','2hb642h246h',1,'set','2026-03-25 16:35:58',NULL,'NOT_CHECKED','','','','','Missing','Pending physical check.',1,'2026-04-27 13:19:51'),(583,9,73,'AST-ASDFG2E-0029','ASDFG2E','Intel Core i5 Desktop Computer Quad-Core 8 Thread 16GB RAM 512GB SSD Full Set Pc Computer (Pc, Monitor, Mouse, Keyboard)','b24b234bv24',1,'set','2026-03-25 16:36:00',NULL,'NOT_CHECKED','','','','','Missing','Pending physical check.',1,'2026-04-27 13:19:51'),(584,9,74,'AST-ASDFG2E-0030','ASDFG2E','Intel Core i5 Desktop Computer Quad-Core 8 Thread 16GB RAM 512GB SSD Full Set Pc Computer (Pc, Monitor, Mouse, Keyboard)','bg52b42b',1,'set','2026-03-25 16:36:01',NULL,'NOT_CHECKED','','','','','Missing','Pending physical check.',1,'2026-04-27 13:19:51'),(585,9,75,'AST-ASDFG2E-0031','ASDFG2E','Intel Core i5 Desktop Computer Quad-Core 8 Thread 16GB RAM 512GB SSD Full Set Pc Computer (Pc, Monitor, Mouse, Keyboard)','b2462b642',1,'set','2026-03-25 16:36:03',NULL,'NOT_CHECKED','','','','','Missing','Pending physical check.',1,'2026-04-27 13:19:51'),(586,9,76,'AST-ASDFG2E-0032','ASDFG2E','Intel Core i5 Desktop Computer Quad-Core 8 Thread 16GB RAM 512GB SSD Full Set Pc Computer (Pc, Monitor, Mouse, Keyboard)','b24b624v24',1,'set','2026-03-25 16:36:05',NULL,'NOT_CHECKED','','','','','Missing','Pending physical check.',1,'2026-04-27 13:19:51'),(587,9,77,'AST-ASDFG2E-0033','ASDFG2E','Intel Core i5 Desktop Computer Quad-Core 8 Thread 16GB RAM 512GB SSD Full Set Pc Computer (Pc, Monitor, Mouse, Keyboard)','bn246b246',1,'set','2026-03-25 16:36:07',NULL,'NOT_CHECKED','','','','','Missing','Pending physical check.',1,'2026-04-27 13:19:51'),(588,9,78,'AST-ASDFG2E-0034','ASDFG2E','Intel Core i5 Desktop Computer Quad-Core 8 Thread 16GB RAM 512GB SSD Full Set Pc Computer (Pc, Monitor, Mouse, Keyboard)','b246b24b246',1,'set','2026-03-25 16:36:09',NULL,'NOT_CHECKED','','','','','Missing','Pending physical check.',1,'2026-04-27 13:19:51'),(589,9,79,'AST-ASDFG2E-0035','ASDFG2E','Intel Core i5 Desktop Computer Quad-Core 8 Thread 16GB RAM 512GB SSD Full Set Pc Computer (Pc, Monitor, Mouse, Keyboard)','b246b246b',1,'set','2026-03-25 16:36:11',NULL,'NOT_CHECKED','','','','','Missing','Pending physical check.',1,'2026-04-27 13:19:51'),(590,9,80,'AST-ASDFG2E-0036','ASDFG2E','Intel Core i5 Desktop Computer Quad-Core 8 Thread 16GB RAM 512GB SSD Full Set Pc Computer (Pc, Monitor, Mouse, Keyboard)','b246b642b24',1,'set','2026-03-25 16:36:12',NULL,'NOT_CHECKED','','','','','Missing','Pending physical check.',1,'2026-04-27 13:19:51'),(591,9,81,'AST-1234651-0001','1234651','Uratex Monoblock 101 Classic Chair','',1,'Pcs','2026-03-25 16:44:47',NULL,'NOT_CHECKED','','','','','Missing','Pending physical check.',1,'2026-04-27 13:19:51'),(592,9,82,'AST-1234651-0002','1234651','Uratex Monoblock 101 Classic Chair','',1,'Pcs','2026-03-25 16:44:50',NULL,'NOT_CHECKED','','','','','Missing','Pending physical check.',1,'2026-04-27 13:19:51'),(593,9,83,'AST-1234651-0003','1234651','Uratex Monoblock 101 Classic Chair','',1,'Pcs','2026-03-25 16:44:52',NULL,'NOT_CHECKED','','','','','Missing','Pending physical check.',1,'2026-04-27 13:19:51'),(594,9,84,'AST-1234651-0004','1234651','Uratex Monoblock 101 Classic Chair','',1,'Pcs','2026-03-25 16:44:55',NULL,'NOT_CHECKED','','','','','Missing','Pending physical check.',1,'2026-04-27 13:19:51'),(595,9,85,'AST-1234651-0005','1234651','Uratex Monoblock 101 Classic Chair','',1,'Pcs','2026-03-25 16:44:58',NULL,'NOT_CHECKED','','','','','Missing','Pending physical check.',1,'2026-04-27 13:19:51'),(596,9,86,'AST-1234651-0006','1234651','Uratex Monoblock 101 Classic Chair','',1,'Pcs','2026-03-25 16:45:01',NULL,'NOT_CHECKED','','','','','Missing','Pending physical check.',1,'2026-04-27 13:19:51'),(597,9,87,'AST-1234651-0007','1234651','Uratex Monoblock 101 Classic Chair','',1,'Pcs','2026-03-25 16:45:03',NULL,'NOT_CHECKED','','','','','Missing','Pending physical check.',1,'2026-04-27 13:19:51'),(598,9,88,'AST-1234651-0008','1234651','Uratex Monoblock 101 Classic Chair','',1,'Pcs','2026-03-25 16:45:06',NULL,'NOT_CHECKED','','','','','Missing','Pending physical check.',1,'2026-04-27 13:19:51'),(599,9,89,'AST-1234651-0009','1234651','Uratex Monoblock 101 Classic Chair','',1,'Pcs','2026-03-25 16:45:08',NULL,'NOT_CHECKED','','','','','Missing','Pending physical check.',1,'2026-04-27 13:19:51'),(600,9,90,'AST-1234651-0010','1234651','Uratex Monoblock 101 Classic Chair','',1,'Pcs','2026-03-25 16:45:10',NULL,'NOT_CHECKED','','','','','Missing','Pending physical check.',1,'2026-04-27 13:19:51'),(601,9,91,'AST-1234651-0011','1234651','Uratex Monoblock 101 Classic Chair','',1,'Pcs','2026-03-25 16:45:12',NULL,'NOT_CHECKED','','','','','Missing','Pending physical check.',1,'2026-04-27 13:19:51'),(602,9,92,'AST-1234651-0012','1234651','Uratex Monoblock 101 Classic Chair','',1,'Pcs','2026-03-25 16:45:14',NULL,'NOT_CHECKED','','','','','Missing','Pending physical check.',1,'2026-04-27 13:19:51'),(603,9,93,'AST-1234651-0013','1234651','Uratex Monoblock 101 Classic Chair','',1,'Pcs','2026-03-25 16:45:15',NULL,'NOT_CHECKED','','','','','Missing','Pending physical check.',1,'2026-04-27 13:19:51'),(604,9,94,'AST-1234651-0014','1234651','Uratex Monoblock 101 Classic Chair','',1,'Pcs','2026-03-25 16:45:17',NULL,'NOT_CHECKED','','','','','Missing','Pending physical check.',1,'2026-04-27 13:19:51'),(605,9,95,'AST-1234651-0015','1234651','Uratex Monoblock 101 Classic Chair','',1,'Pcs','2026-03-25 16:45:19',NULL,'NOT_CHECKED','','','','','Missing','Pending physical check.',1,'2026-04-27 13:19:51'),(606,9,96,'AST-1234651-0016','1234651','Uratex Monoblock 101 Classic Chair','',1,'Pcs','2026-03-25 16:45:21',NULL,'NOT_CHECKED','','','','','Missing','Pending physical check.',1,'2026-04-27 13:19:51'),(607,9,97,'AST-1234651-0017','1234651','Uratex Monoblock 101 Classic Chair','',1,'Pcs','2026-03-25 16:45:23',NULL,'NOT_CHECKED','','','','','Missing','Pending physical check.',1,'2026-04-27 13:19:51'),(608,9,98,'AST-1234651-0018','1234651','Uratex Monoblock 101 Classic Chair','',1,'Pcs','2026-03-25 16:45:25',NULL,'NOT_CHECKED','','','','','Missing','Pending physical check.',1,'2026-04-27 13:19:51'),(609,9,99,'AST-1234651-0019','1234651','Uratex Monoblock 101 Classic Chair','',1,'Pcs','2026-03-25 16:45:26',NULL,'NOT_CHECKED','','','','','Missing','Pending physical check.',1,'2026-04-27 13:19:51'),(610,9,100,'AST-1234651-0020','1234651','Uratex Monoblock 101 Classic Chair','',1,'Pcs','2026-03-25 16:45:28',NULL,'NOT_CHECKED','','','','','Missing','Pending physical check.',1,'2026-04-27 13:19:51'),(611,9,101,'AST-1234651-0021','1234651','Uratex Monoblock 101 Classic Chair','',1,'Pcs','2026-03-25 16:45:30',NULL,'NOT_CHECKED','','','','','Missing','Pending physical check.',1,'2026-04-27 13:19:51'),(612,9,102,'AST-1234651-0022','1234651','Uratex Monoblock 101 Classic Chair','',1,'Pcs','2026-03-25 16:45:32',NULL,'NOT_CHECKED','','','','','Missing','Pending physical check.',1,'2026-04-27 13:19:51'),(613,9,103,'AST-1234651-0023','1234651','Uratex Monoblock 101 Classic Chair','',1,'Pcs','2026-03-25 16:45:34',NULL,'NOT_CHECKED','','','','','Missing','Pending physical check.',1,'2026-04-27 13:19:51'),(614,9,104,'AST-1234651-0024','1234651','Uratex Monoblock 101 Classic Chair','',1,'Pcs','2026-03-25 16:45:36',NULL,'NOT_CHECKED','','','','','Missing','Pending physical check.',1,'2026-04-27 13:19:51'),(615,9,105,'AST-1234651-0025','1234651','Uratex Monoblock 101 Classic Chair','',1,'Pcs','2026-03-25 16:45:37',NULL,'NOT_CHECKED','','','','','Missing','Pending physical check.',1,'2026-04-27 13:19:51'),(616,9,106,'AST-1234651-0026','1234651','Uratex Monoblock 101 Classic Chair','',1,'Pcs','2026-03-25 16:45:39',NULL,'NOT_CHECKED','','','','','Missing','Pending physical check.',1,'2026-04-27 13:19:51'),(617,9,107,'AST-1234651-0027','1234651','Uratex Monoblock 101 Classic Chair','',1,'Pcs','2026-03-25 16:45:41',NULL,'NOT_CHECKED','','','','','Missing','Pending physical check.',1,'2026-04-27 13:19:51'),(618,9,108,'AST-1234651-0028','1234651','Uratex Monoblock 101 Classic Chair','',1,'Pcs','2026-03-25 16:45:43',NULL,'NOT_CHECKED','','','','','Missing','Pending physical check.',1,'2026-04-27 13:19:51'),(619,9,109,'AST-1234651-0029','1234651','Uratex Monoblock 101 Classic Chair','',1,'Pcs','2026-03-25 16:45:45',NULL,'NOT_CHECKED','','','','','Missing','Pending physical check.',1,'2026-04-27 13:19:51'),(620,9,110,'AST-1234651-0030','1234651','Uratex Monoblock 101 Classic Chair','',1,'Pcs','2026-03-25 16:45:47',NULL,'NOT_CHECKED','','','','','Missing','Pending physical check.',1,'2026-04-27 13:19:51'),(621,9,111,'AST-1234651-0031','1234651','Uratex Monoblock 101 Classic Chair','',1,'Pcs','2026-03-25 16:45:48',NULL,'NOT_CHECKED','','','','','Missing','Pending physical check.',1,'2026-04-27 13:19:51'),(622,9,112,'AST-1234651-0032','1234651','Uratex Monoblock 101 Classic Chair','',1,'Pcs','2026-03-25 16:45:50',NULL,'NOT_CHECKED','','','','','Missing','Pending physical check.',1,'2026-04-27 13:19:51'),(623,9,113,'AST-1234651-0033','1234651','Uratex Monoblock 101 Classic Chair','',1,'Pcs','2026-03-25 16:45:52',NULL,'NOT_CHECKED','','','','','Missing','Pending physical check.',1,'2026-04-27 13:19:51'),(624,9,114,'AST-1234651-0034','1234651','Uratex Monoblock 101 Classic Chair','',1,'Pcs','2026-03-25 16:45:54',NULL,'NOT_CHECKED','','','','','Missing','Pending physical check.',1,'2026-04-27 13:19:51'),(625,9,115,'AST-1234651-0035','1234651','Uratex Monoblock 101 Classic Chair','',1,'Pcs','2026-03-25 16:45:56',NULL,'NOT_CHECKED','','','','','Missing','Pending physical check.',1,'2026-04-27 13:19:51'),(626,9,116,'AST-1234651-0036','1234651','Uratex Monoblock 101 Classic Chair','',1,'Pcs','2026-03-25 16:45:59',NULL,'NOT_CHECKED','','','','','Missing','Pending physical check.',1,'2026-04-27 13:19:51'),(627,9,117,'AST-1234651-0037','1234651','Uratex Monoblock 101 Classic Chair','',1,'Pcs','2026-03-25 16:46:00',NULL,'NOT_CHECKED','','','','','Missing','Pending physical check.',1,'2026-04-27 13:19:51'),(628,9,118,'AST-1234651-0038','1234651','Uratex Monoblock 101 Classic Chair','',1,'Pcs','2026-03-25 16:46:02',NULL,'NOT_CHECKED','','','','','Missing','Pending physical check.',1,'2026-04-27 13:19:51'),(629,9,119,'AST-1234651-0039','1234651','Uratex Monoblock 101 Classic Chair','',1,'Pcs','2026-03-25 16:46:04',NULL,'NOT_CHECKED','','','','','Missing','Pending physical check.',1,'2026-04-27 13:19:51'),(630,9,120,'AST-1234651-0040','1234651','Uratex Monoblock 101 Classic Chair','',1,'Pcs','2026-03-25 16:46:06',NULL,'NOT_CHECKED','','','','','Missing','Pending physical check.',1,'2026-04-27 13:19:51'),(631,9,121,'AST-1234651-0041','1234651','Uratex Monoblock 101 Classic Chair','',1,'Pcs','2026-03-25 16:46:08',NULL,'NOT_CHECKED','','','','','Missing','Pending physical check.',1,'2026-04-27 13:19:51'),(632,9,122,'AST-1234651-0042','1234651','Uratex Monoblock 101 Classic Chair','',1,'Pcs','2026-03-25 16:46:10',NULL,'NOT_CHECKED','','','','','Missing','Pending physical check.',1,'2026-04-27 13:19:51'),(633,9,123,'AST-1234651-0043','1234651','Uratex Monoblock 101 Classic Chair','',1,'Pcs','2026-03-25 16:46:11',NULL,'NOT_CHECKED','','','','','Missing','Pending physical check.',1,'2026-04-27 13:19:51'),(634,9,124,'AST-1234651-0044','1234651','Uratex Monoblock 101 Classic Chair','',1,'Pcs','2026-03-25 16:46:13',NULL,'NOT_CHECKED','','','','','Missing','Pending physical check.',1,'2026-04-27 13:19:51'),(635,9,125,'AST-1234651-0045','1234651','Uratex Monoblock 101 Classic Chair','',1,'Pcs','2026-03-25 16:46:15',NULL,'NOT_CHECKED','','','','','Missing','Pending physical check.',1,'2026-04-27 13:19:51'),(636,9,126,'AST-1234651-0046','1234651','Uratex Monoblock 101 Classic Chair','',1,'Pcs','2026-03-25 16:46:17',NULL,'NOT_CHECKED','','','','','Missing','Pending physical check.',1,'2026-04-27 13:19:51'),(637,9,127,'AST-1234651-0047','1234651','Uratex Monoblock 101 Classic Chair','',1,'Pcs','2026-03-25 16:46:18',NULL,'NOT_CHECKED','','','','','Missing','Pending physical check.',1,'2026-04-27 13:19:51'),(638,9,128,'AST-1234651-0048','1234651','Uratex Monoblock 101 Classic Chair','',1,'Pcs','2026-03-25 16:46:20',NULL,'NOT_CHECKED','','','','','Missing','Pending physical check.',1,'2026-04-27 13:19:51'),(639,9,129,'AST-1234651-0049','1234651','Uratex Monoblock 101 Classic Chair','',1,'Pcs','2026-03-25 16:46:22',NULL,'NOT_CHECKED','','','','','Missing','Pending physical check.',1,'2026-04-27 13:19:51'),(640,9,130,'AST-1234651-0050','1234651','Uratex Monoblock 101 Classic Chair','',1,'Pcs','2026-03-25 16:46:24',NULL,'NOT_CHECKED','','','','','Missing','Pending physical check.',1,'2026-04-27 13:19:51'),(641,9,131,'AST-5455454R4WERWERRWERWERWERWERWERWE-0001','5455454R4WERWERRWERWERWERWERWERWE','rb se bw ew e','',1,'Pcs','2026-03-30 10:57:43',NULL,'NOT_CHECKED','','','','','Missing','Pending physical check.',1,'2026-04-27 13:19:51'),(642,9,132,'AST-5455454R4WERWERRWERWERWERWERWERWE-0002','5455454R4WERWERRWERWERWERWERWERWE','rb se bw ew e','',1,'Pcs','2026-03-30 10:57:46',NULL,'NOT_CHECKED','','','','','Missing','Pending physical check.',1,'2026-04-27 13:19:51'),(643,9,133,'AST-5455454R4WERWERRWERWERWERWERWERWE-0003','5455454R4WERWERRWERWERWERWERWERWE','rb se bw ew e','',1,'Pcs','2026-03-30 10:57:48',NULL,'NOT_CHECKED','','','','','Missing','Pending physical check.',1,'2026-04-27 13:19:51'),(644,9,134,'AST-5455454R4WERWERRWERWERWERWERWERWE-0004','5455454R4WERWERRWERWERWERWERWERWE','rb se bw ew e','',1,'Pcs','2026-03-30 10:57:50',NULL,'NOT_CHECKED','','','','','Missing','Pending physical check.',1,'2026-04-27 13:19:51'),(645,9,135,'AST-5455454R4WERWERRWERWERWERWERWERWE-0005','5455454R4WERWERRWERWERWERWERWERWE','rb se bw ew e','',1,'Pcs','2026-03-30 10:57:52',NULL,'NOT_CHECKED','','','','','Missing','Pending physical check.',1,'2026-04-27 13:19:51'),(646,9,136,'AST-5455454R4WERWERRWERWERWERWERWERWE-0006','5455454R4WERWERRWERWERWERWERWERWE','rb se bw ew e','',1,'Pcs','2026-03-30 10:57:53',NULL,'NOT_CHECKED','','','','','Missing','Pending physical check.',1,'2026-04-27 13:19:51'),(647,9,137,'AST-5455454R4WERWERRWERWERWERWERWERWE-0007','5455454R4WERWERRWERWERWERWERWERWE','rb se bw ew e','',1,'Pcs','2026-03-30 10:57:55',NULL,'NOT_CHECKED','','','','','Missing','Pending physical check.',1,'2026-04-27 13:19:51'),(648,9,138,'AST-5455454R4WERWERRWERWERWERWERWERWE-0008','5455454R4WERWERRWERWERWERWERWERWE','rb se bw ew e','',1,'Pcs','2026-03-30 10:57:56',NULL,'NOT_CHECKED','','','','','Missing','Pending physical check.',1,'2026-04-27 13:19:51'),(649,9,139,'AST-5455454R4WERWERRWERWERWERWERWERWE-0009','5455454R4WERWERRWERWERWERWERWERWE','rb se bw ew e','',1,'Pcs','2026-03-30 10:57:58',NULL,'NOT_CHECKED','','','','','Missing','Pending physical check.',1,'2026-04-27 13:19:51'),(650,9,140,'AST-5455454R4WERWERRWERWERWERWERWERWE-0010','5455454R4WERWERRWERWERWERWERWERWE','rb se bw ew e','',1,'Pcs','2026-03-30 10:57:59',NULL,'NOT_CHECKED','','','','','Missing','Pending physical check.',1,'2026-04-27 13:19:51'),(651,9,141,'AST-5455454R4WERWERRWERWERWERWERWERWE-0011','5455454R4WERWERRWERWERWERWERWERWE','rb se bw ew e','',1,'Pcs','2026-03-30 10:58:01',NULL,'NOT_CHECKED','','','','','Missing','Pending physical check.',1,'2026-04-27 13:19:51'),(652,9,142,'AST-5455454R4WERWERRWERWERWERWERWERWE-0012','5455454R4WERWERRWERWERWERWERWERWE','rb se bw ew e','',1,'Pcs','2026-03-30 10:58:02',NULL,'NOT_CHECKED','','','','','Missing','Pending physical check.',1,'2026-04-27 13:19:51'),(653,9,143,'AST-5455454R4WERWERRWERWERWERWERWERWE-0013','5455454R4WERWERRWERWERWERWERWERWE','rb se bw ew e','',1,'Pcs','2026-03-30 10:58:04',NULL,'NOT_CHECKED','','','','','Missing','Pending physical check.',1,'2026-04-27 13:19:51'),(654,9,144,'AST-5455454R4WERWERRWERWERWERWERWERWE-0014','5455454R4WERWERRWERWERWERWERWERWE','rb se bw ew e','',1,'Pcs','2026-03-30 10:58:05',NULL,'NOT_CHECKED','','','','','Missing','Pending physical check.',1,'2026-04-27 13:19:51'),(655,9,145,'AST-5455454R4WERWERRWERWERWERWERWERWE-0015','5455454R4WERWERRWERWERWERWERWERWE','rb se bw ew e','',1,'Pcs','2026-03-30 10:58:07',NULL,'NOT_CHECKED','','','','','Missing','Pending physical check.',1,'2026-04-27 13:19:51'),(656,9,146,'AST-5455454R4WERWERRWERWERWERWERWERWE-0016','5455454R4WERWERRWERWERWERWERWERWE','rb se bw ew e','',1,'Pcs','2026-03-30 10:58:08',NULL,'NOT_CHECKED','','','','','Missing','Pending physical check.',1,'2026-04-27 13:19:51'),(657,9,147,'AST-5455454R4WERWERRWERWERWERWERWERWE-0017','5455454R4WERWERRWERWERWERWERWERWE','rb se bw ew e','',1,'Pcs','2026-03-30 10:58:10',NULL,'NOT_CHECKED','','','','','Missing','Pending physical check.',1,'2026-04-27 13:19:51'),(658,9,148,'AST-5455454R4WERWERRWERWERWERWERWERWE-0018','5455454R4WERWERRWERWERWERWERWERWE','rb se bw ew e','',1,'Pcs','2026-03-30 10:58:12',NULL,'NOT_CHECKED','','','','','Missing','Pending physical check.',1,'2026-04-27 13:19:51'),(659,9,149,'AST-5455454R4WERWERRWERWERWERWERWERWE-0019','5455454R4WERWERRWERWERWERWERWERWE','rb se bw ew e','',1,'Pcs','2026-03-30 10:58:13',NULL,'NOT_CHECKED','','','','','Missing','Pending physical check.',1,'2026-04-27 13:19:51'),(660,9,150,'AST-5455454R4WERWERRWERWERWERWERWERWE-0020','5455454R4WERWERRWERWERWERWERWERWE','rb se bw ew e','',1,'Pcs','2026-03-30 10:58:15',NULL,'NOT_CHECKED','','','','','Missing','Pending physical check.',1,'2026-04-27 13:19:51'),(661,9,151,'AST-5455454R4WERWERRWERWERWERWERWERWE-0021','5455454R4WERWERRWERWERWERWERWERWE','rb se bw ew e','',1,'Pcs','2026-03-30 10:58:16',NULL,'NOT_CHECKED','','','','','Missing','Pending physical check.',1,'2026-04-27 13:19:51'),(662,9,152,'AST-5455454R4WERWERRWERWERWERWERWERWE-0022','5455454R4WERWERRWERWERWERWERWERWE','rb se bw ew e','',1,'Pcs','2026-03-30 10:58:18',NULL,'NOT_CHECKED','','','','','Missing','Pending physical check.',1,'2026-04-27 13:19:51'),(663,9,153,'AST-5455454R4WERWERRWERWERWERWERWERWE-0023','5455454R4WERWERRWERWERWERWERWERWE','rb se bw ew e','',1,'Pcs','2026-03-30 10:58:20',NULL,'NOT_CHECKED','','','','','Missing','Pending physical check.',1,'2026-04-27 13:19:51'),(664,9,154,'AST-5455454R4WERWERRWERWERWERWERWERWE-0024','5455454R4WERWERRWERWERWERWERWERWE','rb se bw ew e','',1,'Pcs','2026-03-30 10:58:23',NULL,'NOT_CHECKED','','','','','Missing','Pending physical check.',1,'2026-04-27 13:19:51'),(665,9,155,'AST-5455454R4WERWERRWERWERWERWERWERWE-0025','5455454R4WERWERRWERWERWERWERWERWE','rb se bw ew e','',1,'Pcs','2026-03-30 10:58:25',NULL,'NOT_CHECKED','','','','','Missing','Pending physical check.',1,'2026-04-27 13:19:51'),(666,9,156,'AST-5455454R4WERWERRWERWERWERWERWERWE-0026','5455454R4WERWERRWERWERWERWERWERWE','rb se bw ew e','',1,'Pcs','2026-03-30 10:58:27',NULL,'NOT_CHECKED','','','','','Missing','Pending physical check.',1,'2026-04-27 13:19:51'),(667,9,157,'AST-5455454R4WERWERRWERWERWERWERWERWE-0027','5455454R4WERWERRWERWERWERWERWERWE','rb se bw ew e','',1,'Pcs','2026-03-30 10:58:28',NULL,'NOT_CHECKED','','','','','Missing','Pending physical check.',1,'2026-04-27 13:19:51'),(668,9,158,'AST-5455454R4WERWERRWERWERWERWERWERWE-0028','5455454R4WERWERRWERWERWERWERWERWE','rb se bw ew e','',1,'Pcs','2026-03-30 10:58:30',NULL,'NOT_CHECKED','','','','','Missing','Pending physical check.',1,'2026-04-27 13:19:51'),(669,9,159,'AST-5455454R4WERWERRWERWERWERWERWERWE-0029','5455454R4WERWERRWERWERWERWERWERWE','rb se bw ew e','',1,'Pcs','2026-03-30 10:58:31',NULL,'NOT_CHECKED','','','','','Missing','Pending physical check.',1,'2026-04-27 13:19:51'),(670,9,160,'AST-5455454R4WERWERRWERWERWERWERWERWE-0030','5455454R4WERWERRWERWERWERWERWERWE','rb se bw ew e','',1,'Pcs','2026-03-30 10:58:33',NULL,'NOT_CHECKED','','','','','Missing','Pending physical check.',1,'2026-04-27 13:19:51'),(671,9,161,'AST-5455454R4WERWERRWERWERWERWERWERWE-0031','5455454R4WERWERRWERWERWERWERWERWE','rb se bw ew e','',1,'Pcs','2026-03-30 10:58:34',NULL,'NOT_CHECKED','','','','','Missing','Pending physical check.',1,'2026-04-27 13:19:51'),(672,9,162,'AST-5455454R4WERWERRWERWERWERWERWERWE-0032','5455454R4WERWERRWERWERWERWERWERWE','rb se bw ew e','',1,'Pcs','2026-03-30 10:58:36',NULL,'NOT_CHECKED','','','','','Missing','Pending physical check.',1,'2026-04-27 13:19:51'),(673,9,163,'AST-5455454R4WERWERRWERWERWERWERWERWE-0033','5455454R4WERWERRWERWERWERWERWERWE','rb se bw ew e','',1,'Pcs','2026-03-30 10:58:37',NULL,'NOT_CHECKED','','','','','Missing','Pending physical check.',1,'2026-04-27 13:19:51'),(674,9,164,'AST-5455454R4WERWERRWERWERWERWERWERWE-0034','5455454R4WERWERRWERWERWERWERWERWE','rb se bw ew e','',1,'Pcs','2026-03-30 10:58:39',NULL,'NOT_CHECKED','','','','','Missing','Pending physical check.',1,'2026-04-27 13:19:51'),(675,9,165,'AST-5455454R4WERWERRWERWERWERWERWERWE-0035','5455454R4WERWERRWERWERWERWERWERWE','rb se bw ew e','',1,'Pcs','2026-03-30 10:58:41',NULL,'NOT_CHECKED','','','','','Missing','Pending physical check.',1,'2026-04-27 13:19:51'),(676,9,166,'AST-5455454R4WERWERRWERWERWERWERWERWE-0036','5455454R4WERWERRWERWERWERWERWERWE','rb se bw ew e','',1,'Pcs','2026-03-30 10:58:42',NULL,'NOT_CHECKED','','','','','Missing','Pending physical check.',1,'2026-04-27 13:19:51'),(677,9,167,'AST-5455454R4WERWERRWERWERWERWERWERWE-0037','5455454R4WERWERRWERWERWERWERWERWE','rb se bw ew e','',1,'Pcs','2026-03-30 10:58:43',NULL,'NOT_CHECKED','','','','','Missing','Pending physical check.',1,'2026-04-27 13:19:51'),(678,9,168,'AST-5455454R4WERWERRWERWERWERWERWERWE-0038','5455454R4WERWERRWERWERWERWERWERWE','rb se bw ew e','',1,'Pcs','2026-03-30 10:58:45',NULL,'NOT_CHECKED','','','','','Missing','Pending physical check.',1,'2026-04-27 13:19:51'),(679,9,169,'AST-5455454R4WERWERRWERWERWERWERWERWE-0039','5455454R4WERWERRWERWERWERWERWERWE','rb se bw ew e','',1,'Pcs','2026-03-30 10:58:46',NULL,'NOT_CHECKED','','','','','Missing','Pending physical check.',1,'2026-04-27 13:19:51'),(680,9,170,'AST-5455454R4WERWERRWERWERWERWERWERWE-0040','5455454R4WERWERRWERWERWERWERWERWE','rb se bw ew e','',1,'Pcs','2026-03-30 10:58:48',NULL,'NOT_CHECKED','','','','','Missing','Pending physical check.',1,'2026-04-27 13:19:51'),(681,9,171,'AST-5455454R4WERWERRWERWERWERWERWERWE-0041','5455454R4WERWERRWERWERWERWERWERWE','rb se bw ew e','',1,'Pcs','2026-03-30 10:58:49',NULL,'NOT_CHECKED','','','','','Missing','Pending physical check.',1,'2026-04-27 13:19:51'),(682,9,172,'AST-5455454R4WERWERRWERWERWERWERWERWE-0042','5455454R4WERWERRWERWERWERWERWERWE','rb se bw ew e','',1,'Pcs','2026-03-30 10:58:51',NULL,'NOT_CHECKED','','','','','Missing','Pending physical check.',1,'2026-04-27 13:19:51'),(683,9,173,'AST-5455454R4WERWERRWERWERWERWERWERWE-0043','5455454R4WERWERRWERWERWERWERWERWE','rb se bw ew e','',1,'Pcs','2026-03-30 10:58:52',NULL,'NOT_CHECKED','','','','','Missing','Pending physical check.',1,'2026-04-27 13:19:51'),(684,9,174,'AST-5455454R4WERWERRWERWERWERWERWERWE-0044','5455454R4WERWERRWERWERWERWERWERWE','rb se bw ew e','',1,'Pcs','2026-03-30 10:58:53',NULL,'NOT_CHECKED','','','','','Missing','Pending physical check.',1,'2026-04-27 13:19:51'),(685,9,175,'AST-5455454R4WERWERRWERWERWERWERWERWE-0045','5455454R4WERWERRWERWERWERWERWERWE','rb se bw ew e','',1,'Pcs','2026-03-30 10:58:55',NULL,'NOT_CHECKED','','','','','Missing','Pending physical check.',1,'2026-04-27 13:19:51'),(686,9,176,'AST-5455454R4WERWERRWERWERWERWERWERWE-0046','5455454R4WERWERRWERWERWERWERWERWE','rb se bw ew e','',1,'Pcs','2026-03-30 10:58:56',NULL,'NOT_CHECKED','','','','','Missing','Pending physical check.',1,'2026-04-27 13:19:51'),(687,9,177,'AST-5455454R4WERWERRWERWERWERWERWERWE-0047','5455454R4WERWERRWERWERWERWERWERWE','rb se bw ew e','',1,'Pcs','2026-03-30 10:58:58',NULL,'NOT_CHECKED','','','','','Missing','Pending physical check.',1,'2026-04-27 13:19:51'),(688,9,178,'AST-5455454R4WERWERRWERWERWERWERWERWE-0048','5455454R4WERWERRWERWERWERWERWERWE','rb se bw ew e','',1,'Pcs','2026-03-30 10:58:59',NULL,'NOT_CHECKED','','','','','Missing','Pending physical check.',1,'2026-04-27 13:19:51'),(689,9,179,'AST-5455454R4WERWERRWERWERWERWERWERWE-0049','5455454R4WERWERRWERWERWERWERWERWE','rb se bw ew e','',1,'Pcs','2026-03-30 10:59:01',NULL,'NOT_CHECKED','','','','','Missing','Pending physical check.',1,'2026-04-27 13:19:51'),(690,9,180,'AST-5455454R4WERWERRWERWERWERWERWERWE-0050','5455454R4WERWERRWERWERWERWERWERWE','rb se bw ew e','',1,'Pcs','2026-03-30 10:59:02',NULL,'NOT_CHECKED','','','','','Missing','Pending physical check.',1,'2026-04-27 13:19:51'),(691,9,181,'AST-5455454R4WERWERRWERWERWERWERWERWE-0051','5455454R4WERWERRWERWERWERWERWERWE','rb se bw ew e','',1,'Pcs','2026-03-30 10:59:04',NULL,'NOT_CHECKED','','','','','Missing','Pending physical check.',1,'2026-04-27 13:19:51'),(692,9,182,'AST-F-ASDF-0001','F-ASDF','asdf','',1,'Pcs','2026-03-30 16:54:24',NULL,'NOT_CHECKED','','','','','Missing','Pending physical check.',1,'2026-04-27 13:19:51'),(693,9,183,'AST-POWIULK-0007','POWIULK','Logitech G213 Prodigy RGB Gaming Keyboard','',1,'Pcs','2026-03-31 09:52:56',NULL,'NOT_CHECKED','','','','','Missing','Pending physical check.',1,'2026-04-27 13:19:51'),(694,9,184,'AST-4322FC-0005','4322FC','4 Drawer Steel Lateral Filing Cabinet beige','',1,'Pcs','2026-03-31 11:21:15',NULL,'NOT_CHECKED','','','','','Missing','Pending physical check.',1,'2026-04-27 13:19:51'),(695,9,185,'AST-SRTEST-0001','SRTEST','srtest','',1,'Pcs','2026-04-07 09:43:49',NULL,'NOT_CHECKED','','','','','Missing','Pending physical check.',1,'2026-04-27 13:19:51'),(696,9,186,'AST-SRTEST-0002','SRTEST','srtest','',1,'Pcs','2026-04-07 09:43:51',NULL,'NOT_CHECKED','','','','','Missing','Pending physical check.',1,'2026-04-27 13:19:51');
/*!40000 ALTER TABLE `ast_audit_checks` ENABLE KEYS */;
UNLOCK TABLES;

--
-- Table structure for table `ast_audit_sessions`
--

DROP TABLE IF EXISTS `ast_audit_sessions`;
/*!40101 SET @saved_cs_client     = @@character_set_client */;
/*!40101 SET character_set_client = utf8 */;
CREATE TABLE `ast_audit_sessions` (
  `id` int(11) NOT NULL AUTO_INCREMENT,
  `series_code` varchar(50) NOT NULL,
  `audit_name` varchar(255) DEFAULT NULL,
  `start_date` date NOT NULL,
  `end_date` date NOT NULL,
  `status` enum('Pending','Active','Closed') NOT NULL DEFAULT 'Pending',
  `created_by` int(11) NOT NULL,
  `created_at` timestamp NOT NULL DEFAULT current_timestamp(),
  PRIMARY KEY (`id`),
  UNIQUE KEY `uniq_series_code` (`series_code`),
  KEY `idx_audit_status` (`status`),
  KEY `idx_audit_created_by` (`created_by`)
) ENGINE=InnoDB AUTO_INCREMENT=10 DEFAULT CHARSET=utf8mb4 COLLATE=utf8mb4_general_ci;
/*!40101 SET character_set_client = @saved_cs_client */;

--
-- Dumping data for table `ast_audit_sessions`
--

LOCK TABLES `ast_audit_sessions` WRITE;
/*!40000 ALTER TABLE `ast_audit_sessions` DISABLE KEYS */;
INSERT INTO `ast_audit_sessions` VALUES (1,'PCAST-2026-01',NULL,'2026-04-28','2026-04-29','Pending',1,'2026-04-27 03:45:52'),(2,'PCAST-2026-02',NULL,'2026-04-28','2026-04-29','Pending',1,'2026-04-27 03:45:57'),(3,'PCAST-2026-03',NULL,'2026-04-28','2026-04-29','Pending',1,'2026-04-27 05:15:01'),(4,'PCAST-2026-04',NULL,'2026-04-28','2026-04-29','Pending',1,'2026-04-27 05:15:04'),(5,'PCAST-2026-05',NULL,'2026-04-28','2026-04-29','Pending',1,'2026-04-27 05:15:04'),(6,'PCAST-2026-06',NULL,'2026-04-28','2026-04-29','Pending',1,'2026-04-27 05:15:04'),(7,'PCAST-2026-07',NULL,'2026-04-28','2026-04-29','Pending',1,'2026-04-27 05:15:04'),(8,'PCAST-2026-08',NULL,'2026-04-28','2026-04-29','Pending',1,'2026-04-27 05:15:05'),(9,'PCAST-2026-09',NULL,'2026-04-26','2026-04-28','Active',1,'2026-04-27 05:19:51');
/*!40000 ALTER TABLE `ast_audit_sessions` ENABLE KEYS */;
UNLOCK TABLES;

--
-- Table structure for table `ast_inventory`
--

DROP TABLE IF EXISTS `ast_inventory`;
/*!40101 SET @saved_cs_client     = @@character_set_client */;
/*!40101 SET character_set_client = utf8 */;
CREATE TABLE `ast_inventory` (
  `item_id` int(11) NOT NULL AUTO_INCREMENT,
  `property_number` varchar(100) NOT NULL COMMENT 'User-provided property number base',
  `property_series` int(11) NOT NULL DEFAULT 1 COMMENT 'Incremental series per property number',
  `property_code` varchar(150) NOT NULL COMMENT 'AST-[PROPERTY_NUMBER]-[SERIES] (padded)',
  `category_id` int(11) NOT NULL,
  `item_description` text NOT NULL,
  `serial_number` varchar(150) DEFAULT NULL,
  `quantity` int(11) NOT NULL DEFAULT 0,
  `available_qty` int(11) DEFAULT NULL,
  `unit` varchar(50) NOT NULL DEFAULT '',
  `source_of_fund` varchar(150) DEFAULT NULL,
  `cost_value` decimal(12,2) DEFAULT NULL,
  `qr_image` varchar(255) DEFAULT NULL,
  `is_available` tinyint(1) NOT NULL DEFAULT 1,
  `allowed_employment_status` text DEFAULT NULL,
  `created_at` timestamp NOT NULL DEFAULT current_timestamp(),
  `updated_at` timestamp NOT NULL DEFAULT current_timestamp() ON UPDATE current_timestamp(),
  PRIMARY KEY (`item_id`),
  UNIQUE KEY `uniq_property_code` (`property_code`),
  UNIQUE KEY `uniq_property_series` (`property_number`,`property_series`),
  KEY `idx_category_id` (`category_id`)
) ENGINE=InnoDB AUTO_INCREMENT=187 DEFAULT CHARSET=utf8mb4 COLLATE=utf8mb4_general_ci;
/*!40101 SET character_set_client = @saved_cs_client */;

--
-- Dumping data for table `ast_inventory`
--

LOCK TABLES `ast_inventory` WRITE;
/*!40000 ALTER TABLE `ast_inventory` DISABLE KEYS */;
INSERT INTO `ast_inventory` VALUES (1,'12345',1,'AST-12345-0001',1,'Nvision N2455PRO-B 100Hz IPS Panel 23.8\" Monitor Black','SN0001',1,NULL,'Pcs','John Doe',3495.00,'ast_qr_20260325_160754_69c397da56e62.png',0,'{\"teaching\":[1],\"non_teaching\":[]}','2026-03-25 08:07:56','2026-04-07 08:12:03'),(2,'12345',2,'AST-12345-0002',1,'Nvision N2455PRO-B 100Hz IPS Panel 23.8\" Monitor Black','SN0002',1,NULL,'Pcs','John Doe',3495.00,'ast_qr_20260325_160756_69c397dc15716.png',0,'{\"teaching\":[1],\"non_teaching\":[]}','2026-03-25 08:07:57','2026-04-07 08:12:03'),(3,'12345',3,'AST-12345-0003',1,'Nvision N2455PRO-B 100Hz IPS Panel 23.8\" Monitor Black','SN0003',1,NULL,'Pcs','John Doe',3495.00,'ast_qr_20260325_160757_69c397ddbff59.png',0,'{\"teaching\":[1],\"non_teaching\":[]}','2026-03-25 08:07:59','2026-04-08 03:07:38'),(4,'12345',4,'AST-12345-0004',1,'Nvision N2455PRO-B 100Hz IPS Panel 23.8\" Monitor Black','SN0004',1,NULL,'Pcs','John Doe',3495.00,'ast_qr_20260325_160759_69c397df88eec.png',1,'{\"teaching\":[1],\"non_teaching\":[]}','2026-03-25 08:08:01','2026-03-25 09:36:58'),(5,'12345',5,'AST-12345-0005',1,'Nvision N2455PRO-B 100Hz IPS Panel 23.8\" Monitor Black','SN0005',1,NULL,'Pcs','John Doe',3495.00,'ast_qr_20260325_160801_69c397e133fbd.png',1,'{\"teaching\":[1],\"non_teaching\":[]}','2026-03-25 08:08:02','2026-03-25 09:36:58'),(6,'12345',6,'AST-12345-0006',1,'Nvision N2455PRO-B 100Hz IPS Panel 23.8\" Monitor Black','SN0006',1,NULL,'Pcs','John Doe',3495.00,'ast_qr_20260325_160802_69c397e2e1293.png',1,'{\"teaching\":[1],\"non_teaching\":[]}','2026-03-25 08:08:04','2026-03-25 09:36:58'),(7,'POWIULK',1,'AST-POWIULK-0001',2,'Logitech G213 Prodigy RGB Gaming Keyboard','1521234',1,NULL,'Pcs','John Doe',2606.00,'ast_qr_20260325_161016_69c398687a5ba.png',1,'{\"teaching\":[1],\"non_teaching\":[]}','2026-03-25 08:10:18','2026-03-25 09:36:58'),(8,'POWIULK',2,'AST-POWIULK-0002',2,'Logitech G213 Prodigy RGB Gaming Keyboard','1234651345',1,NULL,'Pcs','John Doe',2606.00,'ast_qr_20260325_161018_69c3986a4ae8c.png',1,'{\"teaching\":[1],\"non_teaching\":[]}','2026-03-25 08:10:19','2026-03-25 09:36:58'),(9,'POWIULK',3,'AST-POWIULK-0003',2,'Logitech G213 Prodigy RGB Gaming Keyboard','1234231',1,NULL,'Pcs','John Doe',2606.00,'ast_qr_20260325_161020_69c3986c17389.png',1,'{\"teaching\":[1],\"non_teaching\":[]}','2026-03-25 08:10:21','2026-03-25 09:36:58'),(10,'POWIULK',4,'AST-POWIULK-0004',2,'Logitech G213 Prodigy RGB Gaming Keyboard','12531234',1,NULL,'Pcs','John Doe',2606.00,'ast_qr_20260325_161021_69c3986dae912.png',1,'{\"teaching\":[1],\"non_teaching\":[]}','2026-03-25 08:10:23','2026-03-25 09:36:58'),(11,'POWIULK',5,'AST-POWIULK-0005',2,'Logitech G213 Prodigy RGB Gaming Keyboard','1235123',1,NULL,'Pcs','John Doe',2606.00,'ast_qr_20260325_161023_69c3986fd0580.png',1,'{\"teaching\":[1],\"non_teaching\":[]}','2026-03-25 08:10:25','2026-03-25 09:36:58'),(12,'POWIULK',6,'AST-POWIULK-0006',2,'Logitech G213 Prodigy RGB Gaming Keyboard','1234532',1,NULL,'Pcs','John Doe',2606.00,'ast_qr_20260325_161025_69c398717f4b7.png',1,'{\"teaching\":[1],\"non_teaching\":[]}','2026-03-25 08:10:27','2026-03-25 09:36:58'),(13,'FQW23421',1,'AST-FQW23421-0001',3,'Asus Expertcenter P500mv I5-13420h/16gb/512gb Ssd Desktop Pc Black One Size / EU Plug 220V','1243125',1,NULL,'Pcs','Juan Dela Cruz',50000.00,'ast_qr_20260325_161258_69c3990aad91a.png',1,'{\"teaching\":[1],\"non_teaching\":[]}','2026-03-25 08:13:00','2026-03-25 09:36:58'),(14,'FQW23421',2,'AST-FQW23421-0002',3,'Asus Expertcenter P500mv I5-13420h/16gb/512gb Ssd Desktop Pc Black One Size / EU Plug 220V','1234125',1,NULL,'Pcs','Juan Dela Cruz',50000.00,'ast_qr_20260325_161300_69c3990c5556f.png',1,'{\"teaching\":[1],\"non_teaching\":[]}','2026-03-25 08:13:02','2026-03-25 09:36:58'),(15,'FQW23421',3,'AST-FQW23421-0003',3,'Asus Expertcenter P500mv I5-13420h/16gb/512gb Ssd Desktop Pc Black One Size / EU Plug 220V','123561',1,NULL,'Pcs','Juan Dela Cruz',50000.00,'ast_qr_20260325_161302_69c3990e0e5f9.png',1,'{\"teaching\":[1],\"non_teaching\":[]}','2026-03-25 08:13:03','2026-03-25 09:36:58'),(16,'FQW23421',4,'AST-FQW23421-0004',3,'Asus Expertcenter P500mv I5-13420h/16gb/512gb Ssd Desktop Pc Black One Size / EU Plug 220V','1532142',1,NULL,'Pcs','Juan Dela Cruz',50000.00,'ast_qr_20260325_161303_69c3990fd2121.png',1,'{\"teaching\":[1],\"non_teaching\":[]}','2026-03-25 08:13:05','2026-03-25 09:36:58'),(17,'FQW23421',5,'AST-FQW23421-0005',3,'Asus Expertcenter P500mv I5-13420h/16gb/512gb Ssd Desktop Pc Black One Size / EU Plug 220V','123412',1,NULL,'Pcs','Juan Dela Cruz',50000.00,'ast_qr_20260325_161305_69c39911b6481.png',1,'{\"teaching\":[1],\"non_teaching\":[]}','2026-03-25 08:13:07','2026-03-25 09:36:58'),(18,'FQW23421',6,'AST-FQW23421-0006',3,'Asus Expertcenter P500mv I5-13420h/16gb/512gb Ssd Desktop Pc Black One Size / EU Plug 220V','23462',1,NULL,'Pcs','Juan Dela Cruz',50000.00,'ast_qr_20260325_161307_69c399138c8fc.png',1,'{\"teaching\":[1],\"non_teaching\":[]}','2026-03-25 08:13:09','2026-03-25 09:36:58'),(19,'134265',1,'AST-134265-0001',4,'Prolink 650Va 1200Va1500Va 2000Va 3000Va Super Fast Charging Line Interactive Ups Power Supply W/ Surge Protector Built In Avr','qwer123',1,NULL,'Pcs','Jan Cedric Ballesteros',1699.00,'ast_qr_20260325_161638_69c399e69859e.png',1,'{\"teaching\":[1],\"non_teaching\":[]}','2026-03-25 08:16:40','2026-03-25 09:36:58'),(20,'134265',2,'AST-134265-0002',4,'Prolink 650Va 1200Va1500Va 2000Va 3000Va Super Fast Charging Line Interactive Ups Power Supply W/ Surge Protector Built In Avr','qf3431',1,NULL,'Pcs','Jan Cedric Ballesteros',1699.00,'ast_qr_20260325_161641_69c399e90547a.png',1,'{\"teaching\":[1],\"non_teaching\":[]}','2026-03-25 08:16:43','2026-03-25 09:36:58'),(21,'134265',3,'AST-134265-0003',4,'Prolink 650Va 1200Va1500Va 2000Va 3000Va Super Fast Charging Line Interactive Ups Power Supply W/ Surge Protector Built In Avr','gfv342q4t5',1,NULL,'Pcs','Jan Cedric Ballesteros',1699.00,'ast_qr_20260325_161643_69c399eb0f167.png',1,'{\"teaching\":[1],\"non_teaching\":[]}','2026-03-25 08:16:45','2026-03-25 09:36:58'),(22,'134265',4,'AST-134265-0004',4,'Prolink 650Va 1200Va1500Va 2000Va 3000Va Super Fast Charging Line Interactive Ups Power Supply W/ Surge Protector Built In Avr','avsgb321',1,NULL,'Pcs','Jan Cedric Ballesteros',1699.00,'ast_qr_20260325_161645_69c399ed07652.png',1,'{\"teaching\":[1],\"non_teaching\":[]}','2026-03-25 08:16:46','2026-03-25 09:36:58'),(23,'134265',5,'AST-134265-0005',4,'Prolink 650Va 1200Va1500Va 2000Va 3000Va Super Fast Charging Line Interactive Ups Power Supply W/ Surge Protector Built In Avr','asdfga3',1,NULL,'Pcs','Jan Cedric Ballesteros',1699.00,'ast_qr_20260325_161647_69c399ef1aa68.png',1,'{\"teaching\":[1],\"non_teaching\":[]}','2026-03-25 08:16:49','2026-03-25 09:36:58'),(24,'134265',6,'AST-134265-0006',4,'Prolink 650Va 1200Va1500Va 2000Va 3000Va Super Fast Charging Line Interactive Ups Power Supply W/ Surge Protector Built In Avr','awsdfgwe',1,NULL,'Pcs','Jan Cedric Ballesteros',1699.00,'ast_qr_20260325_161649_69c399f115253.png',1,'{\"teaching\":[1],\"non_teaching\":[]}','2026-03-25 08:16:51','2026-03-25 09:36:58'),(25,'12FWSGA432',1,'AST-12FWSGA432-0001',5,'Razer Cobra Gaming Mouse','fasdvq3',1,NULL,'Pcs','Jan Cedric Ballesteros',1273.00,'ast_qr_20260325_161737_69c39a21d697e.png',1,'{\"teaching\":[1,2,3],\"non_teaching\":[1,2,3]}','2026-03-25 08:17:39','2026-03-25 09:32:19'),(26,'12FWSGA432',2,'AST-12FWSGA432-0002',5,'Razer Cobra Gaming Mouse','qwf234',1,NULL,'Pcs','Jan Cedric Ballesteros',1273.00,'ast_qr_20260325_161739_69c39a23cd428.png',1,'{\"teaching\":[1,2,3],\"non_teaching\":[1,2,3]}','2026-03-25 08:17:41','2026-03-25 09:32:19'),(27,'12FWSGA432',3,'AST-12FWSGA432-0003',5,'Razer Cobra Gaming Mouse','23gtqwerg',1,NULL,'Pcs','Jan Cedric Ballesteros',1273.00,'ast_qr_20260325_161741_69c39a25bd578.png',1,'{\"teaching\":[1,2,3],\"non_teaching\":[1,2,3]}','2026-03-25 08:17:43','2026-03-25 09:32:19'),(28,'12FWSGA432',4,'AST-12FWSGA432-0004',5,'Razer Cobra Gaming Mouse','asdg3',1,NULL,'Pcs','Jan Cedric Ballesteros',1273.00,'ast_qr_20260325_161743_69c39a27ce6d4.png',1,'{\"teaching\":[1,2,3],\"non_teaching\":[1,2,3]}','2026-03-25 08:17:45','2026-03-25 09:32:19'),(29,'12FWSGA432',5,'AST-12FWSGA432-0005',5,'Razer Cobra Gaming Mouse','asdga34',1,NULL,'Pcs','Jan Cedric Ballesteros',1273.00,'ast_qr_20260325_161745_69c39a29b6ba2.png',1,'{\"teaching\":[1,2,3],\"non_teaching\":[1,2,3]}','2026-03-25 08:17:47','2026-03-25 09:32:19'),(30,'12FWSGA432',6,'AST-12FWSGA432-0006',5,'Razer Cobra Gaming Mouse','abaw43g',1,NULL,'Pcs','Jan Cedric Ballesteros',1273.00,'ast_qr_20260325_161747_69c39a2bec086.png',1,'{\"teaching\":[1,2,3],\"non_teaching\":[1,2,3]}','2026-03-25 08:17:50','2026-03-25 09:32:19'),(31,'ASDG2443',1,'AST-ASDG2443-0001',6,'Lifetime Foldable Table 5ft',NULL,1,NULL,'Pcs','Jan Cedric Ballesteros',2199.00,'ast_qr_20260325_162034_69c39ad281cb9.png',1,'{\"teaching\":[1,2,3],\"non_teaching\":[1,2,3]}','2026-03-25 08:20:37','2026-03-25 09:22:19'),(32,'ASDG2443',2,'AST-ASDG2443-0002',6,'Lifetime Foldable Table 5ft',NULL,1,NULL,'Pcs','Jan Cedric Ballesteros',2199.00,'ast_qr_20260325_162037_69c39ad538cba.png',1,'{\"teaching\":[1,2,3],\"non_teaching\":[1,2,3]}','2026-03-25 08:20:39','2026-03-25 09:22:19'),(33,'ASDG2443',3,'AST-ASDG2443-0003',6,'Lifetime Foldable Table 5ft',NULL,1,NULL,'Pcs','Jan Cedric Ballesteros',2199.00,'ast_qr_20260325_162039_69c39ad72b3d0.png',1,'{\"teaching\":[1,2,3],\"non_teaching\":[1,2,3]}','2026-03-25 08:20:41','2026-03-25 09:22:19'),(34,'ASDG2443',4,'AST-ASDG2443-0004',6,'Lifetime Foldable Table 5ft',NULL,1,NULL,'Pcs','Jan Cedric Ballesteros',2199.00,'ast_qr_20260325_162041_69c39ad936c8e.png',1,'{\"teaching\":[1,2,3],\"non_teaching\":[1,2,3]}','2026-03-25 08:20:43','2026-03-25 09:22:19'),(35,'ASDG2443',5,'AST-ASDG2443-0005',6,'Lifetime Foldable Table 5ft',NULL,1,NULL,'Pcs','Jan Cedric Ballesteros',2199.00,'ast_qr_20260325_162043_69c39adb30136.png',1,'{\"teaching\":[1,2,3],\"non_teaching\":[1,2,3]}','2026-03-25 08:20:45','2026-03-25 09:22:19'),(36,'ASDG2443',6,'AST-ASDG2443-0006',6,'Lifetime Foldable Table 5ft',NULL,1,NULL,'Pcs','Jan Cedric Ballesteros',2199.00,'ast_qr_20260325_162045_69c39add807ab.png',1,'{\"teaching\":[1,2,3],\"non_teaching\":[1,2,3]}','2026-03-25 08:20:47','2026-03-25 09:22:19'),(37,'ASDG2443',7,'AST-ASDG2443-0007',6,'Lifetime Foldable Table 5ft',NULL,1,NULL,'Pcs','Jan Cedric Ballesteros',2199.00,'ast_qr_20260325_162047_69c39adf9bbe2.png',1,'{\"teaching\":[1,2,3],\"non_teaching\":[1,2,3]}','2026-03-25 08:20:50','2026-03-25 09:22:19'),(38,'ASDG2443',8,'AST-ASDG2443-0008',6,'Lifetime Foldable Table 5ft',NULL,1,NULL,'Pcs','Jan Cedric Ballesteros',2199.00,'ast_qr_20260325_162050_69c39ae2654f6.png',1,'{\"teaching\":[1,2,3],\"non_teaching\":[1,2,3]}','2026-03-25 08:20:53','2026-03-25 09:22:19'),(39,'ASDG2443',9,'AST-ASDG2443-0009',6,'Lifetime Foldable Table 5ft',NULL,1,NULL,'Pcs','Jan Cedric Ballesteros',2199.00,'ast_qr_20260325_162053_69c39ae579eff.png',1,'{\"teaching\":[1,2,3],\"non_teaching\":[1,2,3]}','2026-03-25 08:20:55','2026-03-25 09:22:19'),(40,'ASDG2443',10,'AST-ASDG2443-0010',6,'Lifetime Foldable Table 5ft',NULL,1,NULL,'Pcs','Jan Cedric Ballesteros',2199.00,'ast_qr_20260325_162055_69c39ae76ff05.png',1,'{\"teaching\":[1,2,3],\"non_teaching\":[1,2,3]}','2026-03-25 08:20:58','2026-03-25 09:22:19'),(41,'4322FC',1,'AST-4322FC-0001',7,'4 Drawer Steel Lateral Filing Cabinet beige',NULL,1,NULL,'Pcs','John Doe',11700.00,'ast_qr_20260325_162439_69c39bc7ab8a6.png',1,'{\"teaching\":[1,2,3],\"non_teaching\":[1,2,3]}','2026-03-25 08:24:42','2026-04-06 05:37:23'),(42,'4322FC',2,'AST-4322FC-0002',7,'4 Drawer Steel Lateral Filing Cabinet beige',NULL,1,NULL,'Pcs','John Doe',11700.00,'ast_qr_20260325_162442_69c39bca1e4ae.png',1,'{\"teaching\":[1,2,3],\"non_teaching\":[1,2,3]}','2026-03-25 08:24:44','2026-04-06 05:37:23'),(43,'4322FC',3,'AST-4322FC-0003',7,'4 Drawer Steel Lateral Filing Cabinet beige',NULL,1,NULL,'Pcs','John Doe',11700.00,'ast_qr_20260325_162444_69c39bcc2622a.png',1,'{\"teaching\":[1,2,3],\"non_teaching\":[1,2,3]}','2026-03-25 08:24:46','2026-04-20 08:42:41'),(44,'4322FC',4,'AST-4322FC-0004',7,'4 Drawer Steel Lateral Filing Cabinet beige',NULL,1,NULL,'Pcs','John Doe',11700.00,'ast_qr_20260325_162446_69c39bce5020a.png',1,'{\"teaching\":[1,2,3],\"non_teaching\":[1,2,3]}','2026-03-25 08:24:48','2026-04-06 05:37:23'),(45,'ASDFG2E',1,'AST-ASDFG2E-0001',8,'Intel Core i5 Desktop Computer Quad-Core 8 Thread 16GB RAM 512GB SSD Full Set Pc Computer (Pc, Monitor, Mouse, Keyboard)','asfd3q34',1,NULL,'set','Jan Cedric Ballesteros',6670.00,'ast_qr_20260325_163504_69c39e38b624a.png',1,'{\"teaching\":[1],\"non_teaching\":[]}','2026-03-25 08:35:07','2026-03-26 00:51:36'),(46,'ASDFG2E',2,'AST-ASDFG2E-0002',8,'Intel Core i5 Desktop Computer Quad-Core 8 Thread 16GB RAM 512GB SSD Full Set Pc Computer (Pc, Monitor, Mouse, Keyboard)','f3434f3qf',1,NULL,'set','Jan Cedric Ballesteros',6670.00,'ast_qr_20260325_163507_69c39e3b74e49.png',1,'{\"teaching\":[1],\"non_teaching\":[]}','2026-03-25 08:35:09','2026-03-26 00:51:36'),(47,'ASDFG2E',3,'AST-ASDFG2E-0003',8,'Intel Core i5 Desktop Computer Quad-Core 8 Thread 16GB RAM 512GB SSD Full Set Pc Computer (Pc, Monitor, Mouse, Keyboard)','f23f34f34',1,NULL,'set','Jan Cedric Ballesteros',6670.00,'ast_qr_20260325_163509_69c39e3d844aa.png',1,'{\"teaching\":[1],\"non_teaching\":[]}','2026-03-25 08:35:11','2026-03-26 00:51:36'),(48,'ASDFG2E',4,'AST-ASDFG2E-0004',8,'Intel Core i5 Desktop Computer Quad-Core 8 Thread 16GB RAM 512GB SSD Full Set Pc Computer (Pc, Monitor, Mouse, Keyboard)','hg352hg54',1,NULL,'set','Jan Cedric Ballesteros',6670.00,'ast_qr_20260325_163511_69c39e3f58be7.png',1,'{\"teaching\":[1],\"non_teaching\":[]}','2026-03-25 08:35:13','2026-03-26 00:51:36'),(49,'ASDFG2E',5,'AST-ASDFG2E-0005',8,'Intel Core i5 Desktop Computer Quad-Core 8 Thread 16GB RAM 512GB SSD Full Set Pc Computer (Pc, Monitor, Mouse, Keyboard)','f234yh24',1,NULL,'set','Jan Cedric Ballesteros',6670.00,'ast_qr_20260325_163513_69c39e414fb08.png',1,'{\"teaching\":[1],\"non_teaching\":[]}','2026-03-25 08:35:15','2026-03-26 00:51:36'),(50,'ASDFG2E',6,'AST-ASDFG2E-0006',8,'Intel Core i5 Desktop Computer Quad-Core 8 Thread 16GB RAM 512GB SSD Full Set Pc Computer (Pc, Monitor, Mouse, Keyboard)','2b4gvf2',1,NULL,'set','Jan Cedric Ballesteros',6670.00,'ast_qr_20260325_163515_69c39e431a9e3.png',1,'{\"teaching\":[1],\"non_teaching\":[]}','2026-03-25 08:35:16','2026-03-26 00:51:36'),(51,'ASDFG2E',7,'AST-ASDFG2E-0007',8,'Intel Core i5 Desktop Computer Quad-Core 8 Thread 16GB RAM 512GB SSD Full Set Pc Computer (Pc, Monitor, Mouse, Keyboard)','g234f32gfh',1,NULL,'set','Jan Cedric Ballesteros',6670.00,'ast_qr_20260325_163516_69c39e44d5435.png',1,'{\"teaching\":[1],\"non_teaching\":[]}','2026-03-25 08:35:18','2026-03-26 00:51:36'),(52,'ASDFG2E',8,'AST-ASDFG2E-0008',8,'Intel Core i5 Desktop Computer Quad-Core 8 Thread 16GB RAM 512GB SSD Full Set Pc Computer (Pc, Monitor, Mouse, Keyboard)','g52234g245',1,NULL,'set','Jan Cedric Ballesteros',6670.00,'ast_qr_20260325_163518_69c39e46ba692.png',1,'{\"teaching\":[1],\"non_teaching\":[]}','2026-03-25 08:35:20','2026-03-26 00:51:36'),(53,'ASDFG2E',9,'AST-ASDFG2E-0009',8,'Intel Core i5 Desktop Computer Quad-Core 8 Thread 16GB RAM 512GB SSD Full Set Pc Computer (Pc, Monitor, Mouse, Keyboard)','f234f5542',1,NULL,'set','Jan Cedric Ballesteros',6670.00,'ast_qr_20260325_163520_69c39e48a81b4.png',1,'{\"teaching\":[1],\"non_teaching\":[]}','2026-03-25 08:35:22','2026-03-26 00:51:36'),(54,'ASDFG2E',10,'AST-ASDFG2E-0010',8,'Intel Core i5 Desktop Computer Quad-Core 8 Thread 16GB RAM 512GB SSD Full Set Pc Computer (Pc, Monitor, Mouse, Keyboard)','f23gh24',1,NULL,'set','Jan Cedric Ballesteros',6670.00,'ast_qr_20260325_163522_69c39e4a7377e.png',1,'{\"teaching\":[1],\"non_teaching\":[]}','2026-03-25 08:35:24','2026-03-26 00:51:36'),(55,'ASDFG2E',11,'AST-ASDFG2E-0011',8,'Intel Core i5 Desktop Computer Quad-Core 8 Thread 16GB RAM 512GB SSD Full Set Pc Computer (Pc, Monitor, Mouse, Keyboard)','fc23vb525',1,NULL,'set','Jan Cedric Ballesteros',6670.00,'ast_qr_20260325_163524_69c39e4c478a1.png',1,'{\"teaching\":[1],\"non_teaching\":[]}','2026-03-25 08:35:26','2026-03-26 00:51:36'),(56,'ASDFG2E',12,'AST-ASDFG2E-0012',8,'Intel Core i5 Desktop Computer Quad-Core 8 Thread 16GB RAM 512GB SSD Full Set Pc Computer (Pc, Monitor, Mouse, Keyboard)','f235h24c',1,NULL,'set','Jan Cedric Ballesteros',6670.00,'ast_qr_20260325_163526_69c39e4e2c593.png',1,'{\"teaching\":[1],\"non_teaching\":[]}','2026-03-25 08:35:28','2026-03-26 00:51:36'),(57,'ASDFG2E',13,'AST-ASDFG2E-0013',8,'Intel Core i5 Desktop Computer Quad-Core 8 Thread 16GB RAM 512GB SSD Full Set Pc Computer (Pc, Monitor, Mouse, Keyboard)','f23g234f5',1,NULL,'set','Jan Cedric Ballesteros',6670.00,'ast_qr_20260325_163528_69c39e5032208.png',1,'{\"teaching\":[1],\"non_teaching\":[]}','2026-03-25 08:35:30','2026-03-26 00:51:36'),(58,'ASDFG2E',14,'AST-ASDFG2E-0014',8,'Intel Core i5 Desktop Computer Quad-Core 8 Thread 16GB RAM 512GB SSD Full Set Pc Computer (Pc, Monitor, Mouse, Keyboard)','g235fc52f',1,NULL,'set','Jan Cedric Ballesteros',6670.00,'ast_qr_20260325_163530_69c39e520b548.png',1,'{\"teaching\":[1],\"non_teaching\":[]}','2026-03-25 08:35:31','2026-03-26 00:51:36'),(59,'ASDFG2E',15,'AST-ASDFG2E-0015',8,'Intel Core i5 Desktop Computer Quad-Core 8 Thread 16GB RAM 512GB SSD Full Set Pc Computer (Pc, Monitor, Mouse, Keyboard)','vg254hj423',1,NULL,'set','Jan Cedric Ballesteros',6670.00,'ast_qr_20260325_163531_69c39e53d62ce.png',1,'{\"teaching\":[1],\"non_teaching\":[]}','2026-03-25 08:35:33','2026-03-26 00:51:36'),(60,'ASDFG2E',16,'AST-ASDFG2E-0016',8,'Intel Core i5 Desktop Computer Quad-Core 8 Thread 16GB RAM 512GB SSD Full Set Pc Computer (Pc, Monitor, Mouse, Keyboard)','b635b24',1,NULL,'set','Jan Cedric Ballesteros',6670.00,'ast_qr_20260325_163533_69c39e55a737e.png',1,'{\"teaching\":[1],\"non_teaching\":[]}','2026-03-25 08:35:35','2026-03-26 00:51:36'),(61,'ASDFG2E',17,'AST-ASDFG2E-0017',8,'Intel Core i5 Desktop Computer Quad-Core 8 Thread 16GB RAM 512GB SSD Full Set Pc Computer (Pc, Monitor, Mouse, Keyboard)','cf25gv246b',1,NULL,'set','Jan Cedric Ballesteros',6670.00,'ast_qr_20260325_163535_69c39e576c315.png',1,'{\"teaching\":[1],\"non_teaching\":[]}','2026-03-25 08:35:37','2026-03-26 00:51:36'),(62,'ASDFG2E',18,'AST-ASDFG2E-0018',8,'Intel Core i5 Desktop Computer Quad-Core 8 Thread 16GB RAM 512GB SSD Full Set Pc Computer (Pc, Monitor, Mouse, Keyboard)','b42b24',1,NULL,'set','Jan Cedric Ballesteros',6670.00,'ast_qr_20260325_163537_69c39e594e29c.png',1,'{\"teaching\":[1],\"non_teaching\":[]}','2026-03-25 08:35:39','2026-03-26 00:51:36'),(63,'ASDFG2E',19,'AST-ASDFG2E-0019',8,'Intel Core i5 Desktop Computer Quad-Core 8 Thread 16GB RAM 512GB SSD Full Set Pc Computer (Pc, Monitor, Mouse, Keyboard)','b2452v',1,NULL,'set','Jan Cedric Ballesteros',6670.00,'ast_qr_20260325_163539_69c39e5b30433.png',1,'{\"teaching\":[1],\"non_teaching\":[]}','2026-03-25 08:35:41','2026-03-26 00:51:36'),(64,'ASDFG2E',20,'AST-ASDFG2E-0020',8,'Intel Core i5 Desktop Computer Quad-Core 8 Thread 16GB RAM 512GB SSD Full Set Pc Computer (Pc, Monitor, Mouse, Keyboard)','hg462h',1,NULL,'set','Jan Cedric Ballesteros',6670.00,'ast_qr_20260325_163541_69c39e5d42bcb.png',1,'{\"teaching\":[1],\"non_teaching\":[]}','2026-03-25 08:35:43','2026-03-26 00:51:36'),(65,'ASDFG2E',21,'AST-ASDFG2E-0021',8,'Intel Core i5 Desktop Computer Quad-Core 8 Thread 16GB RAM 512GB SSD Full Set Pc Computer (Pc, Monitor, Mouse, Keyboard)','735h735h',1,NULL,'set','Jan Cedric Ballesteros',6670.00,'ast_qr_20260325_163543_69c39e5f02eb1.png',1,'{\"teaching\":[1],\"non_teaching\":[]}','2026-03-25 08:35:44','2026-03-26 00:51:36'),(66,'ASDFG2E',22,'AST-ASDFG2E-0022',8,'Intel Core i5 Desktop Computer Quad-Core 8 Thread 16GB RAM 512GB SSD Full Set Pc Computer (Pc, Monitor, Mouse, Keyboard)','h356h35',1,NULL,'set','Jan Cedric Ballesteros',6670.00,'ast_qr_20260325_163545_69c39e617bd27.png',1,'{\"teaching\":[1],\"non_teaching\":[]}','2026-03-25 08:35:47','2026-03-26 00:51:36'),(67,'ASDFG2E',23,'AST-ASDFG2E-0023',8,'Intel Core i5 Desktop Computer Quad-Core 8 Thread 16GB RAM 512GB SSD Full Set Pc Computer (Pc, Monitor, Mouse, Keyboard)','g24g52',1,NULL,'set','Jan Cedric Ballesteros',6670.00,'ast_qr_20260325_163547_69c39e6355cf2.png',1,'{\"teaching\":[1],\"non_teaching\":[]}','2026-03-25 08:35:49','2026-03-26 00:51:36'),(68,'ASDFG2E',24,'AST-ASDFG2E-0024',8,'Intel Core i5 Desktop Computer Quad-Core 8 Thread 16GB RAM 512GB SSD Full Set Pc Computer (Pc, Monitor, Mouse, Keyboard)','2g24g',1,NULL,'set','Jan Cedric Ballesteros',6670.00,'ast_qr_20260325_163549_69c39e651e140.png',1,'{\"teaching\":[1],\"non_teaching\":[]}','2026-03-25 08:35:50','2026-03-26 00:51:36'),(69,'ASDFG2E',25,'AST-ASDFG2E-0025',8,'Intel Core i5 Desktop Computer Quad-Core 8 Thread 16GB RAM 512GB SSD Full Set Pc Computer (Pc, Monitor, Mouse, Keyboard)','246b462',1,NULL,'set','Jan Cedric Ballesteros',6670.00,'ast_qr_20260325_163550_69c39e66dc22b.png',1,'{\"teaching\":[1],\"non_teaching\":[]}','2026-03-25 08:35:52','2026-03-26 00:51:36'),(70,'ASDFG2E',26,'AST-ASDFG2E-0026',8,'Intel Core i5 Desktop Computer Quad-Core 8 Thread 16GB RAM 512GB SSD Full Set Pc Computer (Pc, Monitor, Mouse, Keyboard)','2f5hg246h24',1,NULL,'set','Jan Cedric Ballesteros',6670.00,'ast_qr_20260325_163552_69c39e68c731b.png',1,'{\"teaching\":[1],\"non_teaching\":[]}','2026-03-25 08:35:54','2026-03-26 00:51:36'),(71,'ASDFG2E',27,'AST-ASDFG2E-0027',8,'Intel Core i5 Desktop Computer Quad-Core 8 Thread 16GB RAM 512GB SSD Full Set Pc Computer (Pc, Monitor, Mouse, Keyboard)','g25g2435h642',1,NULL,'set','Jan Cedric Ballesteros',6670.00,'ast_qr_20260325_163554_69c39e6a94185.png',1,'{\"teaching\":[1],\"non_teaching\":[]}','2026-03-25 08:35:56','2026-03-26 00:51:36'),(72,'ASDFG2E',28,'AST-ASDFG2E-0028',8,'Intel Core i5 Desktop Computer Quad-Core 8 Thread 16GB RAM 512GB SSD Full Set Pc Computer (Pc, Monitor, Mouse, Keyboard)','2hb642h246h',1,NULL,'set','Jan Cedric Ballesteros',6670.00,'ast_qr_20260325_163556_69c39e6c59c72.png',1,'{\"teaching\":[1],\"non_teaching\":[]}','2026-03-25 08:35:58','2026-03-26 00:51:36'),(73,'ASDFG2E',29,'AST-ASDFG2E-0029',8,'Intel Core i5 Desktop Computer Quad-Core 8 Thread 16GB RAM 512GB SSD Full Set Pc Computer (Pc, Monitor, Mouse, Keyboard)','b24b234bv24',1,NULL,'set','Jan Cedric Ballesteros',6670.00,'ast_qr_20260325_163558_69c39e6e39a83.png',1,'{\"teaching\":[1],\"non_teaching\":[]}','2026-03-25 08:36:00','2026-03-26 00:51:36'),(74,'ASDFG2E',30,'AST-ASDFG2E-0030',8,'Intel Core i5 Desktop Computer Quad-Core 8 Thread 16GB RAM 512GB SSD Full Set Pc Computer (Pc, Monitor, Mouse, Keyboard)','bg52b42b',1,NULL,'set','Jan Cedric Ballesteros',6670.00,'ast_qr_20260325_163600_69c39e7002b07.png',1,'{\"teaching\":[1],\"non_teaching\":[]}','2026-03-25 08:36:01','2026-04-20 08:33:15'),(75,'ASDFG2E',31,'AST-ASDFG2E-0031',8,'Intel Core i5 Desktop Computer Quad-Core 8 Thread 16GB RAM 512GB SSD Full Set Pc Computer (Pc, Monitor, Mouse, Keyboard)','b2462b642',1,NULL,'set','Jan Cedric Ballesteros',6670.00,'ast_qr_20260325_163601_69c39e71ddd98.png',1,'{\"teaching\":[1],\"non_teaching\":[]}','2026-03-25 08:36:03','2026-03-26 00:51:36'),(76,'ASDFG2E',32,'AST-ASDFG2E-0032',8,'Intel Core i5 Desktop Computer Quad-Core 8 Thread 16GB RAM 512GB SSD Full Set Pc Computer (Pc, Monitor, Mouse, Keyboard)','b24b624v24',1,NULL,'set','Jan Cedric Ballesteros',6670.00,'ast_qr_20260325_163603_69c39e73a69a4.png',1,'{\"teaching\":[1],\"non_teaching\":[]}','2026-03-25 08:36:05','2026-03-26 00:51:36'),(77,'ASDFG2E',33,'AST-ASDFG2E-0033',8,'Intel Core i5 Desktop Computer Quad-Core 8 Thread 16GB RAM 512GB SSD Full Set Pc Computer (Pc, Monitor, Mouse, Keyboard)','bn246b246',1,NULL,'set','Jan Cedric Ballesteros',6670.00,'ast_qr_20260325_163605_69c39e759881d.png',1,'{\"teaching\":[1],\"non_teaching\":[]}','2026-03-25 08:36:07','2026-03-26 00:51:36'),(78,'ASDFG2E',34,'AST-ASDFG2E-0034',8,'Intel Core i5 Desktop Computer Quad-Core 8 Thread 16GB RAM 512GB SSD Full Set Pc Computer (Pc, Monitor, Mouse, Keyboard)','b246b24b246',1,NULL,'set','Jan Cedric Ballesteros',6670.00,'ast_qr_20260325_163607_69c39e77743c8.png',1,'{\"teaching\":[1],\"non_teaching\":[]}','2026-03-25 08:36:09','2026-03-26 00:51:36'),(79,'ASDFG2E',35,'AST-ASDFG2E-0035',8,'Intel Core i5 Desktop Computer Quad-Core 8 Thread 16GB RAM 512GB SSD Full Set Pc Computer (Pc, Monitor, Mouse, Keyboard)','b246b246b',1,NULL,'set','Jan Cedric Ballesteros',6670.00,'ast_qr_20260325_163609_69c39e7947554.png',1,'{\"teaching\":[1],\"non_teaching\":[]}','2026-03-25 08:36:11','2026-03-26 00:51:36'),(80,'ASDFG2E',36,'AST-ASDFG2E-0036',8,'Intel Core i5 Desktop Computer Quad-Core 8 Thread 16GB RAM 512GB SSD Full Set Pc Computer (Pc, Monitor, Mouse, Keyboard)','b246b642b24',1,NULL,'set','Jan Cedric Ballesteros',6670.00,'ast_qr_20260325_163611_69c39e7b09f17.png',1,'{\"teaching\":[1],\"non_teaching\":[]}','2026-03-25 08:36:12','2026-03-26 00:51:36'),(81,'1234651',1,'AST-1234651-0001',9,'Uratex Monoblock 101 Classic Chair',NULL,1,NULL,'Pcs','John Doe',300.00,'ast_qr_20260325_164444_69c3a07cb5e47.png',1,'{\"teaching\":[1,2,3],\"non_teaching\":[1]}','2026-03-25 08:44:47','2026-03-25 09:19:11'),(82,'1234651',2,'AST-1234651-0002',9,'Uratex Monoblock 101 Classic Chair',NULL,1,NULL,'Pcs','John Doe',300.00,'ast_qr_20260325_164447_69c3a07f7189b.png',1,'{\"teaching\":[1,2,3],\"non_teaching\":[1]}','2026-03-25 08:44:50','2026-03-25 09:19:11'),(83,'1234651',3,'AST-1234651-0003',9,'Uratex Monoblock 101 Classic Chair',NULL,1,NULL,'Pcs','John Doe',300.00,'ast_qr_20260325_164450_69c3a0825f4e9.png',1,'{\"teaching\":[1,2,3],\"non_teaching\":[1]}','2026-03-25 08:44:52','2026-03-25 09:19:11'),(84,'1234651',4,'AST-1234651-0004',9,'Uratex Monoblock 101 Classic Chair',NULL,1,NULL,'Pcs','John Doe',300.00,'ast_qr_20260325_164452_69c3a084cf222.png',1,'{\"teaching\":[1,2,3],\"non_teaching\":[1]}','2026-03-25 08:44:55','2026-03-25 09:19:11'),(85,'1234651',5,'AST-1234651-0005',9,'Uratex Monoblock 101 Classic Chair',NULL,1,NULL,'Pcs','John Doe',300.00,'ast_qr_20260325_164455_69c3a0878d34e.png',1,'{\"teaching\":[1,2,3],\"non_teaching\":[1]}','2026-03-25 08:44:58','2026-03-25 09:19:11'),(86,'1234651',6,'AST-1234651-0006',9,'Uratex Monoblock 101 Classic Chair',NULL,1,NULL,'Pcs','John Doe',300.00,'ast_qr_20260325_164458_69c3a08a6ab56.png',1,'{\"teaching\":[1,2,3],\"non_teaching\":[1]}','2026-03-25 08:45:01','2026-03-25 09:19:11'),(87,'1234651',7,'AST-1234651-0007',9,'Uratex Monoblock 101 Classic Chair',NULL,1,NULL,'Pcs','John Doe',300.00,'ast_qr_20260325_164501_69c3a08d4a668.png',1,'{\"teaching\":[1,2,3],\"non_teaching\":[1]}','2026-03-25 08:45:03','2026-03-25 09:19:11'),(88,'1234651',8,'AST-1234651-0008',9,'Uratex Monoblock 101 Classic Chair',NULL,1,NULL,'Pcs','John Doe',300.00,'ast_qr_20260325_164503_69c3a08fee8d6.png',1,'{\"teaching\":[1,2,3],\"non_teaching\":[1]}','2026-03-25 08:45:06','2026-03-25 09:19:11'),(89,'1234651',9,'AST-1234651-0009',9,'Uratex Monoblock 101 Classic Chair',NULL,1,NULL,'Pcs','John Doe',300.00,'ast_qr_20260325_164506_69c3a0929a58f.png',1,'{\"teaching\":[1,2,3],\"non_teaching\":[1]}','2026-03-25 08:45:08','2026-03-25 09:19:11'),(90,'1234651',10,'AST-1234651-0010',9,'Uratex Monoblock 101 Classic Chair',NULL,1,NULL,'Pcs','John Doe',300.00,'ast_qr_20260325_164508_69c3a094915c4.png',1,'{\"teaching\":[1,2,3],\"non_teaching\":[1]}','2026-03-25 08:45:10','2026-03-25 09:19:11'),(91,'1234651',11,'AST-1234651-0011',9,'Uratex Monoblock 101 Classic Chair',NULL,1,NULL,'Pcs','John Doe',300.00,'ast_qr_20260325_164510_69c3a0966fdd6.png',1,'{\"teaching\":[1,2,3],\"non_teaching\":[1]}','2026-03-25 08:45:12','2026-03-25 09:19:11'),(92,'1234651',12,'AST-1234651-0012',9,'Uratex Monoblock 101 Classic Chair',NULL,1,NULL,'Pcs','John Doe',300.00,'ast_qr_20260325_164512_69c3a09847da8.png',1,'{\"teaching\":[1,2,3],\"non_teaching\":[1]}','2026-03-25 08:45:14','2026-03-25 09:19:11'),(93,'1234651',13,'AST-1234651-0013',9,'Uratex Monoblock 101 Classic Chair',NULL,1,NULL,'Pcs','John Doe',300.00,'ast_qr_20260325_164514_69c3a09a0b00c.png',1,'{\"teaching\":[1,2,3],\"non_teaching\":[1]}','2026-03-25 08:45:15','2026-03-25 09:19:11'),(94,'1234651',14,'AST-1234651-0014',9,'Uratex Monoblock 101 Classic Chair',NULL,1,NULL,'Pcs','John Doe',300.00,'ast_qr_20260325_164516_69c3a09c029d5.png',1,'{\"teaching\":[1,2,3],\"non_teaching\":[1]}','2026-03-25 08:45:17','2026-03-25 09:19:11'),(95,'1234651',15,'AST-1234651-0015',9,'Uratex Monoblock 101 Classic Chair',NULL,1,NULL,'Pcs','John Doe',300.00,'ast_qr_20260325_164517_69c3a09dc8628.png',1,'{\"teaching\":[1,2,3],\"non_teaching\":[1]}','2026-03-25 08:45:19','2026-03-25 09:19:11'),(96,'1234651',16,'AST-1234651-0016',9,'Uratex Monoblock 101 Classic Chair',NULL,1,NULL,'Pcs','John Doe',300.00,'ast_qr_20260325_164519_69c3a09f8ddd3.png',1,'{\"teaching\":[1,2,3],\"non_teaching\":[1]}','2026-03-25 08:45:21','2026-03-25 09:19:11'),(97,'1234651',17,'AST-1234651-0017',9,'Uratex Monoblock 101 Classic Chair',NULL,1,NULL,'Pcs','John Doe',300.00,'ast_qr_20260325_164521_69c3a0a166085.png',1,'{\"teaching\":[1,2,3],\"non_teaching\":[1]}','2026-03-25 08:45:23','2026-03-25 09:19:11'),(98,'1234651',18,'AST-1234651-0018',9,'Uratex Monoblock 101 Classic Chair',NULL,1,NULL,'Pcs','John Doe',300.00,'ast_qr_20260325_164523_69c3a0a34332b.png',1,'{\"teaching\":[1,2,3],\"non_teaching\":[1]}','2026-03-25 08:45:25','2026-03-25 09:19:11'),(99,'1234651',19,'AST-1234651-0019',9,'Uratex Monoblock 101 Classic Chair',NULL,1,NULL,'Pcs','John Doe',300.00,'ast_qr_20260325_164525_69c3a0a533fed.png',1,'{\"teaching\":[1,2,3],\"non_teaching\":[1]}','2026-03-25 08:45:26','2026-03-25 09:19:11'),(100,'1234651',20,'AST-1234651-0020',9,'Uratex Monoblock 101 Classic Chair',NULL,1,NULL,'Pcs','John Doe',300.00,'ast_qr_20260325_164526_69c3a0a6ee835.png',1,'{\"teaching\":[1,2,3],\"non_teaching\":[1]}','2026-03-25 08:45:28','2026-03-25 09:19:11'),(101,'1234651',21,'AST-1234651-0021',9,'Uratex Monoblock 101 Classic Chair',NULL,1,NULL,'Pcs','John Doe',300.00,'ast_qr_20260325_164528_69c3a0a8b39f6.png',1,'{\"teaching\":[1,2,3],\"non_teaching\":[1]}','2026-03-25 08:45:30','2026-03-25 09:19:11'),(102,'1234651',22,'AST-1234651-0022',9,'Uratex Monoblock 101 Classic Chair',NULL,1,NULL,'Pcs','John Doe',300.00,'ast_qr_20260325_164530_69c3a0aa8ebe6.png',1,'{\"teaching\":[1,2,3],\"non_teaching\":[1]}','2026-03-25 08:45:32','2026-03-25 09:19:11'),(103,'1234651',23,'AST-1234651-0023',9,'Uratex Monoblock 101 Classic Chair',NULL,1,NULL,'Pcs','John Doe',300.00,'ast_qr_20260325_164532_69c3a0ac8ac80.png',1,'{\"teaching\":[1,2,3],\"non_teaching\":[1]}','2026-03-25 08:45:34','2026-03-25 09:19:11'),(104,'1234651',24,'AST-1234651-0024',9,'Uratex Monoblock 101 Classic Chair',NULL,1,NULL,'Pcs','John Doe',300.00,'ast_qr_20260325_164534_69c3a0ae697fa.png',1,'{\"teaching\":[1,2,3],\"non_teaching\":[1]}','2026-03-25 08:45:36','2026-03-25 09:19:11'),(105,'1234651',25,'AST-1234651-0025',9,'Uratex Monoblock 101 Classic Chair',NULL,1,NULL,'Pcs','John Doe',300.00,'ast_qr_20260325_164536_69c3a0b03680d.png',1,'{\"teaching\":[1,2,3],\"non_teaching\":[1]}','2026-03-25 08:45:37','2026-03-25 09:19:11'),(106,'1234651',26,'AST-1234651-0026',9,'Uratex Monoblock 101 Classic Chair',NULL,1,NULL,'Pcs','John Doe',300.00,'ast_qr_20260325_164538_69c3a0b20cb71.png',1,'{\"teaching\":[1,2,3],\"non_teaching\":[1]}','2026-03-25 08:45:39','2026-03-25 09:19:11'),(107,'1234651',27,'AST-1234651-0027',9,'Uratex Monoblock 101 Classic Chair',NULL,1,NULL,'Pcs','John Doe',300.00,'ast_qr_20260325_164539_69c3a0b3c65c4.png',1,'{\"teaching\":[1,2,3],\"non_teaching\":[1]}','2026-03-25 08:45:41','2026-03-25 09:19:11'),(108,'1234651',28,'AST-1234651-0028',9,'Uratex Monoblock 101 Classic Chair',NULL,1,NULL,'Pcs','John Doe',300.00,'ast_qr_20260325_164541_69c3a0b58723b.png',1,'{\"teaching\":[1,2,3],\"non_teaching\":[1]}','2026-03-25 08:45:43','2026-03-25 09:19:11'),(109,'1234651',29,'AST-1234651-0029',9,'Uratex Monoblock 101 Classic Chair',NULL,1,NULL,'Pcs','John Doe',300.00,'ast_qr_20260325_164543_69c3a0b76a342.png',1,'{\"teaching\":[1,2,3],\"non_teaching\":[1]}','2026-03-25 08:45:45','2026-03-25 09:19:11'),(110,'1234651',30,'AST-1234651-0030',9,'Uratex Monoblock 101 Classic Chair',NULL,1,NULL,'Pcs','John Doe',300.00,'ast_qr_20260325_164545_69c3a0b921e70.png',1,'{\"teaching\":[1,2,3],\"non_teaching\":[1]}','2026-03-25 08:45:47','2026-03-25 09:19:11'),(111,'1234651',31,'AST-1234651-0031',9,'Uratex Monoblock 101 Classic Chair',NULL,1,NULL,'Pcs','John Doe',300.00,'ast_qr_20260325_164547_69c3a0bb1d279.png',1,'{\"teaching\":[1,2,3],\"non_teaching\":[1]}','2026-03-25 08:45:48','2026-03-25 09:19:11'),(112,'1234651',32,'AST-1234651-0032',9,'Uratex Monoblock 101 Classic Chair',NULL,1,NULL,'Pcs','John Doe',300.00,'ast_qr_20260325_164548_69c3a0bcd646d.png',1,'{\"teaching\":[1,2,3],\"non_teaching\":[1]}','2026-03-25 08:45:50','2026-03-25 09:19:11'),(113,'1234651',33,'AST-1234651-0033',9,'Uratex Monoblock 101 Classic Chair',NULL,1,NULL,'Pcs','John Doe',300.00,'ast_qr_20260325_164550_69c3a0bebc321.png',1,'{\"teaching\":[1,2,3],\"non_teaching\":[1]}','2026-03-25 08:45:52','2026-03-25 09:19:11'),(114,'1234651',34,'AST-1234651-0034',9,'Uratex Monoblock 101 Classic Chair',NULL,1,NULL,'Pcs','John Doe',300.00,'ast_qr_20260325_164552_69c3a0c07f568.png',1,'{\"teaching\":[1,2,3],\"non_teaching\":[1]}','2026-03-25 08:45:54','2026-03-25 09:19:11'),(115,'1234651',35,'AST-1234651-0035',9,'Uratex Monoblock 101 Classic Chair',NULL,1,NULL,'Pcs','John Doe',300.00,'ast_qr_20260325_164554_69c3a0c24a8d7.png',1,'{\"teaching\":[1,2,3],\"non_teaching\":[1]}','2026-03-25 08:45:56','2026-03-25 09:19:11'),(116,'1234651',36,'AST-1234651-0036',9,'Uratex Monoblock 101 Classic Chair',NULL,1,NULL,'Pcs','John Doe',300.00,'ast_qr_20260325_164556_69c3a0c43e720.png',1,'{\"teaching\":[1,2,3],\"non_teaching\":[1]}','2026-03-25 08:45:59','2026-03-25 09:19:11'),(117,'1234651',37,'AST-1234651-0037',9,'Uratex Monoblock 101 Classic Chair',NULL,1,NULL,'Pcs','John Doe',300.00,'ast_qr_20260325_164559_69c3a0c704380.png',1,'{\"teaching\":[1,2,3],\"non_teaching\":[1]}','2026-03-25 08:46:00','2026-03-25 09:19:11'),(118,'1234651',38,'AST-1234651-0038',9,'Uratex Monoblock 101 Classic Chair',NULL,1,NULL,'Pcs','John Doe',300.00,'ast_qr_20260325_164600_69c3a0c8c1d77.png',1,'{\"teaching\":[1,2,3],\"non_teaching\":[1]}','2026-03-25 08:46:02','2026-03-25 09:19:11'),(119,'1234651',39,'AST-1234651-0039',9,'Uratex Monoblock 101 Classic Chair',NULL,1,NULL,'Pcs','John Doe',300.00,'ast_qr_20260325_164602_69c3a0cab323b.png',1,'{\"teaching\":[1,2,3],\"non_teaching\":[1]}','2026-03-25 08:46:04','2026-03-25 09:19:11'),(120,'1234651',40,'AST-1234651-0040',9,'Uratex Monoblock 101 Classic Chair',NULL,1,NULL,'Pcs','John Doe',300.00,'ast_qr_20260325_164604_69c3a0cc867e7.png',1,'{\"teaching\":[1,2,3],\"non_teaching\":[1]}','2026-03-25 08:46:06','2026-03-25 09:19:11'),(121,'1234651',41,'AST-1234651-0041',9,'Uratex Monoblock 101 Classic Chair',NULL,1,NULL,'Pcs','John Doe',300.00,'ast_qr_20260325_164606_69c3a0ce57570.png',1,'{\"teaching\":[1,2,3],\"non_teaching\":[1]}','2026-03-25 08:46:08','2026-03-25 09:19:11'),(122,'1234651',42,'AST-1234651-0042',9,'Uratex Monoblock 101 Classic Chair',NULL,1,NULL,'Pcs','John Doe',300.00,'ast_qr_20260325_164608_69c3a0d04d1f6.png',1,'{\"teaching\":[1,2,3],\"non_teaching\":[1]}','2026-03-25 08:46:10','2026-03-25 09:19:11'),(123,'1234651',43,'AST-1234651-0043',9,'Uratex Monoblock 101 Classic Chair',NULL,1,NULL,'Pcs','John Doe',300.00,'ast_qr_20260325_164610_69c3a0d20b7ae.png',0,'{\"teaching\":[1,2,3],\"non_teaching\":[1]}','2026-03-25 08:46:11','2026-04-20 06:04:30'),(124,'1234651',44,'AST-1234651-0044',9,'Uratex Monoblock 101 Classic Chair',NULL,1,NULL,'Pcs','John Doe',300.00,'ast_qr_20260325_164611_69c3a0d3ec54a.png',0,'{\"teaching\":[1,2,3],\"non_teaching\":[1]}','2026-03-25 08:46:13','2026-04-20 06:04:30'),(125,'1234651',45,'AST-1234651-0045',9,'Uratex Monoblock 101 Classic Chair',NULL,1,NULL,'Pcs','John Doe',300.00,'ast_qr_20260325_164613_69c3a0d5bc8b2.png',0,'{\"teaching\":[1,2,3],\"non_teaching\":[1]}','2026-03-25 08:46:15','2026-04-20 06:04:29'),(126,'1234651',46,'AST-1234651-0046',9,'Uratex Monoblock 101 Classic Chair',NULL,1,NULL,'Pcs','John Doe',300.00,'ast_qr_20260325_164615_69c3a0d77cdde.png',0,'{\"teaching\":[1,2,3],\"non_teaching\":[1]}','2026-03-25 08:46:17','2026-04-20 06:04:29'),(127,'1234651',47,'AST-1234651-0047',9,'Uratex Monoblock 101 Classic Chair',NULL,1,NULL,'Pcs','John Doe',300.00,'ast_qr_20260325_164617_69c3a0d9412c9.png',0,'{\"teaching\":[1,2,3],\"non_teaching\":[1]}','2026-03-25 08:46:18','2026-04-20 06:04:29'),(128,'1234651',48,'AST-1234651-0048',9,'Uratex Monoblock 101 Classic Chair',NULL,1,NULL,'Pcs','John Doe',300.00,'ast_qr_20260325_164618_69c3a0daec75d.png',0,'{\"teaching\":[1,2,3],\"non_teaching\":[1]}','2026-03-25 08:46:20','2026-04-20 06:04:28'),(129,'1234651',49,'AST-1234651-0049',9,'Uratex Monoblock 101 Classic Chair',NULL,1,NULL,'Pcs','John Doe',300.00,'ast_qr_20260325_164620_69c3a0dccbfa1.png',0,'{\"teaching\":[1,2,3],\"non_teaching\":[1]}','2026-03-25 08:46:22','2026-05-04 02:52:38'),(130,'1234651',50,'AST-1234651-0050',9,'Uratex Monoblock 101 Classic Chair',NULL,1,NULL,'Pcs','John Doe',300.00,'ast_qr_20260325_164622_69c3a0de9408c.png',0,'{\"teaching\":[1,2,3],\"non_teaching\":[1]}','2026-03-25 08:46:24','2026-05-04 02:52:37'),(131,'5455454R4WERWERRWERWERWERWERWERWE',1,'AST-5455454R4WERWERRWERWERWERWERWERWE-0001',11,'rb se bw ew e',NULL,1,NULL,'Pcs',NULL,NULL,'ast_qr_20260330_105741_69c9e6a5503cc.png',0,'{\"none\":true}','2026-03-30 02:57:43','2026-03-30 02:57:43'),(132,'5455454R4WERWERRWERWERWERWERWERWE',2,'AST-5455454R4WERWERRWERWERWERWERWERWE-0002',11,'rb se bw ew e',NULL,1,NULL,'Pcs',NULL,NULL,'ast_qr_20260330_105743_69c9e6a7a2293.png',0,'{\"none\":true}','2026-03-30 02:57:46','2026-03-30 02:57:46'),(133,'5455454R4WERWERRWERWERWERWERWERWE',3,'AST-5455454R4WERWERRWERWERWERWERWERWE-0003',11,'rb se bw ew e',NULL,1,NULL,'Pcs',NULL,NULL,'ast_qr_20260330_105746_69c9e6aa225d0.png',0,'{\"none\":true}','2026-03-30 02:57:48','2026-03-30 02:57:48'),(134,'5455454R4WERWERRWERWERWERWERWERWE',4,'AST-5455454R4WERWERRWERWERWERWERWERWE-0004',11,'rb se bw ew e',NULL,1,NULL,'Pcs',NULL,NULL,'ast_qr_20260330_105748_69c9e6ac8823e.png',0,'{\"none\":true}','2026-03-30 02:57:50','2026-03-30 02:57:50'),(135,'5455454R4WERWERRWERWERWERWERWERWE',5,'AST-5455454R4WERWERRWERWERWERWERWERWE-0005',11,'rb se bw ew e',NULL,1,NULL,'Pcs',NULL,NULL,'ast_qr_20260330_105750_69c9e6aec4e5f.png',0,'{\"none\":true}','2026-03-30 02:57:52','2026-03-30 02:57:52'),(136,'5455454R4WERWERRWERWERWERWERWERWE',6,'AST-5455454R4WERWERRWERWERWERWERWERWE-0006',11,'rb se bw ew e',NULL,1,NULL,'Pcs',NULL,NULL,'ast_qr_20260330_105752_69c9e6b05e313.png',0,'{\"none\":true}','2026-03-30 02:57:53','2026-03-30 02:57:53'),(137,'5455454R4WERWERRWERWERWERWERWERWE',7,'AST-5455454R4WERWERRWERWERWERWERWERWE-0007',11,'rb se bw ew e',NULL,1,NULL,'Pcs',NULL,NULL,'ast_qr_20260330_105753_69c9e6b1ba179.png',0,'{\"none\":true}','2026-03-30 02:57:55','2026-03-30 02:57:55'),(138,'5455454R4WERWERRWERWERWERWERWERWE',8,'AST-5455454R4WERWERRWERWERWERWERWERWE-0008',11,'rb se bw ew e',NULL,1,NULL,'Pcs',NULL,NULL,'ast_qr_20260330_105755_69c9e6b335748.png',0,'{\"none\":true}','2026-03-30 02:57:56','2026-03-30 02:57:56'),(139,'5455454R4WERWERRWERWERWERWERWERWE',9,'AST-5455454R4WERWERRWERWERWERWERWERWE-0009',11,'rb se bw ew e',NULL,1,NULL,'Pcs',NULL,NULL,'ast_qr_20260330_105756_69c9e6b49591a.png',0,'{\"none\":true}','2026-03-30 02:57:58','2026-03-30 02:57:58'),(140,'5455454R4WERWERRWERWERWERWERWERWE',10,'AST-5455454R4WERWERRWERWERWERWERWERWE-0010',11,'rb se bw ew e',NULL,1,NULL,'Pcs',NULL,NULL,'ast_qr_20260330_105758_69c9e6b662b9a.png',0,'{\"none\":true}','2026-03-30 02:57:59','2026-03-30 02:57:59'),(141,'5455454R4WERWERRWERWERWERWERWERWE',11,'AST-5455454R4WERWERRWERWERWERWERWERWE-0011',11,'rb se bw ew e',NULL,1,NULL,'Pcs',NULL,NULL,'ast_qr_20260330_105759_69c9e6b7dfabb.png',0,'{\"none\":true}','2026-03-30 02:58:01','2026-03-30 02:58:01'),(142,'5455454R4WERWERRWERWERWERWERWERWE',12,'AST-5455454R4WERWERRWERWERWERWERWERWE-0012',11,'rb se bw ew e',NULL,1,NULL,'Pcs',NULL,NULL,'ast_qr_20260330_105801_69c9e6b94c7d7.png',0,'{\"none\":true}','2026-03-30 02:58:02','2026-03-30 02:58:02'),(143,'5455454R4WERWERRWERWERWERWERWERWE',13,'AST-5455454R4WERWERRWERWERWERWERWERWE-0013',11,'rb se bw ew e',NULL,1,NULL,'Pcs',NULL,NULL,'ast_qr_20260330_105802_69c9e6bab04c5.png',0,'{\"none\":true}','2026-03-30 02:58:04','2026-03-30 02:58:04'),(144,'5455454R4WERWERRWERWERWERWERWERWE',14,'AST-5455454R4WERWERRWERWERWERWERWERWE-0014',11,'rb se bw ew e',NULL,1,NULL,'Pcs',NULL,NULL,'ast_qr_20260330_105804_69c9e6bc73312.png',0,'{\"none\":true}','2026-03-30 02:58:05','2026-03-30 02:58:05'),(145,'5455454R4WERWERRWERWERWERWERWERWE',15,'AST-5455454R4WERWERRWERWERWERWERWERWE-0015',11,'rb se bw ew e',NULL,1,NULL,'Pcs',NULL,NULL,'ast_qr_20260330_105805_69c9e6bddc699.png',0,'{\"none\":true}','2026-03-30 02:58:07','2026-03-30 02:58:07'),(146,'5455454R4WERWERRWERWERWERWERWERWE',16,'AST-5455454R4WERWERRWERWERWERWERWERWE-0016',11,'rb se bw ew e',NULL,1,NULL,'Pcs',NULL,NULL,'ast_qr_20260330_105807_69c9e6bf451bd.png',0,'{\"none\":true}','2026-03-30 02:58:08','2026-03-30 02:58:08'),(147,'5455454R4WERWERRWERWERWERWERWERWE',17,'AST-5455454R4WERWERRWERWERWERWERWERWE-0017',11,'rb se bw ew e',NULL,1,NULL,'Pcs',NULL,NULL,'ast_qr_20260330_105808_69c9e6c0b398d.png',0,'{\"none\":true}','2026-03-30 02:58:10','2026-03-30 02:58:10'),(148,'5455454R4WERWERRWERWERWERWERWERWE',18,'AST-5455454R4WERWERRWERWERWERWERWERWE-0018',11,'rb se bw ew e',NULL,1,NULL,'Pcs',NULL,NULL,'ast_qr_20260330_105810_69c9e6c286b6d.png',0,'{\"none\":true}','2026-03-30 02:58:12','2026-03-30 02:58:12'),(149,'5455454R4WERWERRWERWERWERWERWERWE',19,'AST-5455454R4WERWERRWERWERWERWERWERWE-0019',11,'rb se bw ew e',NULL,1,NULL,'Pcs',NULL,NULL,'ast_qr_20260330_105812_69c9e6c43d560.png',0,'{\"none\":true}','2026-03-30 02:58:13','2026-03-30 02:58:13'),(150,'5455454R4WERWERRWERWERWERWERWERWE',20,'AST-5455454R4WERWERRWERWERWERWERWERWE-0020',11,'rb se bw ew e',NULL,1,NULL,'Pcs',NULL,NULL,'ast_qr_20260330_105813_69c9e6c5d2163.png',0,'{\"none\":true}','2026-03-30 02:58:15','2026-03-30 02:58:15'),(151,'5455454R4WERWERRWERWERWERWERWERWE',21,'AST-5455454R4WERWERRWERWERWERWERWERWE-0021',11,'rb se bw ew e',NULL,1,NULL,'Pcs',NULL,NULL,'ast_qr_20260330_105815_69c9e6c75caec.png',0,'{\"none\":true}','2026-03-30 02:58:16','2026-03-30 02:58:16'),(152,'5455454R4WERWERRWERWERWERWERWERWE',22,'AST-5455454R4WERWERRWERWERWERWERWERWE-0022',11,'rb se bw ew e',NULL,1,NULL,'Pcs',NULL,NULL,'ast_qr_20260330_105816_69c9e6c8e80c6.png',0,'{\"none\":true}','2026-03-30 02:58:18','2026-03-30 02:58:18'),(153,'5455454R4WERWERRWERWERWERWERWERWE',23,'AST-5455454R4WERWERRWERWERWERWERWERWE-0023',11,'rb se bw ew e',NULL,1,NULL,'Pcs',NULL,NULL,'ast_qr_20260330_105818_69c9e6ca61c5f.png',0,'{\"none\":true}','2026-03-30 02:58:20','2026-03-30 02:58:20'),(154,'5455454R4WERWERRWERWERWERWERWERWE',24,'AST-5455454R4WERWERRWERWERWERWERWERWE-0024',11,'rb se bw ew e',NULL,1,NULL,'Pcs',NULL,NULL,'ast_qr_20260330_105820_69c9e6cc14cf8.png',0,'{\"none\":true}','2026-03-30 02:58:23','2026-03-30 02:58:23'),(155,'5455454R4WERWERRWERWERWERWERWERWE',25,'AST-5455454R4WERWERRWERWERWERWERWERWE-0025',11,'rb se bw ew e',NULL,1,NULL,'Pcs',NULL,NULL,'ast_qr_20260330_105823_69c9e6cf251d6.png',0,'{\"none\":true}','2026-03-30 02:58:25','2026-03-30 02:58:25'),(156,'5455454R4WERWERRWERWERWERWERWERWE',26,'AST-5455454R4WERWERRWERWERWERWERWERWE-0026',11,'rb se bw ew e',NULL,1,NULL,'Pcs',NULL,NULL,'ast_qr_20260330_105825_69c9e6d10f2ad.png',0,'{\"none\":true}','2026-03-30 02:58:27','2026-03-30 02:58:27'),(157,'5455454R4WERWERRWERWERWERWERWERWE',27,'AST-5455454R4WERWERRWERWERWERWERWERWE-0027',11,'rb se bw ew e',NULL,1,NULL,'Pcs',NULL,NULL,'ast_qr_20260330_105827_69c9e6d310394.png',0,'{\"none\":true}','2026-03-30 02:58:28','2026-03-30 02:58:28'),(158,'5455454R4WERWERRWERWERWERWERWERWE',28,'AST-5455454R4WERWERRWERWERWERWERWERWE-0028',11,'rb se bw ew e',NULL,1,NULL,'Pcs',NULL,NULL,'ast_qr_20260330_105828_69c9e6d4a2f5a.png',0,'{\"none\":true}','2026-03-30 02:58:30','2026-03-30 02:58:30'),(159,'5455454R4WERWERRWERWERWERWERWERWE',29,'AST-5455454R4WERWERRWERWERWERWERWERWE-0029',11,'rb se bw ew e',NULL,1,NULL,'Pcs',NULL,NULL,'ast_qr_20260330_105830_69c9e6d6292f2.png',0,'{\"none\":true}','2026-03-30 02:58:31','2026-03-30 02:58:31'),(160,'5455454R4WERWERRWERWERWERWERWERWE',30,'AST-5455454R4WERWERRWERWERWERWERWERWE-0030',11,'rb se bw ew e',NULL,1,NULL,'Pcs',NULL,NULL,'ast_qr_20260330_105831_69c9e6d7960fc.png',0,'{\"none\":true}','2026-03-30 02:58:33','2026-03-30 02:58:33'),(161,'5455454R4WERWERRWERWERWERWERWERWE',31,'AST-5455454R4WERWERRWERWERWERWERWERWE-0031',11,'rb se bw ew e',NULL,1,NULL,'Pcs',NULL,NULL,'ast_qr_20260330_105833_69c9e6d912039.png',0,'{\"none\":true}','2026-03-30 02:58:34','2026-03-30 02:58:34'),(162,'5455454R4WERWERRWERWERWERWERWERWE',32,'AST-5455454R4WERWERRWERWERWERWERWERWE-0032',11,'rb se bw ew e',NULL,1,NULL,'Pcs',NULL,NULL,'ast_qr_20260330_105834_69c9e6da8212a.png',0,'{\"none\":true}','2026-03-30 02:58:36','2026-03-30 02:58:36'),(163,'5455454R4WERWERRWERWERWERWERWERWE',33,'AST-5455454R4WERWERRWERWERWERWERWERWE-0033',11,'rb se bw ew e',NULL,1,NULL,'Pcs',NULL,NULL,'ast_qr_20260330_105836_69c9e6dc14618.png',0,'{\"none\":true}','2026-03-30 02:58:37','2026-03-30 02:58:37'),(164,'5455454R4WERWERRWERWERWERWERWERWE',34,'AST-5455454R4WERWERRWERWERWERWERWERWE-0034',11,'rb se bw ew e',NULL,1,NULL,'Pcs',NULL,NULL,'ast_qr_20260330_105837_69c9e6ddbafaa.png',0,'{\"none\":true}','2026-03-30 02:58:39','2026-03-30 02:58:39'),(165,'5455454R4WERWERRWERWERWERWERWERWE',35,'AST-5455454R4WERWERRWERWERWERWERWERWE-0035',11,'rb se bw ew e',NULL,1,NULL,'Pcs',NULL,NULL,'ast_qr_20260330_105839_69c9e6df39133.png',0,'{\"none\":true}','2026-03-30 02:58:41','2026-03-30 02:58:41'),(166,'5455454R4WERWERRWERWERWERWERWERWE',36,'AST-5455454R4WERWERRWERWERWERWERWERWE-0036',11,'rb se bw ew e',NULL,1,NULL,'Pcs',NULL,NULL,'ast_qr_20260330_105841_69c9e6e113f78.png',0,'{\"none\":true}','2026-03-30 02:58:42','2026-03-30 02:58:42'),(167,'5455454R4WERWERRWERWERWERWERWERWE',37,'AST-5455454R4WERWERRWERWERWERWERWERWE-0037',11,'rb se bw ew e',NULL,1,NULL,'Pcs',NULL,NULL,'ast_qr_20260330_105842_69c9e6e26db7a.png',0,'{\"none\":true}','2026-03-30 02:58:43','2026-03-30 02:58:43'),(168,'5455454R4WERWERRWERWERWERWERWERWE',38,'AST-5455454R4WERWERRWERWERWERWERWERWE-0038',11,'rb se bw ew e',NULL,1,NULL,'Pcs',NULL,NULL,'ast_qr_20260330_105843_69c9e6e3ccd0d.png',0,'{\"none\":true}','2026-03-30 02:58:45','2026-03-30 02:58:45'),(169,'5455454R4WERWERRWERWERWERWERWERWE',39,'AST-5455454R4WERWERRWERWERWERWERWERWE-0039',11,'rb se bw ew e',NULL,1,NULL,'Pcs',NULL,NULL,'ast_qr_20260330_105845_69c9e6e543fdb.png',0,'{\"none\":true}','2026-03-30 02:58:46','2026-03-30 02:58:46'),(170,'5455454R4WERWERRWERWERWERWERWERWE',40,'AST-5455454R4WERWERRWERWERWERWERWERWE-0040',11,'rb se bw ew e',NULL,1,NULL,'Pcs',NULL,NULL,'ast_qr_20260330_105846_69c9e6e6a0772.png',0,'{\"none\":true}','2026-03-30 02:58:48','2026-03-30 02:58:48'),(171,'5455454R4WERWERRWERWERWERWERWERWE',41,'AST-5455454R4WERWERRWERWERWERWERWERWE-0041',11,'rb se bw ew e',NULL,1,NULL,'Pcs',NULL,NULL,'ast_qr_20260330_105848_69c9e6e828c7e.png',0,'{\"none\":true}','2026-03-30 02:58:49','2026-03-30 02:58:49'),(172,'5455454R4WERWERRWERWERWERWERWERWE',42,'AST-5455454R4WERWERRWERWERWERWERWERWE-0042',11,'rb se bw ew e',NULL,1,NULL,'Pcs',NULL,NULL,'ast_qr_20260330_105849_69c9e6e9b13c4.png',0,'{\"none\":true}','2026-03-30 02:58:51','2026-03-30 02:58:51'),(173,'5455454R4WERWERRWERWERWERWERWERWE',43,'AST-5455454R4WERWERRWERWERWERWERWERWE-0043',11,'rb se bw ew e',NULL,1,NULL,'Pcs',NULL,NULL,'ast_qr_20260330_105851_69c9e6eb2bd39.png',0,'{\"none\":true}','2026-03-30 02:58:52','2026-03-30 02:58:52'),(174,'5455454R4WERWERRWERWERWERWERWERWE',44,'AST-5455454R4WERWERRWERWERWERWERWERWE-0044',11,'rb se bw ew e',NULL,1,NULL,'Pcs',NULL,NULL,'ast_qr_20260330_105852_69c9e6ec83de0.png',0,'{\"none\":true}','2026-03-30 02:58:53','2026-03-30 02:58:53'),(175,'5455454R4WERWERRWERWERWERWERWERWE',45,'AST-5455454R4WERWERRWERWERWERWERWERWE-0045',11,'rb se bw ew e',NULL,1,NULL,'Pcs',NULL,NULL,'ast_qr_20260330_105853_69c9e6ede1b40.png',0,'{\"none\":true}','2026-03-30 02:58:55','2026-03-30 02:58:55'),(176,'5455454R4WERWERRWERWERWERWERWERWE',46,'AST-5455454R4WERWERRWERWERWERWERWERWE-0046',11,'rb se bw ew e',NULL,1,NULL,'Pcs',NULL,NULL,'ast_qr_20260330_105855_69c9e6ef75caa.png',0,'{\"none\":true}','2026-03-30 02:58:56','2026-03-30 02:58:56'),(177,'5455454R4WERWERRWERWERWERWERWERWE',47,'AST-5455454R4WERWERRWERWERWERWERWERWE-0047',11,'rb se bw ew e',NULL,1,NULL,'Pcs',NULL,NULL,'ast_qr_20260330_105856_69c9e6f0eff4e.png',0,'{\"none\":true}','2026-03-30 02:58:58','2026-03-30 02:58:58'),(178,'5455454R4WERWERRWERWERWERWERWERWE',48,'AST-5455454R4WERWERRWERWERWERWERWERWE-0048',11,'rb se bw ew e',NULL,1,NULL,'Pcs',NULL,NULL,'ast_qr_20260330_105858_69c9e6f25ec4f.png',0,'{\"none\":true}','2026-03-30 02:58:59','2026-03-30 02:58:59'),(179,'5455454R4WERWERRWERWERWERWERWERWE',49,'AST-5455454R4WERWERRWERWERWERWERWERWE-0049',11,'rb se bw ew e',NULL,1,NULL,'Pcs',NULL,NULL,'ast_qr_20260330_105859_69c9e6f3d355a.png',0,'{\"none\":true}','2026-03-30 02:59:01','2026-03-30 02:59:01'),(180,'5455454R4WERWERRWERWERWERWERWERWE',50,'AST-5455454R4WERWERRWERWERWERWERWERWE-0050',11,'rb se bw ew e',NULL,1,NULL,'Pcs',NULL,NULL,'ast_qr_20260330_105901_69c9e6f54afd9.png',0,'{\"none\":true}','2026-03-30 02:59:02','2026-03-30 02:59:02'),(181,'5455454R4WERWERRWERWERWERWERWERWE',51,'AST-5455454R4WERWERRWERWERWERWERWERWE-0051',11,'rb se bw ew e',NULL,1,NULL,'Pcs',NULL,NULL,'ast_qr_20260330_105902_69c9e6f6c956e.png',0,'{\"none\":true}','2026-03-30 02:59:04','2026-03-30 02:59:04'),(182,'F-ASDF',1,'AST-F-ASDF-0001',7,'asdf',NULL,1,NULL,'Pcs',NULL,NULL,'ast_qr_20260330_165422_69ca3a3e4b03c.png',0,'{\"teaching\":[1,2,3],\"non_teaching\":[1,2,3]}','2026-03-30 08:54:24','2026-04-16 08:12:02'),(183,'POWIULK',7,'AST-POWIULK-0007',2,'Logitech G213 Prodigy RGB Gaming Keyboard',NULL,1,NULL,'Pcs','John Doe',2606.00,'ast_qr_20260331_095255_69cb28f77d4cc.png',0,'{\"none\":true}','2026-03-31 01:52:56','2026-03-31 01:52:56'),(184,'4322FC',5,'AST-4322FC-0005',7,'4 Drawer Steel Lateral Filing Cabinet beige',NULL,1,NULL,'Pcs','Jan Cedric Ballesteros',11700.00,'ast_qr_20260331_112114_69cb3daa42d31.png',0,'{\"teaching\":[1,2,3],\"non_teaching\":[1,2,3]}','2026-03-31 03:21:15','2026-04-14 03:10:39'),(185,'SRTEST',1,'AST-SRTEST-0001',10,'srtest',NULL,1,NULL,'Pcs','Jan Cedric Ballesteros',10000.00,'ast_qr_20260407_094347_69d4615361b56.png',0,'{\"teaching\":[1,2,3],\"non_teaching\":[1,2,3]}','2026-04-07 01:43:49','2026-04-14 06:47:04'),(186,'SRTEST',2,'AST-SRTEST-0002',10,'srtest',NULL,1,NULL,'Pcs','Jan Cedric Ballesteros',10000.00,'ast_qr_20260407_094349_69d4615568521.png',0,'{\"teaching\":[1,2,3],\"non_teaching\":[]}','2026-04-07 01:43:51','2026-04-14 03:22:50');
/*!40000 ALTER TABLE `ast_inventory` ENABLE KEYS */;
UNLOCK TABLES;

--
-- Table structure for table `ast_inventory_category`
--

DROP TABLE IF EXISTS `ast_inventory_category`;
/*!40101 SET @saved_cs_client     = @@character_set_client */;
/*!40101 SET character_set_client = utf8 */;
CREATE TABLE `ast_inventory_category` (
  `category_id` int(11) NOT NULL AUTO_INCREMENT,
  `item_category_name` varchar(150) NOT NULL,
  `category_photo` varchar(255) DEFAULT NULL,
  `created_at` timestamp NOT NULL DEFAULT current_timestamp(),
  `updated_at` timestamp NOT NULL DEFAULT current_timestamp() ON UPDATE current_timestamp(),
  PRIMARY KEY (`category_id`)
) ENGINE=InnoDB AUTO_INCREMENT=13 DEFAULT CHARSET=utf8mb4 COLLATE=utf8mb4_general_ci;
/*!40101 SET character_set_client = @saved_cs_client */;

--
-- Dumping data for table `ast_inventory_category`
--

LOCK TABLES `ast_inventory_category` WRITE;
/*!40000 ALTER TABLE `ast_inventory_category` DISABLE KEYS */;
INSERT INTO `ast_inventory_category` VALUES (1,'Monitor Nvision','cat_20260325_160456_69c397282f139.png','2026-03-25 08:04:56','2026-03-25 08:05:45'),(2,'Keyboard Logitech','cat_20260325_160919_69c3982fb9279.png','2026-03-25 08:09:19','2026-03-25 08:09:19'),(3,'ASUS Desktop PC','cat_20260325_161141_69c398bd56249.png','2026-03-25 08:11:32','2026-03-25 08:11:41'),(4,'Prolink UPS Power Supply','cat_20260325_161534_69c399a626a88.png','2026-03-25 08:15:34','2026-03-25 08:15:34'),(5,'Razer Mouse','cat_20260325_161534_69c399a63964b.png','2026-03-25 08:15:34','2026-03-25 08:15:34'),(6,'Lifetime Foldable Table','cat_20260325_161923_69c39a8b4727e.png','2026-03-25 08:19:23','2026-03-25 08:19:23'),(7,'Filling Cabinet 4 drawer','cat_20260325_162254_69c39b5e4510a.png','2026-03-25 08:22:54','2026-03-25 08:22:54'),(8,'Intel i5 PC Set','cat_20260325_162959_69c39d0728144.png','2026-03-25 08:29:59','2026-03-25 08:29:59'),(9,'Monoblock Black','cat_20260325_164130_69c39fbaee869.png','2026-03-25 08:41:30','2026-03-25 08:41:30'),(10,'Test Category',NULL,'2026-03-25 23:04:24','2026-03-25 23:04:24'),(11,'testing',NULL,'2026-03-26 07:03:03','2026-03-26 07:03:03'),(12,'testinglang',NULL,'2026-03-31 01:39:12','2026-03-31 01:39:12');
/*!40000 ALTER TABLE `ast_inventory_category` ENABLE KEYS */;
UNLOCK TABLES;

--
-- Table structure for table `csm_audit_checks`
--

DROP TABLE IF EXISTS `csm_audit_checks`;
/*!40101 SET @saved_cs_client     = @@character_set_client */;
/*!40101 SET character_set_client = utf8 */;
CREATE TABLE `csm_audit_checks` (
  `id` int(11) NOT NULL AUTO_INCREMENT,
  `session_id` int(11) NOT NULL,
  `inventory_id` int(11) NOT NULL,
  `inventory_system_item_code` varchar(100) NOT NULL,
  `item_category_code` varchar(50) NOT NULL,
  `item_description` text DEFAULT NULL,
  `acquisition_date` date DEFAULT NULL,
  `item_cost` decimal(12,2) DEFAULT NULL,
  `source_of_funds` varchar(150) DEFAULT NULL,
  `system_unit_quantity` int(11) NOT NULL DEFAULT 0,
  `system_current_quantity` int(11) NOT NULL DEFAULT 0,
  `counted_quantity` int(11) NOT NULL DEFAULT 0,
  `variance_quantity` int(11) NOT NULL DEFAULT 0,
  `unit_crit_level` int(11) NOT NULL DEFAULT 0,
  `system_status` tinyint(1) DEFAULT NULL,
  `status_at_check` varchar(100) NOT NULL DEFAULT '',
  `condition` varchar(50) NOT NULL DEFAULT '',
  `storage_location` varchar(150) NOT NULL DEFAULT '',
  `remarks` text DEFAULT NULL,
  `checked_by` int(11) NOT NULL,
  `checked_at` datetime NOT NULL DEFAULT current_timestamp(),
  PRIMARY KEY (`id`),
  UNIQUE KEY `uniq_session_item` (`session_id`,`inventory_system_item_code`),
  KEY `idx_audit_session` (`session_id`),
  KEY `idx_audit_inventory` (`inventory_id`),
  KEY `idx_audit_checked_by` (`checked_by`)
) ENGINE=InnoDB AUTO_INCREMENT=4 DEFAULT CHARSET=utf8mb4 COLLATE=utf8mb4_general_ci;
/*!40101 SET character_set_client = @saved_cs_client */;

--
-- Dumping data for table `csm_audit_checks`
--

LOCK TABLES `csm_audit_checks` WRITE;
/*!40000 ALTER TABLE `csm_audit_checks` DISABLE KEYS */;
INSERT INTO `csm_audit_checks` VALUES (1,1,7,'CSM-0001-0001','CSM0001','Bulk test','2026-02-27',25.50,'General Fund',59,40,40,0,60,2,'Unavailable','Good','test storage','good lah',1,'2026-03-12 10:15:32'),(2,1,6,'CSM-0002-0001','CSM0002','test','2026-02-27',22.00,'test',0,0,10,10,2,3,'Unavailable','Good','test','',1,'2026-03-12 13:24:48'),(3,1,8,'CSM-0001-0003','CSM0001','Example itemized description (full details/specs/notes)','2026-02-27',25.50,'test',111,22,18,-4,10,1,'Available','Missing','','',1,'2026-03-12 13:26:28');
/*!40000 ALTER TABLE `csm_audit_checks` ENABLE KEYS */;
UNLOCK TABLES;

--
-- Table structure for table `csm_audit_sessions`
--

DROP TABLE IF EXISTS `csm_audit_sessions`;
/*!40101 SET @saved_cs_client     = @@character_set_client */;
/*!40101 SET character_set_client = utf8 */;
CREATE TABLE `csm_audit_sessions` (
  `id` int(11) NOT NULL AUTO_INCREMENT,
  `series_code` varchar(50) NOT NULL,
  `audit_name` varchar(255) DEFAULT NULL,
  `start_date` date NOT NULL,
  `end_date` date NOT NULL,
  `status` enum('Pending','Active','Closed') NOT NULL DEFAULT 'Pending',
  `created_by` int(11) NOT NULL,
  `created_at` timestamp NOT NULL DEFAULT current_timestamp(),
  PRIMARY KEY (`id`),
  UNIQUE KEY `uniq_series_code` (`series_code`),
  KEY `idx_audit_status` (`status`),
  KEY `idx_audit_created_by` (`created_by`)
) ENGINE=InnoDB AUTO_INCREMENT=2 DEFAULT CHARSET=utf8mb4 COLLATE=utf8mb4_general_ci;
/*!40101 SET character_set_client = @saved_cs_client */;

--
-- Dumping data for table `csm_audit_sessions`
--

LOCK TABLES `csm_audit_sessions` WRITE;
/*!40000 ALTER TABLE `csm_audit_sessions` DISABLE KEYS */;
INSERT INTO `csm_audit_sessions` VALUES (1,'CSM-PC-2026-001','march test 2026','2026-03-12','2026-03-14','Active',1,'2026-03-12 02:14:48');
/*!40000 ALTER TABLE `csm_audit_sessions` ENABLE KEYS */;
UNLOCK TABLES;

--
-- Table structure for table `csm_inventory`
--

DROP TABLE IF EXISTS `csm_inventory`;
/*!40101 SET @saved_cs_client     = @@character_set_client */;
/*!40101 SET character_set_client = utf8 */;
CREATE TABLE `csm_inventory` (
  `inventory_id` int(11) NOT NULL AUTO_INCREMENT,
  `inventory_system_item_code` varchar(100) NOT NULL,
  `item_description` text DEFAULT NULL,
  `acquisition_date` date NOT NULL,
  `cost_value` decimal(12,2) NOT NULL DEFAULT 0.00,
  `unit` varchar(50) NOT NULL DEFAULT 'pcs',
  `source_of_funds` varchar(150) DEFAULT NULL,
  `item_category_code` varchar(50) NOT NULL,
  `status` tinyint(1) DEFAULT NULL,
  `allowed_employment_status` text DEFAULT NULL,
  `quantity` int(11) NOT NULL COMMENT 'Actual quantity received',
  `current_quantity` int(11) NOT NULL COMMENT 'For quantity to be issued',
  `qty_crit_level` int(11) NOT NULL COMMENT 'Critical stock threshold',
  `last_updated` date NOT NULL,
  `item_category_img` varchar(255) DEFAULT NULL,
  `qr_verification` varchar(255) DEFAULT NULL,
  `created_at` timestamp NOT NULL DEFAULT current_timestamp(),
  `updated_at` timestamp NOT NULL DEFAULT current_timestamp() ON UPDATE current_timestamp(),
  `category_image_id` int(11) DEFAULT NULL,
  PRIMARY KEY (`inventory_id`),
  UNIQUE KEY `inventory_system_item_code` (`inventory_system_item_code`)
) ENGINE=InnoDB AUTO_INCREMENT=109 DEFAULT CHARSET=utf8mb4 COLLATE=utf8mb4_general_ci;
/*!40101 SET character_set_client = @saved_cs_client */;

--
-- Dumping data for table `csm_inventory`
--

LOCK TABLES `csm_inventory` WRITE;
/*!40000 ALTER TABLE `csm_inventory` DISABLE KEYS */;
INSERT INTO `csm_inventory` VALUES (6,'CSM-0002-0001','test','2026-02-27',22.00,'pcs','test','CSM0002',3,'{\"teaching\":[1,2,3],\"non_teaching\":[1,2,3]}',0,0,2,'2026-03-10',NULL,NULL,'2026-02-26 21:24:28','2026-03-10 07:09:12',NULL),(7,'CSM-0001-0001','Bulk test','2026-02-27',25.50,'pcs','General Fund','CSM0001',2,'{\"teaching\":[1,2,3],\"non_teaching\":[1,2,3]}',59,40,60,'2026-03-10','8',NULL,'2026-02-26 21:52:49','2026-03-10 06:21:56',NULL),(8,'CSM-0001-0003','Example itemized description (full details/specs/notes)','2026-02-27',25.50,'pcs','test','CSM0001',1,'[1]',111,22,10,'2026-02-27','7',NULL,'2026-02-26 22:00:54','2026-03-10 05:23:59',NULL),(9,'CSM-0002-0004','test','2026-02-27',22.00,'pcs','','CSM0002',0,'{\"none\":true}',22,21,2,'2026-03-10',NULL,NULL,'2026-02-26 22:00:54','2026-03-10 05:49:14',NULL),(10,'CSM-0002-0005','test incr','2026-02-27',22.00,'pcs','test','CSM0002',1,'{\"teaching\":[1,2,3],\"non_teaching\":[1,2,3]}',41,40,2,'2026-03-10',NULL,NULL,'2026-02-27 03:06:44','2026-03-10 01:24:32',NULL),(12,'CSM-0002-0006','test','2026-03-06',22.00,'pcs','2','CSM0002',1,'{\"teaching\":[1,2,3],\"non_teaching\":[1,2,3]}',24,24,2,'2026-03-10',NULL,NULL,'2026-03-06 04:50:45','2026-03-10 01:24:09',NULL),(13,'CSM-0002-0007','item 4','2026-03-06',33.00,'pcs','test2','CSM0002',1,'{\"teaching\":[1,2,3],\"non_teaching\":[1,2,3]}',35,22,5,'2026-03-10',NULL,NULL,'2026-03-06 05:46:01','2026-03-10 01:23:50',NULL),(14,'CSM-0004-0001','test','2026-03-11',1000.00,'pcs','test2','CSM0004',2,NULL,100,10,10,'2026-03-11',NULL,NULL,'2026-03-11 08:22:46','2026-03-11 08:23:43',NULL),(15,'CSM-0002-0008','test log','2026-03-19',22.00,'pcs','test','CSM0002',1,'{\"teaching\":[1,2,3],\"non_teaching\":[1,2,3]}',26,6,2,'2026-03-22',NULL,NULL,'2026-03-19 07:00:50','2026-03-22 13:45:32',NULL),(16,'CSM-0002-0009','test log again','2026-03-22',22.00,'pcs','test','CSM0002',1,'{\"teaching\":[1,2,3],\"non_teaching\":[1,2,3]}',29,27,22,'2026-03-22',NULL,NULL,'2026-03-22 13:57:25','2026-03-22 14:25:28',NULL),(17,'CSM-0002-0010','test log 888','2026-03-22',33.00,'pcs','test','CSM0002',2,NULL,25,21,22,'2026-03-23',NULL,NULL,'2026-03-22 14:54:41','2026-03-22 16:13:29',NULL),(18,'CSM-0002-0011','test new avail','2026-03-23',534.00,'box','test','CSM0002',1,'{\"teaching\":[1,2,3],\"non_teaching\":[1,2,3]}',99,85,5,'2026-03-23',NULL,NULL,'2026-03-23 00:48:53','2026-03-23 06:42:05',NULL),(19,'CSM-TYU3-0001','fs  dsfd dsf','2026-03-30',0.00,'pcs','','TYU3',3,NULL,10,0,10,'2026-03-30',NULL,NULL,'2026-03-30 02:33:33','2026-03-30 02:33:33',NULL),(20,'CSM-TYU3-0002','qwqeqwe','2026-03-30',0.00,'pcs','','TYU3',3,NULL,20,0,15,'2026-03-30',NULL,NULL,'2026-03-30 02:34:06','2026-03-30 02:34:06',NULL),(21,'CSM-TYU3-0003','ewqe','2026-03-30',50.00,'pcs','','TYU3',2,NULL,21,1,30,'2026-03-30',NULL,NULL,'2026-03-30 02:34:25','2026-03-30 02:38:34',NULL),(46,'CSM-0001-0002','Pens','2026-03-25',0.00,'pcs','','CSM0001',1,'{\"teaching\":[1,2,3],\"non_teaching\":[1,2,3]}',30,10,5,'2026-05-05','18',NULL,'2026-03-25 07:48:32','2026-05-05 05:51:55',NULL),(47,'CSM-0001-0004','markers','2026-03-25',0.00,'pack','','CSM0001',2,'{\"teaching\":[1,2,3],\"non_teaching\":[1,2,3]}',90,10,10,'2026-05-05','14',NULL,'2026-03-25 07:51:23','2026-05-05 05:51:55',NULL),(48,'CSM-0001-0005','folder','2026-03-25',0.00,'pcs','','CSM0001',2,'{\"teaching\":[1,2,3],\"non_teaching\":[1,2,3]}',90,10,10,'2026-05-05','20',NULL,'2026-03-25 07:53:13','2026-05-05 05:51:55',NULL),(49,'CSM-0001-0006','envelops','2026-03-25',0.00,'pcs','','CSM0001',2,'{\"teaching\":[1,2,3],\"non_teaching\":[1,2,3]}',90,10,10,'2026-05-05','21',NULL,'2026-03-25 07:53:57','2026-05-05 05:51:55',NULL),(50,'CSM-0001-0007','stapler wires','2026-03-25',0.00,'box','','CSM0001',2,'{\"teaching\":[1,2,3],\"non_teaching\":[1,2,3]}',150,10,10,'2026-05-05','17',NULL,'2026-03-25 07:54:48','2026-05-05 05:51:55',NULL),(51,'CSM-0001-0008','sticky notes','2026-03-25',0.00,'box','','CSM0001',2,'{\"teaching\":[1,2,3],\"non_teaching\":[1,2,3]}',300,10,50,'2026-05-05','22',NULL,'2026-03-25 07:55:19','2026-05-05 05:51:55',NULL),(52,'CSM-0002-0002','Whiteboard Markers','2026-03-25',0.00,'pack','','CSM0002',2,'{\"teaching\":[1,2,3],\"non_teaching\":[1,2,3]}',150,10,10,'2026-05-05',NULL,NULL,'2026-03-25 07:57:30','2026-05-05 05:51:55',NULL),(53,'CSM-0002-0003','Chalk Erasers','2026-03-25',0.00,'pcs','','CSM0002',2,'{\"teaching\":[1,2,3],\"non_teaching\":[1,2,3]}',50,10,10,'2026-05-05',NULL,NULL,'2026-03-25 07:58:25','2026-05-05 05:51:55',NULL),(54,'CSM-0003-0001','Printer Ink','2026-03-25',0.00,'pack','','CSM0003',2,'{\"teaching\":[1,2,3],\"non_teaching\":[1,2,3]}',100,10,10,'2026-05-05',NULL,NULL,'2026-03-25 08:01:26','2026-05-05 05:51:55',NULL),(55,'CSM-0003-0002','Ink Bottles','2026-03-25',0.00,'box','','CSM0003',2,'{\"teaching\":[1,2,3],\"non_teaching\":[1,2,3]}',90,10,10,'2026-05-05',NULL,NULL,'2026-03-25 08:02:32','2026-05-05 05:51:55',NULL),(56,'CSM-0004-0002','Bleach','2026-03-25',0.00,'pcs','','CSM0004',2,'{\"teaching\":[1,2,3],\"non_teaching\":[1,2,3]}',50,10,10,'2026-05-05',NULL,NULL,'2026-03-25 08:04:31','2026-05-05 05:51:55',NULL),(57,'CSM-0004-0003','Disinfectant','2026-03-25',0.00,'box','','CSM0004',2,'{\"teaching\":[1,2,3],\"non_teaching\":[1,2,3]}',90,10,10,'2026-05-05',NULL,NULL,'2026-03-25 08:23:04','2026-05-05 05:51:55',NULL),(58,'CSM-0004-0004','Trash Bags','2026-03-25',0.00,'pcs','','CSM0004',2,'{\"teaching\":[1,2,3],\"non_teaching\":[1,2,3]}',90,10,10,'2026-05-05',NULL,NULL,'2026-03-25 08:31:02','2026-05-05 05:51:55',NULL),(59,'CSM-0004-0005','Floor Cleaner','2026-03-25',0.00,'box','','CSM0004',2,'{\"teaching\":[1,2,3],\"non_teaching\":[1,2,3]}',100,10,10,'2026-05-05',NULL,NULL,'2026-03-25 08:33:05','2026-05-05 05:51:55',NULL),(60,'CSM-0004-0006','Air Freshener','2026-03-25',0.00,'pack','','CSM0004',2,'{\"teaching\":[1,2,3],\"non_teaching\":[1,2,3]}',90,10,10,'2026-05-05',NULL,NULL,'2026-03-25 08:51:15','2026-05-05 05:51:55',NULL),(61,'CSM-0004-0007','Gloves','2026-03-25',0.00,'pack','','CSM0004',2,'{\"teaching\":[1,2,3],\"non_teaching\":[1,2,3]}',20,10,10,'2026-05-05',NULL,NULL,'2026-03-25 08:54:05','2026-05-05 05:51:55',NULL),(62,'CSM-0005-0001','Tissue Roll','2026-03-25',0.00,'box','','CSM0005',2,'{\"teaching\":[1,2,3],\"non_teaching\":[1,2,3]}',30,10,10,'2026-05-05',NULL,NULL,'2026-03-25 08:55:13','2026-05-05 05:51:55',NULL),(63,'CSM-0005-0002','Hand Soap','2026-03-25',0.00,'pcs','','CSM0005',2,'{\"teaching\":[1,2,3],\"non_teaching\":[1,2,3]}',50,10,10,'2026-05-05',NULL,NULL,'2026-03-25 09:06:18','2026-05-05 05:51:55',NULL),(64,'CSM-0005-0003','Paper Towel Rolls','2026-03-25',0.00,'box','','CSM0005',2,'{\"teaching\":[1,2,3],\"non_teaching\":[1,2,3]}',70,10,10,'2026-05-05',NULL,NULL,'2026-03-25 09:06:42','2026-05-05 05:51:55',NULL),(65,'CSM-0005-0004','Disposal Bags','2026-03-25',0.00,'pack','','CSM0005',2,'{\"teaching\":[1,2,3],\"non_teaching\":[1,2,3]}',100,10,10,'2026-05-05',NULL,NULL,'2026-03-25 09:07:07','2026-05-05 05:51:55',NULL),(66,'CSM-0006-0001','Cotton','2026-03-25',0.00,'box','','CSM0006',2,'{\"teaching\":[1,2,3],\"non_teaching\":[1,2,3]}',40,10,10,'2026-05-05',NULL,NULL,'2026-03-25 09:13:28','2026-05-05 05:51:55',NULL),(67,'CSM-0006-0002','Gauze','2026-03-25',0.00,'box','','CSM0006',1,'{\"teaching\":[1,2,3],\"non_teaching\":[1,2,3]}',20,10,5,'2026-05-05',NULL,NULL,'2026-03-25 09:13:50','2026-05-05 05:51:55',NULL),(68,'CSM-0006-0003','Sanitized Alcohol','2026-03-25',0.00,'pcs','','CSM0006',1,'{\"teaching\":[1,2,3],\"non_teaching\":[1,2,3]}',33,10,5,'2026-05-05',NULL,NULL,'2026-03-25 09:14:21','2026-05-05 05:51:55',NULL),(69,'CSM-0006-0004','Sanitized Gloves','2026-03-25',0.00,'pack','','CSM0006',2,'{\"teaching\":[1,2,3],\"non_teaching\":[1,2,3]}',30,10,10,'2026-05-05',NULL,NULL,'2026-03-25 09:14:51','2026-05-05 05:51:55',NULL),(70,'CSM-0006-0005','Antiseptic Bottle','2026-03-25',0.00,'pcs','','CSM0006',2,'{\"teaching\":[1,2,3],\"non_teaching\":[1,2,3]}',35,10,10,'2026-05-05',NULL,NULL,'2026-03-25 09:15:18','2026-05-05 05:51:55',NULL),(71,'CSM-0007-0001','Batteries','2026-03-25',0.00,'pack','','CSM0007',2,'{\"teaching\":[1,2,3],\"non_teaching\":[1,2,3]}',90,10,10,'2026-05-05',NULL,NULL,'2026-03-25 09:22:30','2026-05-05 05:51:55',NULL),(72,'CSM-0007-0002','Electric Tape','2026-03-25',0.00,'pack','','CSM0007',2,'{\"teaching\":[1,2,3],\"non_teaching\":[1,2,3]}',90,10,10,'2026-05-05',NULL,NULL,'2026-03-25 09:24:39','2026-05-05 05:51:55',NULL),(73,'CSM-0007-0003','Cable Ties','2026-03-25',0.00,'pack','','CSM0007',2,'{\"teaching\":[1,2,3],\"non_teaching\":[1,2,3]}',30,10,10,'2026-05-05',NULL,NULL,'2026-03-25 09:25:21','2026-05-05 05:51:55',NULL),(74,'CSM-0007-0004','Screws','2026-03-25',0.00,'pack','','CSM0007',2,'{\"teaching\":[1,2,3],\"non_teaching\":[1,2,3]}',78,10,10,'2026-05-05',NULL,NULL,'2026-03-25 09:25:53','2026-05-05 05:51:55',NULL),(75,'CSM-0008-0001','Cleaning Rags','2026-03-25',0.00,'pcs','','CSM0008',1,'{\"teaching\":[1,2,3],\"non_teaching\":[1,2,3]}',10,10,2,'2026-05-05',NULL,NULL,'2026-03-25 09:26:32','2026-05-05 05:51:55',NULL),(76,'CSM-0008-0002','Mineral Water','2026-03-25',0.00,'pack','','CSM0008',1,'{\"teaching\":[1,2,3],\"non_teaching\":[1,2,3]}',22,10,5,'2026-05-05',NULL,NULL,'2026-03-25 09:27:34','2026-05-05 05:51:55',NULL),(77,'CSM-0008-0003','Disposable Cups','2026-03-25',0.00,'pack','','CSM0008',1,'{\"teaching\":[1,2,3],\"non_teaching\":[1,2,3]}',37,10,9,'2026-05-05',NULL,NULL,'2026-03-25 09:30:54','2026-05-05 05:51:55',NULL),(78,'CSM-0008-0004','Paper Plates','2026-03-25',0.00,'pack','','CSM0008',1,'{\"teaching\":[1,2,3],\"non_teaching\":[1,2,3]}',38,10,9,'2026-05-05',NULL,NULL,'2026-03-25 09:31:28','2026-05-05 05:51:55',NULL),(79,'CSM-0008-0005','Disposable Utensils','2026-03-25',0.00,'pack','','CSM0008',2,'{\"teaching\":[1,2,3],\"non_teaching\":[1,2,3]}',55,10,10,'2026-05-05',NULL,NULL,'2026-03-25 09:32:00','2026-05-05 05:51:55',NULL),(80,'CSM-0008-0006','Napkins','2026-03-25',0.00,'pack','','CSM0008',1,'{\"teaching\":[1,2,3],\"non_teaching\":[1,2,3]}',44,10,9,'2026-05-05',NULL,NULL,'2026-03-25 09:32:22','2026-05-05 05:51:55',NULL),(81,'CSM-0009-0001','Triple A Batteries','2026-03-25',0.00,'pack','','CSM0009',2,'{\"teaching\":[1,2,3],\"non_teaching\":[1,2,3]}',70,10,10,'2026-05-05',NULL,NULL,'2026-03-25 09:36:55','2026-05-05 05:51:55',NULL),(82,'CSM-0009-0002','blank DVDs','2026-03-26',0.00,'pcs','','CSM0009',2,'{\"teaching\":[1,2,3],\"non_teaching\":[1,2,3]}',50,10,10,'2026-05-05',NULL,NULL,'2026-03-26 05:12:17','2026-05-05 05:51:55',NULL),(83,'CSM-0010-0001','test log 1','2026-05-05',555.00,'pcs','test log related','CSM0010',1,'{\"teaching\":[1,3],\"non_teaching\":[1,2]}',57,43,5,'2026-05-05',NULL,NULL,'2026-05-05 05:52:46','2026-05-05 07:07:52',NULL);
/*!40000 ALTER TABLE `csm_inventory` ENABLE KEYS */;
UNLOCK TABLES;

--
-- Table structure for table `csm_inventory_category`
--

DROP TABLE IF EXISTS `csm_inventory_category`;
/*!40101 SET @saved_cs_client     = @@character_set_client */;
/*!40101 SET character_set_client = utf8 */;
CREATE TABLE `csm_inventory_category` (
  `category_id` int(11) NOT NULL AUTO_INCREMENT,
  `item_category_name` varchar(150) NOT NULL,
  `category_image` varchar(255) DEFAULT NULL,
  `item_category_code` varchar(50) NOT NULL,
  `category_photo` varchar(255) DEFAULT NULL,
  `created_at` timestamp NOT NULL DEFAULT current_timestamp(),
  `updated_at` timestamp NOT NULL DEFAULT current_timestamp() ON UPDATE current_timestamp(),
  PRIMARY KEY (`category_id`),
  UNIQUE KEY `item_category_code` (`item_category_code`),
  UNIQUE KEY `uniq_item_category_code` (`item_category_code`)
) ENGINE=InnoDB AUTO_INCREMENT=31 DEFAULT CHARSET=utf8mb4 COLLATE=utf8mb4_general_ci;
/*!40101 SET character_set_client = @saved_cs_client */;

--
-- Dumping data for table `csm_inventory_category`
--

LOCK TABLES `csm_inventory_category` WRITE;
/*!40000 ALTER TABLE `csm_inventory_category` DISABLE KEYS */;
INSERT INTO `csm_inventory_category` VALUES (1,'Office Supplies',NULL,'CSM0001','cat_20260203_093756_ffc46e7579da.jpg','2026-02-02 05:08:46','2026-02-27 03:05:47'),(2,'Ballpoint Pen',NULL,'CSM0002',NULL,'2026-02-02 06:00:58','2026-02-27 03:05:51'),(3,'Pencils',NULL,'CSM0003','cat_20260203_093014_150cd0d36aa6.jpg','2026-02-03 00:58:28','2026-02-27 03:05:55'),(4,'Ink Cartridge',NULL,'CSM0004',NULL,'2026-02-03 02:52:31','2026-02-27 03:05:59'),(6,'Clinic / First Aid Supplies',NULL,'CSM0006',NULL,'2026-05-11 00:48:48','2026-05-11 00:48:48'),(7,'Electrical / Maintenance Supplies',NULL,'CSM0007',NULL,'2026-05-11 00:48:48','2026-05-11 00:48:48'),(8,'Canteen / Pantry Supplies',NULL,'CSM0008',NULL,'2026-05-11 00:48:48','2026-05-11 00:48:48'),(9,'ICT / Computer Consumables',NULL,'CSM0009',NULL,'2026-05-11 00:48:48','2026-05-11 00:48:48'),(16,'test log 1',NULL,'CSM0010',NULL,'2026-05-11 00:48:48','2026-05-11 00:48:48'),(17,'test log 2',NULL,'CSM0011',NULL,'2026-05-11 00:48:48','2026-05-11 00:48:48'),(25,'test log',NULL,'CSM0005',NULL,'2026-03-19 07:09:32','2026-03-19 07:09:32'),(26,'test row 765',NULL,'CSM0022',NULL,'2026-03-22 13:46:23','2026-03-22 13:46:23'),(27,'card',NULL,'TYU',NULL,'2026-03-30 02:29:31','2026-03-30 02:29:31'),(28,'RevampedAddtest',NULL,'YUT',NULL,'2026-03-30 02:29:31','2026-03-30 02:29:31'),(29,'No Cat code',NULL,'TYU3',NULL,'2026-03-30 02:30:59','2026-03-30 02:30:59'),(30,'try',NULL,'CSM0023',NULL,'2026-04-16 03:28:03','2026-04-16 03:28:03');
/*!40000 ALTER TABLE `csm_inventory_category` ENABLE KEYS */;
UNLOCK TABLES;

--
-- Table structure for table `csm_inventory_category_images`
--

DROP TABLE IF EXISTS `csm_inventory_category_images`;
/*!40101 SET @saved_cs_client     = @@character_set_client */;
/*!40101 SET character_set_client = utf8 */;
CREATE TABLE `csm_inventory_category_images` (
  `image_id` int(11) NOT NULL AUTO_INCREMENT,
  `category_id` int(11) NOT NULL,
  `file_name` varchar(255) NOT NULL,
  `file_url` varchar(500) NOT NULL,
  `is_primary` tinyint(1) NOT NULL DEFAULT 0,
  `created_at` timestamp NOT NULL DEFAULT current_timestamp(),
  PRIMARY KEY (`image_id`),
  KEY `idx_category_id` (`category_id`)
) ENGINE=InnoDB AUTO_INCREMENT=25 DEFAULT CHARSET=utf8mb4 COLLATE=utf8mb4_general_ci;
/*!40101 SET character_set_client = @saved_cs_client */;

--
-- Dumping data for table `csm_inventory_category_images`
--

LOCK TABLES `csm_inventory_category_images` WRITE;
/*!40000 ALTER TABLE `csm_inventory_category_images` DISABLE KEYS */;
INSERT INTO `csm_inventory_category_images` VALUES (6,1,'cat_1_1772155137_0_IMG20260216151809.jpg','',1,'2026-02-27 01:18:57'),(7,1,'cat_1_1772156511_0_IMG20260219143716.jpg','upload/category/cat_1_1772156511_0_IMG20260219143716.jpg',0,'2026-02-27 01:41:51'),(8,1,'cat_1_1772156514_0_IMG20260219122939.jpg','upload/category/cat_1_1772156514_0_IMG20260219122939.jpg',0,'2026-02-27 01:41:54'),(11,25,'cat_25_20260319150932_1b6cb540dfea_652671908_973702628675826_8529131322222278439_n.jpg','upload/category/cat_25_20260319150932_1b6cb540dfea_652671908_973702628675826_8529131322222278439_n.jpg',1,'2026-03-19 07:09:32'),(13,1,'cat_1_1774502433_0_shopping__1_.webp','upload/category/cat_1_1774502433_0_shopping__1_.webp',0,'2026-03-26 05:20:33'),(14,1,'cat_1_1774502436_0_shopping.webp','upload/category/cat_1_1774502436_0_shopping.webp',0,'2026-03-26 05:20:36'),(17,1,'cat_1_1774502462_0_23-15-scaled.jpg','upload/category/cat_1_1774502462_0_23-15-scaled.jpg',0,'2026-03-26 05:21:02'),(18,1,'cat_1_1774502584_0_109198_r_1.webp','upload/category/cat_1_1774502584_0_109198_r_1.webp',0,'2026-03-26 05:23:04'),(19,1,'cat_1_1774502634_0_1.jpg','upload/category/cat_1_1774502634_0_1.jpg',0,'2026-03-26 05:23:54'),(20,1,'cat_1_1774502637_0_8591_3586.jpg','upload/category/cat_1_1774502637_0_8591_3586.jpg',0,'2026-03-26 05:23:57'),(21,1,'cat_1_1774502671_0_envelops.jpg','upload/category/cat_1_1774502671_0_envelops.jpg',0,'2026-03-26 05:24:31'),(22,1,'cat_1_1774502710_0_5405_5405.jpg','upload/category/cat_1_1774502710_0_5405_5405.jpg',0,'2026-03-26 05:25:10'),(23,1,'cat_1_1774502740_0_office_supplies-min-1024x684.jpg','upload/category/cat_1_1774502740_0_office_supplies-min-1024x684.jpg',1,'2026-03-26 05:25:40'),(24,17,'cat_17_1777960075_0_xiseven.png','upload/category/cat_17_1777960075_0_xiseven.png',1,'2026-05-05 05:47:55');
/*!40000 ALTER TABLE `csm_inventory_category_images` ENABLE KEYS */;
UNLOCK TABLES;

--
-- Table structure for table `employment_status`
--

DROP TABLE IF EXISTS `employment_status`;
/*!40101 SET @saved_cs_client     = @@character_set_client */;
/*!40101 SET character_set_client = utf8 */;
CREATE TABLE `employment_status` (
  `employment_status_id` int(11) NOT NULL AUTO_INCREMENT,
  `status_code` varchar(50) NOT NULL,
  `status_name` varchar(100) NOT NULL,
  `description` varchar(255) DEFAULT NULL,
  `created_at` timestamp NOT NULL DEFAULT current_timestamp(),
  `updated_at` timestamp NOT NULL DEFAULT current_timestamp() ON UPDATE current_timestamp(),
  PRIMARY KEY (`employment_status_id`),
  UNIQUE KEY `status_code` (`status_code`)
) ENGINE=InnoDB AUTO_INCREMENT=4 DEFAULT CHARSET=utf8mb4 COLLATE=utf8mb4_general_ci;
/*!40101 SET character_set_client = @saved_cs_client */;

--
-- Dumping data for table `employment_status`
--

LOCK TABLES `employment_status` WRITE;
/*!40000 ALTER TABLE `employment_status` DISABLE KEYS */;
INSERT INTO `employment_status` VALUES (1,'Permanent','Permanent','Permanent Employment','2026-01-30 06:24:37','2026-01-30 06:24:37'),(2,'COS','Contract of Service','COS - Contractual Position','2026-01-30 06:24:37','2026-01-30 06:24:37'),(3,'JO','Job Order','JO - Job Order Position','2026-01-30 06:24:37','2026-01-30 06:24:37');
/*!40000 ALTER TABLE `employment_status` ENABLE KEYS */;
UNLOCK TABLES;

--
-- Table structure for table `facility_records_assignment_extra_managers`
--

DROP TABLE IF EXISTS `facility_records_assignment_extra_managers`;
/*!40101 SET @saved_cs_client     = @@character_set_client */;
/*!40101 SET character_set_client = utf8 */;
CREATE TABLE `facility_records_assignment_extra_managers` (
  `id` int(11) NOT NULL AUTO_INCREMENT,
  `assignment_id` int(11) NOT NULL,
  `user_id` int(11) NOT NULL,
  `created_by` int(11) DEFAULT NULL,
  `updated_by` int(11) DEFAULT NULL,
  `created_at` timestamp NOT NULL DEFAULT current_timestamp(),
  `updated_at` timestamp NOT NULL DEFAULT current_timestamp() ON UPDATE current_timestamp(),
  PRIMARY KEY (`id`),
  UNIQUE KEY `uniq_assignment_user` (`assignment_id`,`user_id`),
  KEY `idx_assignment` (`assignment_id`),
  KEY `idx_user` (`user_id`)
) ENGINE=InnoDB AUTO_INCREMENT=2 DEFAULT CHARSET=utf8mb4 COLLATE=utf8mb4_general_ci;
/*!40101 SET character_set_client = @saved_cs_client */;

--
-- Dumping data for table `facility_records_assignment_extra_managers`
--

LOCK TABLES `facility_records_assignment_extra_managers` WRITE;
/*!40000 ALTER TABLE `facility_records_assignment_extra_managers` DISABLE KEYS */;
INSERT INTO `facility_records_assignment_extra_managers` VALUES (1,4,9,1,1,'2026-04-08 03:07:38','2026-04-08 03:07:38');
/*!40000 ALTER TABLE `facility_records_assignment_extra_managers` ENABLE KEYS */;
UNLOCK TABLES;

--
-- Table structure for table `facility_records_assignments`
--

DROP TABLE IF EXISTS `facility_records_assignments`;
/*!40101 SET @saved_cs_client     = @@character_set_client */;
/*!40101 SET character_set_client = utf8 */;
CREATE TABLE `facility_records_assignments` (
  `assignment_id` int(11) NOT NULL AUTO_INCREMENT,
  `facility_id` int(11) NOT NULL,
  `unit_id` int(11) NOT NULL,
  `module_type` enum('AST','CSM','PERSONAL') NOT NULL,
  `source_item_id` int(11) DEFAULT NULL,
  `requisition_id` int(11) DEFAULT NULL,
  `item_code` varchar(120) NOT NULL,
  `item_description` text DEFAULT NULL,
  `qty` decimal(12,2) NOT NULL DEFAULT 1.00,
  `unit` varchar(50) DEFAULT NULL,
  `issued_to_user_id` int(11) DEFAULT NULL,
  `accountable_user_id` int(11) DEFAULT NULL,
  `managed_by_user_id` int(11) DEFAULT NULL,
  `status` enum('ACTIVE','REPORTED','RETURN_REQUESTED','RETURNED','TRANSFERRED') NOT NULL DEFAULT 'ACTIVE',
  `issued_at` datetime NOT NULL DEFAULT current_timestamp(),
  `returned_at` datetime DEFAULT NULL,
  `remarks` text DEFAULT NULL,
  `created_by` int(11) DEFAULT NULL,
  `updated_by` int(11) DEFAULT NULL,
  `created_at` timestamp NOT NULL DEFAULT current_timestamp(),
  `updated_at` timestamp NOT NULL DEFAULT current_timestamp() ON UPDATE current_timestamp(),
  PRIMARY KEY (`assignment_id`),
  KEY `idx_assignment_unit` (`unit_id`),
  KEY `idx_assignment_status` (`status`),
  KEY `idx_assignment_module` (`module_type`)
) ENGINE=InnoDB AUTO_INCREMENT=15 DEFAULT CHARSET=utf8mb4 COLLATE=utf8mb4_general_ci;
/*!40101 SET character_set_client = @saved_cs_client */;

--
-- Dumping data for table `facility_records_assignments`
--

LOCK TABLES `facility_records_assignments` WRITE;
/*!40000 ALTER TABLE `facility_records_assignments` DISABLE KEYS */;
INSERT INTO `facility_records_assignments` VALUES (1,1,4,'AST',45,NULL,'AST-ASDFG2E-0001','Intel Core i5 Desktop Computer Quad-Core 8 Thread 16GB RAM 512GB SSD Full Set Pc Computer (Pc, Monitor, Mouse, Keyboard)',1.00,'set',3,3,1,'ACTIVE','2026-03-25 17:38:06',NULL,NULL,1,1,'2026-03-25 09:38:06','2026-03-25 09:38:06'),(2,1,4,'AST',2,NULL,'AST-12345-0002','Nvision N2455PRO-B 100Hz IPS Panel 23.8\" Monitor Black',1.00,'Pcs',10,10,1,'ACTIVE','2026-04-07 16:12:03',NULL,NULL,1,1,'2026-04-07 08:12:03','2026-04-07 08:12:03'),(3,1,4,'AST',1,NULL,'AST-12345-0001','Nvision N2455PRO-B 100Hz IPS Panel 23.8\" Monitor Black',1.00,'Pcs',10,10,1,'ACTIVE','2026-04-07 16:12:03',NULL,NULL,1,1,'2026-04-07 08:12:03','2026-04-07 08:12:03'),(4,7,1,'AST',3,NULL,'AST-12345-0003','Nvision N2455PRO-B 100Hz IPS Panel 23.8\" Monitor Black',1.00,'Pcs',11,11,3,'ACTIVE','2026-04-08 11:07:38',NULL,NULL,1,1,'2026-04-08 03:07:38','2026-04-08 03:07:38'),(5,10,0,'AST',184,4,'AST-4322FC-0005','4 Drawer Steel Lateral Filing Cabinet beige',1.00,'Pcs',3,3,NULL,'ACTIVE','2026-04-14 11:13:06',NULL,NULL,1,1,'2026-04-14 03:13:06','2026-04-14 03:13:06'),(6,10,0,'AST',186,5,'AST-SRTEST-0002','srtest',1.00,'Pcs',3,3,NULL,'ACTIVE','2026-04-14 11:23:22',NULL,'i love you',1,1,'2026-04-14 03:23:22','2026-04-14 03:23:22'),(7,10,0,'AST',185,6,'AST-SRTEST-0001','srtest',1.00,'Pcs',3,3,NULL,'ACTIVE','2026-04-14 14:47:09',NULL,NULL,1,1,'2026-04-14 06:47:09','2026-04-14 06:47:09'),(8,10,0,'AST',182,10,'AST-F-ASDF-0001','asdf',1.00,'Pcs',3,3,NULL,'ACTIVE','2026-04-16 16:15:58',NULL,NULL,1,1,'2026-04-16 08:15:58','2026-04-16 08:15:58'),(9,1,4,'AST',123,NULL,'AST-1234651-0043','Uratex Monoblock 101 Classic Chair',1.00,'Pcs',3,3,1,'ACTIVE','2026-04-20 16:31:01',NULL,NULL,15,15,'2026-04-20 08:31:01','2026-04-20 08:31:01'),(10,1,4,'AST',124,NULL,'AST-1234651-0044','Uratex Monoblock 101 Classic Chair',1.00,'Pcs',3,3,1,'ACTIVE','2026-04-20 16:31:02',NULL,NULL,15,15,'2026-04-20 08:31:02','2026-04-20 08:31:02'),(11,1,4,'AST',125,NULL,'AST-1234651-0045','Uratex Monoblock 101 Classic Chair',1.00,'Pcs',3,3,1,'ACTIVE','2026-04-20 16:31:02',NULL,NULL,15,15,'2026-04-20 08:31:02','2026-04-20 08:31:02'),(12,1,4,'AST',126,NULL,'AST-1234651-0046','Uratex Monoblock 101 Classic Chair',1.00,'Pcs',3,3,1,'ACTIVE','2026-04-20 16:31:02',NULL,NULL,15,15,'2026-04-20 08:31:02','2026-04-20 08:31:02'),(13,1,4,'AST',127,NULL,'AST-1234651-0047','Uratex Monoblock 101 Classic Chair',1.00,'Pcs',3,3,1,'ACTIVE','2026-04-20 16:31:02',NULL,NULL,15,15,'2026-04-20 08:31:02','2026-04-20 08:31:02'),(14,1,4,'AST',128,NULL,'AST-1234651-0048','Uratex Monoblock 101 Classic Chair',1.00,'Pcs',3,3,1,'ACTIVE','2026-04-20 16:31:02',NULL,NULL,15,15,'2026-04-20 08:31:02','2026-04-20 08:31:02');
/*!40000 ALTER TABLE `facility_records_assignments` ENABLE KEYS */;
UNLOCK TABLES;

--
-- Table structure for table `facility_records_facilities`
--

DROP TABLE IF EXISTS `facility_records_facilities`;
/*!40101 SET @saved_cs_client     = @@character_set_client */;
/*!40101 SET character_set_client = utf8 */;
CREATE TABLE `facility_records_facilities` (
  `facility_id` int(11) NOT NULL AUTO_INCREMENT,
  `facility_code` varchar(50) NOT NULL,
  `facility_name` varchar(150) NOT NULL,
  `facility_floor` longtext NOT NULL DEFAULT '{}',
  `status` tinyint(1) NOT NULL DEFAULT 1,
  `created_by` int(11) DEFAULT NULL,
  `updated_by` int(11) DEFAULT NULL,
  `created_at` timestamp NOT NULL DEFAULT current_timestamp(),
  `updated_at` timestamp NOT NULL DEFAULT current_timestamp() ON UPDATE current_timestamp(),
  PRIMARY KEY (`facility_id`),
  UNIQUE KEY `uk_facility_code` (`facility_code`)
) ENGINE=InnoDB AUTO_INCREMENT=11 DEFAULT CHARSET=utf8mb4 COLLATE=utf8mb4_general_ci;
/*!40101 SET character_set_client = @saved_cs_client */;

--
-- Dumping data for table `facility_records_facilities`
--

LOCK TABLES `facility_records_facilities` WRITE;
/*!40000 ALTER TABLE `facility_records_facilities` DISABLE KEYS */;
INSERT INTO `facility_records_facilities` VALUES (1,'AB','Admin Building','{\"floors\":[\"Left wing\",\"RIght wing\",\"Main\"]}',1,1,1,'2026-03-09 01:37:08','2026-03-25 08:55:15'),(7,'JMC','Joaquin Chipeco BLDG.','{\"floors\":[\"JMC 1\",\"JMC 2\",\"JMC 3\"]}',1,1,1,'2026-03-23 20:33:40','2026-03-23 20:33:40'),(8,'R','Rizal Building','{\"floors\":[\"Main\"]}',1,1,1,'2026-03-25 08:51:36','2026-03-26 00:25:06'),(9,'STOCKROOM','Stockroom','{\"floors\":[]}',1,1,1,'2026-04-07 01:40:44','2026-04-07 01:40:44'),(10,'PERSONAL','For Personal use','{\"floors\":[]}',1,3,3,'2026-04-14 02:33:12','2026-04-14 02:33:12');
/*!40000 ALTER TABLE `facility_records_facilities` ENABLE KEYS */;
UNLOCK TABLES;

--
-- Table structure for table `facility_records_history`
--

DROP TABLE IF EXISTS `facility_records_history`;
/*!40101 SET @saved_cs_client     = @@character_set_client */;
/*!40101 SET character_set_client = utf8 */;
CREATE TABLE `facility_records_history` (
  `history_id` int(11) NOT NULL AUTO_INCREMENT,
  `assignment_id` int(11) NOT NULL,
  `action` varchar(60) NOT NULL,
  `old_status` varchar(50) DEFAULT NULL,
  `new_status` varchar(50) DEFAULT NULL,
  `remarks` text DEFAULT NULL,
  `actor_user_id` int(11) DEFAULT NULL,
  `created_at` timestamp NOT NULL DEFAULT current_timestamp(),
  PRIMARY KEY (`history_id`),
  KEY `idx_history_assignment` (`assignment_id`)
) ENGINE=InnoDB AUTO_INCREMENT=15 DEFAULT CHARSET=utf8mb4 COLLATE=utf8mb4_general_ci;
/*!40101 SET character_set_client = @saved_cs_client */;

--
-- Dumping data for table `facility_records_history`
--

LOCK TABLES `facility_records_history` WRITE;
/*!40000 ALTER TABLE `facility_records_history` DISABLE KEYS */;
INSERT INTO `facility_records_history` VALUES (1,1,'ASSIGNED',NULL,'ACTIVE',NULL,1,'2026-03-25 09:38:06'),(2,2,'ASSIGNED',NULL,'ACTIVE',NULL,1,'2026-04-07 08:12:03'),(3,3,'ASSIGNED',NULL,'ACTIVE',NULL,1,'2026-04-07 08:12:03'),(4,4,'ASSIGNED',NULL,'ACTIVE',NULL,1,'2026-04-08 03:07:38'),(5,5,'CLAIMED_FROM_REQUISITION',NULL,'ACTIVE',NULL,1,'2026-04-14 03:13:06'),(6,6,'CLAIMED_FROM_REQUISITION',NULL,'ACTIVE','i love you',1,'2026-04-14 03:23:22'),(7,7,'CLAIMED_FROM_REQUISITION',NULL,'ACTIVE',NULL,1,'2026-04-14 06:47:09'),(8,8,'CLAIMED_FROM_REQUISITION',NULL,'ACTIVE',NULL,1,'2026-04-16 08:15:58'),(9,9,'ASSIGNED',NULL,'ACTIVE',NULL,15,'2026-04-20 08:31:01'),(10,10,'ASSIGNED',NULL,'ACTIVE',NULL,15,'2026-04-20 08:31:02'),(11,11,'ASSIGNED',NULL,'ACTIVE',NULL,15,'2026-04-20 08:31:02'),(12,12,'ASSIGNED',NULL,'ACTIVE',NULL,15,'2026-04-20 08:31:02'),(13,13,'ASSIGNED',NULL,'ACTIVE',NULL,15,'2026-04-20 08:31:02'),(14,14,'ASSIGNED',NULL,'ACTIVE',NULL,15,'2026-04-20 08:31:02');
/*!40000 ALTER TABLE `facility_records_history` ENABLE KEYS */;
UNLOCK TABLES;

--
-- Table structure for table `facility_records_unit_managers`
--

DROP TABLE IF EXISTS `facility_records_unit_managers`;
/*!40101 SET @saved_cs_client     = @@character_set_client */;
/*!40101 SET character_set_client = utf8 */;
CREATE TABLE `facility_records_unit_managers` (
  `id` int(11) NOT NULL AUTO_INCREMENT,
  `unit_id` int(11) NOT NULL,
  `user_id` int(11) NOT NULL,
  `created_at` timestamp NOT NULL DEFAULT current_timestamp(),
  PRIMARY KEY (`id`),
  UNIQUE KEY `uniq_unit_user` (`unit_id`,`user_id`),
  KEY `idx_unit` (`unit_id`),
  KEY `idx_user` (`user_id`)
) ENGINE=InnoDB AUTO_INCREMENT=22 DEFAULT CHARSET=utf8mb4 COLLATE=utf8mb4_general_ci;
/*!40101 SET character_set_client = @saved_cs_client */;

--
-- Dumping data for table `facility_records_unit_managers`
--

LOCK TABLES `facility_records_unit_managers` WRITE;
/*!40000 ALTER TABLE `facility_records_unit_managers` DISABLE KEYS */;
INSERT INTO `facility_records_unit_managers` VALUES (9,4,1,'2026-03-26 00:00:25'),(10,4,3,'2026-03-26 00:00:25'),(11,1,11,'2026-03-26 00:00:46'),(12,1,3,'2026-03-26 00:00:46'),(13,3,7,'2026-03-26 00:25:18'),(14,3,3,'2026-03-26 00:25:18'),(19,2,5,'2026-04-10 03:26:36'),(20,2,3,'2026-04-10 03:26:36'),(21,5,10,'2026-04-10 03:26:49');
/*!40000 ALTER TABLE `facility_records_unit_managers` ENABLE KEYS */;
UNLOCK TABLES;

--
-- Table structure for table `facility_records_units`
--

DROP TABLE IF EXISTS `facility_records_units`;
/*!40101 SET @saved_cs_client     = @@character_set_client */;
/*!40101 SET character_set_client = utf8 */;
CREATE TABLE `facility_records_units` (
  `unit_id` int(11) NOT NULL AUTO_INCREMENT,
  `facility_id` int(11) NOT NULL,
  `unit_type` enum('ROOM','OFFICE','LABORATORY') NOT NULL DEFAULT 'ROOM',
  `unit_code` varchar(50) NOT NULL,
  `unit_name` varchar(150) NOT NULL,
  `floor_label` varchar(100) DEFAULT NULL,
  `facility_unit_manager_user_id` int(11) DEFAULT NULL,
  `status` tinyint(1) NOT NULL DEFAULT 1,
  `created_by` int(11) DEFAULT NULL,
  `updated_by` int(11) DEFAULT NULL,
  `created_at` timestamp NOT NULL DEFAULT current_timestamp(),
  `updated_at` timestamp NOT NULL DEFAULT current_timestamp() ON UPDATE current_timestamp(),
  PRIMARY KEY (`unit_id`),
  UNIQUE KEY `uk_facility_unit_code` (`facility_id`,`unit_code`),
  KEY `idx_unit_facility` (`facility_id`)
) ENGINE=InnoDB AUTO_INCREMENT=7 DEFAULT CHARSET=utf8mb4 COLLATE=utf8mb4_general_ci;
/*!40101 SET character_set_client = @saved_cs_client */;

--
-- Dumping data for table `facility_records_units`
--

LOCK TABLES `facility_records_units` WRITE;
/*!40000 ALTER TABLE `facility_records_units` DISABLE KEYS */;
INSERT INTO `facility_records_units` VALUES (1,7,'ROOM','LIRC','Library','JMC 2',11,1,1,1,'2026-03-25 08:49:46','2026-03-26 00:00:46'),(2,7,'OFFICE','REG','Registrar','JMC 1',5,1,1,1,'2026-03-25 08:50:46','2026-04-10 03:14:26'),(3,8,'OFFICE','FC DCI','Faculty DCI','Main',7,1,1,1,'2026-03-25 08:52:23','2026-03-26 00:25:17'),(4,1,'OFFICE','MISD','Management Information System Department','Left wing',1,1,1,1,'2026-03-25 08:56:51','2026-03-26 00:00:24'),(5,7,'ROOM','TEST','test','JMC 3',10,1,1,1,'2026-04-10 03:15:07','2026-04-10 03:26:49'),(6,10,'','PERSONAL_USE','For Personal use',NULL,NULL,1,3,3,'2026-04-14 02:33:13','2026-04-14 02:33:13');
/*!40000 ALTER TABLE `facility_records_units` ENABLE KEYS */;
UNLOCK TABLES;

--
-- Table structure for table `requisition_items`
--

DROP TABLE IF EXISTS `requisition_items`;
/*!40101 SET @saved_cs_client     = @@character_set_client */;
/*!40101 SET character_set_client = utf8 */;
CREATE TABLE `requisition_items` (
  `requisition_id` int(11) NOT NULL AUTO_INCREMENT,
  `module_type` enum('AST','CSM') NOT NULL,
  `item_code` varchar(100) NOT NULL,
  `item_description` text DEFAULT NULL,
  `qty_requested` int(11) NOT NULL DEFAULT 1,
  `requester_user_id` int(11) NOT NULL,
  `status` enum('pending','reviewed','approved','disapproved','claimed','not_claimed') NOT NULL DEFAULT 'pending',
  `reason` text DEFAULT NULL,
  `approved_by_user_id` int(11) DEFAULT NULL,
  `approved_at` datetime DEFAULT NULL,
  `claimed_by_user_id` int(11) DEFAULT NULL,
  `claimed_at` datetime DEFAULT NULL,
  `claim_assignment_id` int(11) DEFAULT NULL,
  `claim_facility_id` int(11) DEFAULT NULL,
  `claim_unit_id` int(11) DEFAULT NULL,
  `created_at` timestamp NOT NULL DEFAULT current_timestamp(),
  `updated_at` timestamp NOT NULL DEFAULT current_timestamp() ON UPDATE current_timestamp(),
  PRIMARY KEY (`requisition_id`),
  KEY `idx_requisition_module_status` (`module_type`,`status`),
  KEY `idx_requisition_requester` (`requester_user_id`)
) ENGINE=InnoDB AUTO_INCREMENT=24 DEFAULT CHARSET=utf8mb4 COLLATE=utf8mb4_general_ci;
/*!40101 SET character_set_client = @saved_cs_client */;

--
-- Dumping data for table `requisition_items`
--

LOCK TABLES `requisition_items` WRITE;
/*!40000 ALTER TABLE `requisition_items` DISABLE KEYS */;
INSERT INTO `requisition_items` VALUES (1,'AST','AST-SRTEST-0002','srtest',1,3,'not_claimed',NULL,1,'2026-04-08 16:30:34',NULL,NULL,NULL,1,4,'2026-04-08 08:17:58','2026-04-20 08:55:19'),(2,'AST','AST-SRTEST-0002','srtest',1,3,'disapproved','ayoko e bakit ba',NULL,NULL,NULL,NULL,NULL,1,4,'2026-04-08 08:17:58','2026-04-08 08:20:48'),(3,'AST','AST-SRTEST-0001','srtest',1,3,'not_claimed',NULL,1,'2026-04-14 10:35:18',NULL,NULL,NULL,10,6,'2026-04-14 02:34:51','2026-04-20 08:55:19'),(4,'AST','AST-4322FC-0005','4 Drawer Steel Lateral Filing Cabinet beige',1,3,'not_claimed',NULL,1,'2026-04-14 11:10:39',1,'2026-04-14 11:13:06',5,10,0,'2026-04-14 03:10:29','2026-04-20 08:55:19'),(5,'AST','AST-SRTEST-0002','srtest',1,3,'not_claimed',NULL,1,'2026-04-14 11:22:50',1,'2026-04-14 11:23:23',6,10,0,'2026-04-14 03:21:29','2026-04-20 08:55:19'),(6,'AST','AST-SRTEST-0001','srtest',1,3,'not_claimed',NULL,1,'2026-04-14 14:47:04',1,'2026-04-14 14:47:09',7,10,0,'2026-04-14 06:46:37','2026-04-20 08:55:19'),(7,'AST','AST-F-ASDF-0001','asdf',1,3,'disapproved','ayaw ko',NULL,NULL,NULL,NULL,NULL,10,0,'2026-04-14 07:07:17','2026-04-14 07:31:32'),(8,'AST','AST-1234651-0050','Uratex Monoblock 101 Classic Chair',1,3,'disapproved','ayaw ko',NULL,NULL,NULL,NULL,NULL,1,4,'2026-04-14 07:30:59','2026-04-14 07:31:42'),(9,'AST','AST-F-ASDF-0001','asdf',1,3,'disapproved','ayoko',NULL,NULL,NULL,NULL,NULL,10,0,'2026-04-16 08:10:25','2026-04-16 08:11:17'),(10,'AST','AST-F-ASDF-0001','asdf',1,3,'not_claimed',NULL,1,'2026-04-16 16:12:02',1,'2026-04-16 16:15:58',8,10,0,'2026-04-16 08:11:56','2026-04-20 08:55:19'),(11,'AST','AST-1234651-0050','Uratex Monoblock 101 Classic Chair',1,3,'not_claimed',NULL,1,'2026-04-16 16:18:52',NULL,NULL,NULL,10,0,'2026-04-16 08:18:46','2026-04-20 08:55:19'),(12,'AST','AST-1234651-0049','Uratex Monoblock 101 Classic Chair',1,3,'disapproved','Not approved during grouped approval.',NULL,NULL,NULL,NULL,NULL,1,4,'2026-04-20 03:32:26','2026-04-20 06:04:30'),(13,'AST','AST-1234651-0048','Uratex Monoblock 101 Classic Chair',1,3,'not_claimed',NULL,1,'2026-04-20 14:04:29',15,'2026-04-20 16:31:02',14,1,4,'2026-04-20 03:32:26','2026-04-20 08:55:19'),(14,'AST','AST-1234651-0047','Uratex Monoblock 101 Classic Chair',1,3,'not_claimed',NULL,1,'2026-04-20 14:04:29',15,'2026-04-20 16:31:02',13,1,4,'2026-04-20 03:32:26','2026-04-20 08:55:19'),(15,'AST','AST-1234651-0046','Uratex Monoblock 101 Classic Chair',1,3,'not_claimed',NULL,1,'2026-04-20 14:04:29',15,'2026-04-20 16:31:02',12,1,4,'2026-04-20 03:32:26','2026-04-20 08:55:19'),(16,'AST','AST-1234651-0045','Uratex Monoblock 101 Classic Chair',1,3,'not_claimed',NULL,1,'2026-04-20 14:04:29',15,'2026-04-20 16:31:02',11,1,4,'2026-04-20 03:32:26','2026-04-20 08:55:19'),(17,'AST','AST-1234651-0044','Uratex Monoblock 101 Classic Chair',1,3,'not_claimed',NULL,1,'2026-04-20 14:04:30',15,'2026-04-20 16:31:02',10,1,4,'2026-04-20 03:32:26','2026-04-20 08:55:19'),(18,'AST','AST-1234651-0043','Uratex Monoblock 101 Classic Chair',1,3,'not_claimed',NULL,1,'2026-04-20 14:04:30',15,'2026-04-20 16:31:01',9,1,4,'2026-04-20 03:32:26','2026-04-20 08:55:19'),(19,'AST','AST-ASDFG2E-0030','Intel Core i5 Desktop Computer Quad-Core 8 Thread 16GB RAM 512GB SSD Full Set Pc Computer (Pc, Monitor, Mouse, Keyboard)',1,3,'not_claimed',NULL,1,'2026-04-20 16:33:10',NULL,NULL,NULL,10,0,'2026-04-20 08:32:47','2026-04-20 08:55:19'),(20,'AST','AST-4322FC-0003','4 Drawer Steel Lateral Filing Cabinet beige',1,3,'not_claimed',NULL,1,'2026-04-20 16:42:37',NULL,NULL,NULL,10,0,'2026-04-20 08:42:30','2026-04-20 08:55:19'),(21,'AST','AST-1234651-0050','Uratex Monoblock 101 Classic Chair',1,3,'approved',NULL,1,'2026-05-04 10:52:37',NULL,NULL,NULL,10,0,'2026-05-04 02:51:47','2026-05-04 02:52:37'),(22,'AST','AST-1234651-0049','Uratex Monoblock 101 Classic Chair',1,3,'approved',NULL,1,'2026-05-04 10:52:38',NULL,NULL,NULL,10,0,'2026-05-04 02:51:47','2026-05-04 02:52:38'),(23,'AST','AST-1234651-0042','Uratex Monoblock 101 Classic Chair',1,3,'pending',NULL,NULL,NULL,NULL,NULL,NULL,10,0,'2026-05-04 09:37:45','2026-05-04 09:37:45');
/*!40000 ALTER TABLE `requisition_items` ENABLE KEYS */;
UNLOCK TABLES;

--
-- Table structure for table `user_access`
--

DROP TABLE IF EXISTS `user_access`;
/*!40101 SET @saved_cs_client     = @@character_set_client */;
/*!40101 SET character_set_client = utf8 */;
CREATE TABLE `user_access` (
  `user_access_id` int(11) NOT NULL AUTO_INCREMENT,
  `user_id` int(11) NOT NULL,
  `access_code` varchar(50) NOT NULL,
  `is_active` tinyint(1) NOT NULL DEFAULT 1,
  `created_at` timestamp NOT NULL DEFAULT current_timestamp(),
  `updated_at` timestamp NOT NULL DEFAULT current_timestamp() ON UPDATE current_timestamp(),
  PRIMARY KEY (`user_access_id`),
  UNIQUE KEY `user_access_unique` (`user_id`,`access_code`),
  KEY `user_access_user_id` (`user_id`),
  CONSTRAINT `user_access_fk_user` FOREIGN KEY (`user_id`) REFERENCES `users` (`user_id`) ON DELETE CASCADE
) ENGINE=InnoDB AUTO_INCREMENT=21 DEFAULT CHARSET=utf8mb4 COLLATE=utf8mb4_general_ci;
/*!40101 SET character_set_client = @saved_cs_client */;

--
-- Dumping data for table `user_access`
--

LOCK TABLES `user_access` WRITE;
/*!40000 ALTER TABLE `user_access` DISABLE KEYS */;
INSERT INTO `user_access` VALUES (2,3,'AST',1,'2026-02-09 08:02:48','2026-02-09 08:02:48'),(7,4,'CSM',1,'2026-02-23 01:12:55','2026-02-23 01:12:55'),(17,2,'PO',1,'2026-04-20 03:00:47','2026-04-20 03:00:47'),(18,15,'AST',1,'2026-04-20 03:06:51','2026-04-20 03:06:51'),(20,14,'CSM',1,'2026-05-05 08:20:12','2026-05-05 08:20:12');
/*!40000 ALTER TABLE `user_access` ENABLE KEYS */;
UNLOCK TABLES;

--
-- Table structure for table `user_log`
--

DROP TABLE IF EXISTS `user_log`;
/*!40101 SET @saved_cs_client     = @@character_set_client */;
/*!40101 SET character_set_client = utf8 */;
CREATE TABLE `user_log` (
  `user_log_id` int(11) NOT NULL AUTO_INCREMENT,
  `login_date` datetime NOT NULL,
  `logout_date` datetime NOT NULL,
  `action` varchar(20) NOT NULL,
  `user_id` text NOT NULL,
  `session_id` text NOT NULL,
  `ip_address` varchar(20) NOT NULL,
  `device` varchar(255) NOT NULL,
  `system_id` int(11) NOT NULL DEFAULT 0,
  `token_id` longtext CHARACTER SET utf8mb4 COLLATE utf8mb4_bin DEFAULT '[]' CHECK (json_valid(`token_id`)),
  `login_flag` int(11) NOT NULL DEFAULT 0,
  `user_level` int(11) NOT NULL DEFAULT 0,
  PRIMARY KEY (`user_log_id`)
) ENGINE=InnoDB AUTO_INCREMENT=108 DEFAULT CHARSET=latin1 COLLATE=latin1_swedish_ci;
/*!40101 SET character_set_client = @saved_cs_client */;

--
-- Dumping data for table `user_log`
--

LOCK TABLES `user_log` WRITE;
/*!40000 ALTER TABLE `user_log` DISABLE KEYS */;
INSERT INTO `user_log` VALUES (1,'2025-09-08 12:43:20','0000-00-00 00:00:00','LOGIN','1','[[\"2025-09-08 12:43:20\", \"LOGIN\", \"::1\"], [\"2025-09-08 13:02:22\", \"LOGIN\", \"::1\"]]','::1','{\"device\":\"Chrome\",\"version\":\"139.0.0.0\",\"layout\":\"Blink\",\"os\":{\"architecture\":64,\"family\":\"Windows\",\"version\":\"10\"},\"description\":\"Chrome 139.0.0.0 on Windows 10 64-bit\"}',0,'[\"b1823a1ba1c6a33da356437e44036ff816ffdda681481153c23afebeabae3478\", \"1f48e1aa5310c52ec704243ffee61685edcbbe4ddc1b6999fcad60ed6191ca2f\"]',1,1),(2,'2025-10-08 08:06:47','0000-00-00 00:00:00','LOGIN','1','[[\"2025-10-08 08:06:47\", \"LOGIN\", \"::1\"], [\"2025-10-08 10:02:38\", \"LOGIN\", \"::1\"]]','::1','{\"device\":\"Microsoft Edge\",\"version\":\"141.0.0.0\",\"layout\":\"Blink\",\"os\":{\"architecture\":64,\"family\":\"Windows\",\"version\":\"10\"},\"description\":\"Microsoft Edge 141.0.0.0 on Windows 10 64-bit\"}',0,'[\"b46f4635d8c14aa347a67499b0caaba4a05c18e8cf4f3bdc06c9afdfdf4d0519\", \"aad429b843a06ec47cfd45fa3945f79db9b5f2e6c74b0bdc854e41d4d4a5132a\"]',1,1),(3,'2026-01-21 12:27:26','0000-00-00 00:00:00','LOGIN','2','[[\"2026-01-21 12:27:26\", \"LOGIN\", \"::1\"], [\"2026-01-21 12:27:31\", \"LOGIN\", \"::1\"], [\"2026-01-21 12:28:02\", \"LOGIN\", \"::1\"], [\"2026-01-21 12:58:33\", \"LOGIN\", \"::1\"], [\"2026-01-21 13:02:35\", \"LOGIN\", \"::1\"], [\"2026-01-21 13:38:28\", \"LOGIN\", \"::1\"], [\"2026-01-21 14:01:26\", \"LOGIN\", \"::1\"]]','::1','{\"device\":\"Microsoft Edge\",\"version\":\"144.0.0.0\",\"layout\":\"Blink\",\"os\":{\"architecture\":64,\"family\":\"Windows\",\"version\":\"10\"},\"description\":\"Microsoft Edge 144.0.0.0 on Windows 10 64-bit\"}',0,'[\"b0e458e8cc33efbf5976d6ebf66261b924b1d8450e5c3e82fce030b8e84de7fc\", \"a38e6378ea47252a68680f8e7d1164a01fee25408df2a692c87179c1f1967b3f\", \"4281c59c17500367336ae40f7d65784bb970dd4b00aa31fd784a72ddcb61751b\", \"b505e05b11abbde8dbaf646fd670fe59029adc635d60d248e545a203091f636d\", \"90cd88b5747c347d277bbf8acd8a725cfcf5e0095db271875ef37d9795af4cc6\", \"7c98e22fb9cb1cd7e65185455e8e80635ce24a9aa8d5039113acae479f382ca4\", \"8bfab2c5f850368d9d3b02a8f4f3c215841c7b55789cf579e45f80b6353f5be1\"]',1,2),(4,'2026-01-21 12:35:06','0000-00-00 00:00:00','LOGIN','1','[[\"2026-01-21 12:35:06\", \"LOGIN\", \"::1\"], [\"2026-01-21 13:01:03\", \"LOGIN\", \"::1\"], [\"2026-01-21 13:01:15\", \"LOGIN\", \"::1\"]]','::1','{\"device\":\"Microsoft Edge\",\"version\":\"144.0.0.0\",\"layout\":\"Blink\",\"os\":{\"architecture\":64,\"family\":\"Windows\",\"version\":\"10\"},\"description\":\"Microsoft Edge 144.0.0.0 on Windows 10 64-bit\"}',0,'[\"adef991adc655d3124c02bb7d509a6d7f9211bda8f64a73a7165014320e0cee4\", \"72589bc4a90a4b9d7433ede876884ed7efce42205d94d73343d5892f0f172715\", \"54ff9ad398265a634adbe0565ec6ec0ded91cc88bc98ba274e10adeeaf5a3a30\"]',1,2),(5,'2026-01-22 06:52:39','0000-00-00 00:00:00','LOGIN','2','[[\"2026-01-22 06:52:39\", \"LOGIN\", \"::1\"], [\"2026-01-22 09:14:15\", \"LOGIN\", \"::1\"], [\"2026-01-22 09:22:33\", \"LOGIN\", \"::1\"], [\"2026-01-22 09:22:47\", \"LOGIN\", \"::1\"], [\"2026-01-22 12:23:36\", \"LOGIN\", \"::1\"]]','::1','{\"device\":\"Microsoft Edge\",\"version\":\"144.0.0.0\",\"layout\":\"Blink\",\"os\":{\"architecture\":64,\"family\":\"Windows\",\"version\":\"10\"},\"description\":\"Microsoft Edge 144.0.0.0 on Windows 10 64-bit\"}',0,'[\"e2c633e2f257e8ae1866cd0d225fa6046da7386cf24a2851decd9fad91194ca8\", \"286b5d7c3526f68f3813f2ce184ad917b05f8f9e9e0f477f3c7525cee94fb9e1\", \"b013eb1e94055c1880e10190d228df78336103030cfcaf252538db94a8db464a\", \"d327de52004da4b6397785f36a8885a9f1d3cb5f70f666658083fca27087ffea\", \"ccac4f09538565bafb04407e7fe79bc56bebcf0dc060d59fc7a80a5fd174a365\"]',1,2),(6,'2026-01-22 12:28:07','0000-00-00 00:00:00','LOGIN','1','[[\"2026-01-22 12:28:07\", \"LOGIN\", \"::1\"], [\"2026-01-22 12:28:15\", \"LOGIN\", \"::1\"], [\"2026-01-22 12:28:42\", \"LOGIN\", \"::1\"], [\"2026-01-22 12:30:39\", \"LOGIN\", \"::1\"], [\"2026-01-22 12:33:35\", \"LOGIN\", \"::1\"], [\"2026-01-22 12:33:43\", \"LOGIN\", \"::1\"], [\"2026-01-22 12:38:10\", \"LOGIN\", \"::1\"], [\"2026-01-22 13:04:21\", \"LOGIN\", \"::1\"], [\"2026-01-22 13:05:31\", \"LOGIN\", \"::1\"], [\"2026-01-22 13:05:37\", \"LOGIN\", \"::1\"], [\"2026-01-22 13:07:27\", \"LOGIN\", \"::1\"], [\"2026-01-22 13:31:32\", \"LOGIN\", \"::1\"]]','::1','{\"device\":\"Microsoft Edge\",\"version\":\"144.0.0.0\",\"layout\":\"Blink\",\"os\":{\"architecture\":64,\"family\":\"Windows\",\"version\":\"10\"},\"description\":\"Microsoft Edge 144.0.0.0 on Windows 10 64-bit\"}',0,'[\"a49ac887999edc448d96e247302cc76b68daa7d1690456d45561c10fe9b9866a\", \"75221caacafbeff76fd31e986fa8dcc4a3a9c4bfc9c98fa41b9fe7ebab4b003b\", \"9a1d5fe461e77c755a9a4e54e661cf314b1abf235c4330c78882886be5eb75c7\", \"53812ad9be565f3419e4fb55bfe2d05db86586224de932da0f00fb61035f426f\", \"75c9e041ca94d94a4f3cd74ba213040d2e935bf0d2e35c61cd7ad702c75a251d\", \"0a15498a4cdd3be2d45c35e937c1f9e865b601d2593e8aaf397dc19247c4e3c7\", \"5a95b9b2a0605ea77c7f3d7fecf03778af6723d14eeac5ce6e58d90f27487b13\", \"1bd843d22111913733a4faeedec1ace9b8ff9cebdd7992f099d8de6c5cbfe835\", \"13df54c68508f639ddd64075cc03322ca577ab33a5812a7402149bb7e6247228\", \"4a51f048dbfbc52ebfaa268681841e85a049f54b378551c5f9a4d6ba9a37ef39\", \"5f59678f874c287c5c08e3a9c7d77a43331c8f110a8aa488cd3bcb056ecb4f01\", \"d26d7f398a1f8114c6c84997140277d80972ca5788c038ddc4d240e5122b9512\"]',1,2),(7,'2026-01-23 06:52:53','0000-00-00 00:00:00','LOGIN','1','[[\"2026-01-23 06:52:53\", \"LOGIN\", \"::1\"], [\"2026-01-23 06:55:52\", \"LOGIN\", \"::1\"], [\"2026-01-23 07:02:04\", \"LOGIN\", \"::1\"], [\"2026-01-23 07:24:50\", \"LOGIN\", \"::1\"], [\"2026-01-23 07:25:08\", \"LOGIN\", \"::1\"], [\"2026-01-23 07:25:41\", \"LOGIN\", \"::1\"], [\"2026-01-23 07:28:51\", \"LOGIN\", \"::1\"], [\"2026-01-23 08:33:59\", \"LOGIN\", \"::1\"], [\"2026-01-23 09:52:01\", \"LOGIN\", \"::1\"], [\"2026-01-23 15:22:03\", \"LOGIN\", \"::1\"], [\"2026-01-23 15:24:05\", \"LOGIN\", \"::1\"]]','::1','{\"device\":\"Microsoft Edge\",\"version\":\"144.0.0.0\",\"layout\":\"Blink\",\"os\":{\"architecture\":64,\"family\":\"Windows\",\"version\":\"10\"},\"description\":\"Microsoft Edge 144.0.0.0 on Windows 10 64-bit\"}',0,'[\"5c7959642bfb8f466ec88206450faa40526a49d0fbc4720a31017799e2528c9c\", \"a5453e022d93af723b93cb2aa9b664af113f1e7d7efe0580422cca9c310a7e25\", \"a299f31f53b9f83493ba528b3a1bf0a9d685357f6daede9c68c6a7fe12697065\", \"faca82000c53f5d5fb549efdbcd7ba63f9ff9daa4698dc5ef194568b9490e7cb\", \"0882080f33af9aa230f7a5cc645e8b926c7c578fe8ba1a0d72ee69bdccf74f72\", \"73c546f7b354fcff7c8e3c1c42b9d6dc0cb2343a65d19c4059969e17188d4809\", \"b5bf650ba32cff9093a9220b41fd18c07f3ec7cd2f5a83e91564aa39c1255623\", \"b625d330bfcd0fa47e324341444106f8cd3423d36b209bd01e095c431484e54d\", \"9f83c88982085c5841bcd8e4ad19730cc8822e4c12aa90bcd82fe1bfca71320f\", \"767595a7ae68d103aef2c20ab7a2d9d535c8daf795280d091f2b7d39f6f2ddb7\", \"c33890b294968adcd4840a1c45edfaa953759d3910b216c450cce952ff99046c\"]',1,2),(8,'2026-01-26 06:38:54','0000-00-00 00:00:00','LOGIN','1','[[\"2026-01-26 06:38:54\", \"LOGIN\", \"::1\"], [\"2026-01-26 06:47:10\", \"LOGIN\", \"::1\"], [\"2026-01-26 06:53:20\", \"LOGIN\", \"::1\"], [\"2026-01-26 07:22:34\", \"LOGIN\", \"::1\"], [\"2026-01-26 07:22:44\", \"LOGIN\", \"::1\"], [\"2026-01-26 08:47:40\", \"LOGIN\", \"::1\"], [\"2026-01-26 09:18:17\", \"LOGIN\", \"::1\"], [\"2026-01-26 09:18:29\", \"LOGIN\", \"::1\"], [\"2026-01-26 09:49:49\", \"LOGIN\", \"::1\"]]','::1','{\"device\":\"Microsoft Edge\",\"version\":\"144.0.0.0\",\"layout\":\"Blink\",\"os\":{\"architecture\":64,\"family\":\"Windows\",\"version\":\"10\"},\"description\":\"Microsoft Edge 144.0.0.0 on Windows 10 64-bit\"}',0,'[\"723226c4e8462ed0e4e5c5a8dc691b024752cc22bdb8615261652a936141c15a\", \"2426355dc9335a40acefd2b8649593728179b7df78160c9fbf925d5947b6cf97\", \"06c3250e9617ac7088a92481ba328029d9a5cac57b0506dacecd3906f444a6a2\", \"5928b7b6575505afecb8027df36cf62395dbcf500f6d2b0dd1ec8f1ee39adace\", \"0675666b09fcff6ff161460ef05954bc03308f7a7615d0dcfdb7f99b5d461175\", \"d18f8164dbd6f12740f68d0d77584f800aca3c63c5a7283d05d4cc6d38a615ee\", \"6a2ed76f63dfd2baf4679f845964c516fef09f87bea1bf430b3c235aec22529f\", \"ab5a08fb000ebc284ed23f129746fce90ffd9075a890f24558dcd615f15f5967\", \"d0faf05a5678aea79233d8522e52fdfb73cd8d46b5db8b1e410a4c09721e6683\"]',1,2),(9,'2026-01-26 08:46:05','0000-00-00 00:00:00','LOGIN','2','[[\"2026-01-26 08:46:05\", \"LOGIN\", \"::1\"], [\"2026-01-26 08:50:41\", \"LOGIN\", \"::1\"], [\"2026-01-26 08:52:49\", \"LOGIN\", \"::1\"], [\"2026-01-26 09:03:39\", \"LOGIN\", \"::1\"]]','::1','{\"device\":\"Microsoft Edge\",\"version\":\"144.0.0.0\",\"layout\":\"Blink\",\"os\":{\"architecture\":64,\"family\":\"Windows\",\"version\":\"10\"},\"description\":\"Microsoft Edge 144.0.0.0 on Windows 10 64-bit\"}',0,'[\"9b2ea5082893821135f3b98ff64d7d8b3a175c7a19432981779b17723ca9c5b9\", \"efec28579409c8c11ba7baf33b5ab1e56872996e4bd97452cf628db3322636cc\", \"13b7e2c8ee494ea1c3b74282be22f98ae2f1fc8818d23d39a2998b29ae37fe91\", \"19d16eaf3178b1fd6442256b5af7ad553f38f481230cf3e6519721663d6b98f6\"]',1,2),(10,'2026-01-26 09:25:44','0000-00-00 00:00:00','LOGIN','3','[[\"2026-01-26 09:25:44\", \"LOGIN\", \"::1\"], [\"2026-01-26 09:28:46\", \"LOGIN\", \"::1\"], [\"2026-01-26 09:29:14\", \"LOGIN\", \"::1\"], [\"2026-01-26 09:45:56\", \"LOGIN\", \"::1\"], [\"2026-01-26 09:50:33\", \"LOGIN\", \"::1\"], [\"2026-01-26 12:37:25\", \"LOGIN\", \"::1\"], [\"2026-01-26 12:37:38\", \"LOGIN\", \"::1\"]]','::1','{\"device\":\"Microsoft Edge\",\"version\":\"144.0.0.0\",\"layout\":\"Blink\",\"os\":{\"architecture\":64,\"family\":\"Windows\",\"version\":\"10\"},\"description\":\"Microsoft Edge 144.0.0.0 on Windows 10 64-bit\"}',0,'[\"97758e5cca7b0fbda2a00772e7d2f4785cf5effbe908865c1013b83648f37ed0\", \"d5221427cf16a675845b47a1d05d2f15707cfc9e7f2c1226280057467378b8bb\", \"a261f825b29dc902d4f4a5f94ab69e608c2d75604f25cc7a3795e9d628522cf0\", \"56dde131cb66463f993d9e0cbb257e95acd8d11c906994860e36f8ca51684e20\", \"76bbcac2b9b1ec173c0df6b20d9ce1c4aa4883db73d89aa580fbd7ac388e4f81\", \"e6f609989be4513b70ff0751beb738132483b75d84e7ad879b0fa608f89e422f\", \"dd19eb5789fb59d4bcfc66ecf3ac05ed633b2748eb4a630d9fde9805e0e8f840\"]',1,1),(11,'2026-01-27 08:25:58','0000-00-00 00:00:00','LOGIN','3','[[\"2026-01-27 08:25:58\", \"LOGIN\", \"::1\"], [\"2026-01-27 08:39:28\", \"LOGIN\", \"::1\"], [\"2026-01-27 08:58:28\", \"LOGIN\", \"::1\"], [\"2026-01-27 09:15:47\", \"LOGIN\", \"::1\"], [\"2026-01-27 09:16:08\", \"LOGIN\", \"::1\"], [\"2026-01-27 09:17:09\", \"LOGIN\", \"::1\"]]','::1','{\"device\":\"Microsoft Edge\",\"version\":\"144.0.0.0\",\"layout\":\"Blink\",\"os\":{\"architecture\":64,\"family\":\"Windows\",\"version\":\"10\"},\"description\":\"Microsoft Edge 144.0.0.0 on Windows 10 64-bit\"}',0,'[\"b07f0f0c44c2d3c4f8ee4ffd5e6244d5e8be9aea94a01976370b19d9acbcfd08\", \"653b963ea74460ee23bd1566ad8ec88865a5206262ffd6fc527556cdacc2a5ff\", \"69b2cf3d6f8956237641c28caab6a19a8879f4957ba5964f71493190661fac4c\", \"6c7b7f3a657f39cb4cefb9df7c1939195eaaa5ad9942839fbe6329c23213d451\", \"935e4406df241d03ee191c9f5ab3fb057309ec07014dcf389888863ba056988c\", \"1420314478ed233b492090fe80609512ecacf01259d7aa088645496f7f175f5b\"]',1,1),(12,'2026-01-27 15:06:16','0000-00-00 00:00:00','LOGIN','2','[[\"2026-01-27 15:06:16\", \"LOGIN\", \"::1\"], [\"2026-01-27 15:08:28\", \"LOGIN\", \"::1\"], [\"2026-01-27 15:08:48\", \"LOGIN\", \"::1\"]]','::1','{\"device\":\"Microsoft Edge\",\"version\":\"144.0.0.0\",\"layout\":\"Blink\",\"os\":{\"architecture\":64,\"family\":\"Windows\",\"version\":\"10\"},\"description\":\"Microsoft Edge 144.0.0.0 on Windows 10 64-bit\"}',0,'[\"ebdee4a3d332cf513a6f18e41c1d3e16d98fa84a4b3f9fc09ccdf7959828d5cd\", \"e30983cff791a6ec66f606d44c1a3c231e8e2bb293ff1939bdd4d939672bae18\", \"42c592ea95304808f82601f781581ba8e312c69534b2eccbcbe35db7f5fe1710\"]',1,1),(13,'2026-01-27 15:10:45','0000-00-00 00:00:00','LOGIN','1','[[\"2026-01-27 15:10:45\", \"LOGIN\", \"::1\"]]','::1','{\"device\":\"Chrome\",\"version\":\"144.0.0.0\",\"layout\":\"Blink\",\"os\":{\"architecture\":64,\"family\":\"Windows\",\"version\":\"10\"},\"description\":\"Chrome 144.0.0.0 on Windows 10 64-bit\"}',0,'[\"259d2bf43a707887091908f8a3808424aa6f63eef2ea3c15622ec794702b03f0\"]',1,2),(14,'2026-01-28 07:21:03','0000-00-00 00:00:00','LOGIN','1','[[\"2026-01-28 07:21:03\", \"LOGIN\", \"::1\"], [\"2026-01-28 07:24:08\", \"LOGIN\", \"::1\"], [\"2026-01-28 08:45:13\", \"LOGIN\", \"::1\"], [\"2026-01-28 13:51:23\", \"LOGIN\", \"::1\"], [\"2026-01-28 15:08:56\", \"LOGIN\", \"::1\"], [\"2026-01-28 15:09:07\", \"LOGIN\", \"::1\"]]','::1','{\"device\":\"Microsoft Edge\",\"version\":\"144.0.0.0\",\"layout\":\"Blink\",\"os\":{\"architecture\":64,\"family\":\"Windows\",\"version\":\"10\"},\"description\":\"Microsoft Edge 144.0.0.0 on Windows 10 64-bit\"}',0,'[\"5b49d51d6716d17653831db46dd6db99b3cb76cbf7722cbde52926cbeba40e57\", \"265d6ae21693052e86f34349d841ea4634e3fbfb50f7bc868fd2180620333d1e\", \"28273ba2c1a32cf07dc390d8bba740f866193fcfdf31da18d2579267c22da000\", \"e335ff8d0fee00b10f141ddb50303f6229a2be57cf3b5453a4cb3795813ca4de\", \"d83ccd13af52cb9be7c5cc11a04c42dc19f6f51950c2497e5637ac9af1022cbe\", \"336f83486deedf47472e1561052f8c39e3127d99c5e85b11ada7186a533349a1\"]',1,1),(15,'2026-01-28 08:29:42','0000-00-00 00:00:00','LOGIN','3','[[\"2026-01-28 08:29:42\", \"LOGIN\", \"::1\"], [\"2026-01-28 08:29:54\", \"LOGIN\", \"::1\"], [\"2026-01-28 08:43:35\", \"LOGIN\", \"::1\"], [\"2026-01-28 09:15:51\", \"LOGIN\", \"::1\"], [\"2026-01-28 10:23:30\", \"LOGIN\", \"::1\"], [\"2026-01-28 13:49:58\", \"LOGIN\", \"::1\"], [\"2026-01-28 13:51:44\", \"LOGIN\", \"::1\"], [\"2026-01-28 14:00:39\", \"LOGIN\", \"::1\"], [\"2026-01-28 15:04:17\", \"LOGIN\", \"::1\"], [\"2026-01-28 15:07:35\", \"LOGIN\", \"::1\"]]','::1','{\"device\":\"Microsoft Edge\",\"version\":\"144.0.0.0\",\"layout\":\"Blink\",\"os\":{\"architecture\":64,\"family\":\"Windows\",\"version\":\"10\"},\"description\":\"Microsoft Edge 144.0.0.0 on Windows 10 64-bit\"}',0,'[\"c04848b1b1bdf9fb3d0ca72a51a02c7f2ac9767727c13b6481ed5d64c88d7dc8\", \"a66496f52dc50349e38116c9c44a826c55c1e9ab71c8a8bcb1789d9e606cf985\", \"f789c03e1e516cc0a60b45947bcef024f24b4be82572df667448cd92677be49c\", \"25143f8113e0fd129a5d68abdbac2b82abc1ee9fddd80d0f91ada7d34b07b312\", \"972e32930be8753806e73b09c82da3f398e918a467c48e3befd667db1620d9e7\", \"88286b609dfe2fba9c62bb3832a6d36a64d471fb7f47bf1864b28726383fe715\", \"9b2684b27123587accf727d407cd5039a853cf64ac60e3ee6fc104985ece9c00\", \"e4042f61a356ecc4a6a912a07038c52a272fb6c982543edc13426a7ee7bb2a76\", \"d2ac215a02f140b399f8960c5ea92a7a9cf504442bb43c324b3598c7d909c0da\", \"c4100b39141868303d2c7c2542e5967b45d21b087d4f3d5a85175c735cfb041b\"]',1,1),(16,'2026-01-28 15:08:11','0000-00-00 00:00:00','LOGIN','2','[[\"2026-01-28 15:08:11\", \"LOGIN\", \"::1\"], [\"2026-01-28 15:10:42\", \"LOGIN\", \"::1\"], [\"2026-01-28 15:23:19\", \"LOGIN\", \"::1\"]]','::1','{\"device\":\"Microsoft Edge\",\"version\":\"144.0.0.0\",\"layout\":\"Blink\",\"os\":{\"architecture\":64,\"family\":\"Windows\",\"version\":\"10\"},\"description\":\"Microsoft Edge 144.0.0.0 on Windows 10 64-bit\"}',0,'[\"f35ee8c93543b74a025d5ff1a0126035bc032b0ca67dbcd3d720bac0c76c42cb\", \"0d3f1d5f0a2b7811b6530b8d2da3cf29e2eac2fe29fc73a2c5247aa5a11a9f6d\", \"c3f667a51ade39c6dceae737fb5d7f65d082210a05a194992fbf8085100def51\"]',1,1),(17,'2026-01-29 08:29:20','0000-00-00 00:00:00','LOGIN','1','[[\"2026-01-29 08:29:20\", \"LOGIN\", \"::1\"], [\"2026-01-29 08:52:07\", \"LOGIN\", \"::1\"], [\"2026-01-29 12:12:36\", \"LOGIN\", \"::1\"], [\"2026-01-29 15:25:27\", \"LOGIN\", \"::1\"]]','::1','{\"device\":\"Microsoft Edge\",\"version\":\"144.0.0.0\",\"layout\":\"Blink\",\"os\":{\"architecture\":64,\"family\":\"Windows\",\"version\":\"10\"},\"description\":\"Microsoft Edge 144.0.0.0 on Windows 10 64-bit\"}',0,'[\"9cb025e00b4ed4c51c84d161c79b9f5fa7953fc9c8780c0289a600f10616e204\", \"e3e29837afb970ce9be65ae005bf703f95490441591e161a3e323d718b10c36c\", \"ceaa75de61beaadcd4a1c4de0dfbb558b845daa1bc0d742d814a432855165d4a\", \"091f0fe6767da96d1dced62bdf15543b4a50ca92a74f299b255172397542bfd5\"]',1,1),(18,'2026-01-30 07:17:19','0000-00-00 00:00:00','LOGIN','1','[[\"2026-01-30 07:17:19\", \"LOGIN\", \"::1\"], [\"2026-01-30 09:22:02\", \"LOGIN\", \"::1\"], [\"2026-01-30 11:51:51\", \"LOGIN\", \"::1\"], [\"2026-01-30 11:52:56\", \"LOGIN\", \"::1\"], [\"2026-01-30 12:07:17\", \"LOGIN\", \"::1\"], [\"2026-01-30 12:08:51\", \"LOGIN\", \"::1\"], [\"2026-01-30 14:01:52\", \"LOGIN\", \"::1\"]]','::1','{\"device\":\"Microsoft Edge\",\"version\":\"144.0.0.0\",\"layout\":\"Blink\",\"os\":{\"architecture\":64,\"family\":\"Windows\",\"version\":\"10\"},\"description\":\"Microsoft Edge 144.0.0.0 on Windows 10 64-bit\"}',0,'[\"4a6035ea13ec10c29c62d831fb4f0e317f3efade3908eae58a0d4bb0576d38b6\", \"b0bb12c4302d32d8a4169829cd4db4d4e0042d4ca792a4afe6ce88d862327650\", \"0b17afc136dfb561313a5241afdb4cc52537cc2157cad2964924b8dde22da8f4\", \"8cb5464f073cf75e6c79ee06181fccfd2c320c9c28eb57f1cd31055f63c22a94\", \"29734f37bce74a0e85ea59f20f1fdc948d81d098e64b219266aa15dd10e0197f\", \"d46b985f01855c0741fb983b58b90902dbda9f34679a1c115f5187672ba77f56\", \"af354beee0ba24e67b7165e3c6a032ab449ff767f997bc24281d41f694051316\"]',1,2),(19,'2026-01-30 12:16:32','0000-00-00 00:00:00','LOGIN','2','[[\"2026-01-30 12:16:32\", \"LOGIN\", \"::1\"]]','::1','{\"device\":\"Microsoft Edge\",\"version\":\"144.0.0.0\",\"layout\":\"Blink\",\"os\":{\"architecture\":64,\"family\":\"Windows\",\"version\":\"10\"},\"description\":\"Microsoft Edge 144.0.0.0 on Windows 10 64-bit\"}',0,'[\"3bf1a9520acb46dae9b452699d2b1aacaf6b3383938d8aab000fc65206edfc6d\"]',1,1),(20,'2026-02-02 05:37:43','0000-00-00 00:00:00','LOGIN','2','[[\"2026-02-02 05:37:43\", \"LOGIN\", \"::1\"], [\"2026-02-02 07:19:23\", \"LOGIN\", \"::1\"], [\"2026-02-02 07:32:57\", \"LOGIN\", \"::1\"], [\"2026-02-02 08:16:36\", \"LOGIN\", \"::1\"], [\"2026-02-02 08:55:53\", \"LOGIN\", \"::1\"], [\"2026-02-02 08:56:13\", \"LOGIN\", \"::1\"], [\"2026-02-02 09:03:45\", \"LOGIN\", \"::1\"], [\"2026-02-02 09:07:53\", \"LOGIN\", \"::1\"], [\"2026-02-02 09:11:43\", \"LOGIN\", \"::1\"], [\"2026-02-02 11:56:27\", \"LOGIN\", \"::1\"]]','::1','{\"device\":\"Microsoft Edge\",\"version\":\"144.0.0.0\",\"layout\":\"Blink\",\"os\":{\"architecture\":64,\"family\":\"Windows\",\"version\":\"10\"},\"description\":\"Microsoft Edge 144.0.0.0 on Windows 10 64-bit\"}',0,'[\"623cfc1fde505bd0eb1ce93e3e6dfc4d6b70b8427adbdbe171110f9eac87b5e4\", \"f8ed42312bc8cca0f827e05e077c0078b50e43016b79d8399c7c7c05b8786c85\", \"8d59e8b7623a891fdb296721b7cdb0e7b09bfc6f4c00dae77700f8c04ebc0f30\", \"7cb71e354eecfd7b977bc00706103b780cc8ca774045cf654c10fcfc0814c017\", \"4f30bd3c5efa2f559866e16889ff0607f2d4edfe88c9498aa744a579cb98bbee\", \"362ac32526d462529c7cfa9928d4c49c03bd38c78396ffa80c7d29389afcb7db\", \"ab0bfe5ab410cb188f0e9df164cf8eef07fee3d9e9eccc560512408ef43d72c9\", \"deff1ef3bc60c622c35b609aea98dc8e60fbecf9020eaaf5a513215837c69a43\", \"20d150486246be7db7fcbb85ac9e647b9a39fe6ef38488f55a5e0ae7ff17bc41\", \"6d0e103b6f4d1b0b4ee9c6da250a4274e487c69a4c3eff956209faf4b032e193\"]',1,1),(21,'2026-02-02 09:10:54','0000-00-00 00:00:00','LOGIN','1','[[\"2026-02-02 09:10:54\", \"LOGIN\", \"::1\"], [\"2026-02-02 12:32:16\", \"LOGIN\", \"::1\"]]','::1','{\"device\":\"Chrome\",\"version\":\"144.0.0.0\",\"layout\":\"Blink\",\"os\":{\"architecture\":64,\"family\":\"Windows\",\"version\":\"10\"},\"description\":\"Chrome 144.0.0.0 on Windows 10 64-bit\"}',0,'[\"2cbdefccf58a97aed0f847997c3abe6f5c6a0aa46f91bf1d18781f5735e3ab95\", \"d764da0686ba3e3a9e83508573ed78c4980f1f4523541cbba552fbddc08baf6d\"]',1,2),(22,'2026-02-03 06:47:16','0000-00-00 00:00:00','LOGIN','2','[[\"2026-02-03 06:47:16\", \"LOGIN\", \"::1\"], [\"2026-02-03 07:34:09\", \"LOGIN\", \"::1\"], [\"2026-02-03 07:34:21\", \"LOGIN\", \"::1\"]]','::1','{\"device\":\"Microsoft Edge\",\"version\":\"144.0.0.0\",\"layout\":\"Blink\",\"os\":{\"architecture\":64,\"family\":\"Windows\",\"version\":\"10\"},\"description\":\"Microsoft Edge 144.0.0.0 on Windows 10 64-bit\"}',0,'[\"fe9e4acd0548a0554431b91720128b3eb8492cf7f13c81d21ae67c8e0e178a4e\", \"9d0b11e2c9435f5c6c41333dc7b4f6ea74c109b1b9bcf853e5b42a910120149f\", \"c916cadbfb7c9c044e363162c164d3341f7c72c8ee24c13408f8552b71703105\"]',1,1),(23,'2026-02-03 15:08:52','0000-00-00 00:00:00','LOGIN','1','[[\"2026-02-03 15:08:52\", \"LOGIN\", \"::1\"]]','::1','{\"device\":\"Chrome\",\"version\":\"144.0.0.0\",\"layout\":\"Blink\",\"os\":{\"architecture\":64,\"family\":\"Windows\",\"version\":\"10\"},\"description\":\"Chrome 144.0.0.0 on Windows 10 64-bit\"}',0,'[\"211bb291d6efd40b1c39063f608618ba398bedff07ba15e1be3c8597e62f8b70\"]',1,2),(24,'2026-02-04 06:57:55','0000-00-00 00:00:00','LOGIN','2','[[\"2026-02-04 06:57:55\", \"LOGIN\", \"::1\"], [\"2026-02-04 06:58:16\", \"LOGIN\", \"::1\"], [\"2026-02-04 06:58:46\", \"LOGIN\", \"::1\"], [\"2026-02-04 09:42:21\", \"LOGIN\", \"::1\"], [\"2026-02-04 09:42:54\", \"LOGIN\", \"::1\"], [\"2026-02-04 09:45:29\", \"LOGIN\", \"::1\"], [\"2026-02-04 09:45:50\", \"LOGIN\", \"::1\"], [\"2026-02-04 10:05:28\", \"LOGIN\", \"::1\"], [\"2026-02-04 10:05:36\", \"LOGIN\", \"::1\"], [\"2026-02-04 10:23:09\", \"LOGIN\", \"::1\"], [\"2026-02-04 11:53:44\", \"LOGIN\", \"::1\"], [\"2026-02-04 12:34:49\", \"LOGIN\", \"::1\"], [\"2026-02-04 14:03:09\", \"LOGIN\", \"::1\"]]','::1','{\"device\":\"Microsoft Edge\",\"version\":\"144.0.0.0\",\"layout\":\"Blink\",\"os\":{\"architecture\":64,\"family\":\"Windows\",\"version\":\"10\"},\"description\":\"Microsoft Edge 144.0.0.0 on Windows 10 64-bit\"}',0,'[\"33ea1bf317704ba3860014191e0f53ceba5834edc0139101d6acbac0e6251cb6\", \"579649e7a924efd4eca4dc8430e19176a295423e94c97c808d2285b2a3035c5c\", \"d52119ee1afc1c480a0bbaca6f8b7e45ff723030548f4dca4790419b34d873ee\", \"17aec89c5b9aa0f9bbf886843fbd9f5e6abb9e3e04bf0f9664558c9ec183f651\", \"57ea369560204884d27ec79352cc93a019eb550f605b685ad39010960fd6e72f\", \"5613c177d505a9f9ddd1b957d3ce049cef5f9ef08bee0c624810eecf9a16aa43\", \"0bbafe5c549bf259d6c36d0c2889f615da8841244517efab5a2e1a8ae96c976f\", \"4aa18cfeeff4c3f4e40bccea5f38b003d70dc8dec6a71be110708af9eb5a9401\", \"6faea8d68a5ba1d00de508ed320d2494c177c6d0f679cfb9f81f88afc4e3ec8b\", \"7a5cb1d7b0a7e46fda39d1c400b74690adc716f15b2588b2935b3c4e1a479289\", \"417d17e17f8cb206e79d14fee5237879dfc32d7509be6788e0e7a734dcb8184f\", \"fb26cb9683c0259d8f4ad6c61fab8ab39212795053ef42824304fa1e4c78e9c2\", \"e1c9484ba5bee4720e9a4641ac64189efccf6f96047774b2f8415b170fb9022f\"]',1,1),(25,'2026-02-04 08:21:45','0000-00-00 00:00:00','LOGIN','1','[[\"2026-02-04 08:21:45\", \"LOGIN\", \"::1\"], [\"2026-02-04 08:30:56\", \"LOGIN\", \"::1\"], [\"2026-02-04 09:25:06\", \"LOGIN\", \"::1\"], [\"2026-02-04 12:39:08\", \"LOGIN\", \"::1\"]]','::1','{\"device\":\"Chrome\",\"version\":\"144.0.0.0\",\"layout\":\"Blink\",\"os\":{\"architecture\":64,\"family\":\"Windows\",\"version\":\"10\"},\"description\":\"Chrome 144.0.0.0 on Windows 10 64-bit\"}',0,'[\"f8a1a9edbb68af9e60432d17cd4afbaee088ffb42f11af6099fb51dd81e8f20e\", \"67f83070987ca0b0b435e4515c1c3aafa94555b76cef6ff2f8a1653a372e1f2a\", \"5490b822c3757ac46c2f8d4a2f772984d3af098fac72e789b723003114b9a1d7\", \"9490c87a9bc9523a8e41e7818fa1c6dcb3fa6fac5556ad1fd71dc860c011e408\"]',1,2),(26,'2026-02-05 08:16:20','0000-00-00 00:00:00','LOGIN','2','[[\"2026-02-05 08:16:20\", \"LOGIN\", \"::1\"], [\"2026-02-05 14:30:12\", \"LOGIN\", \"::1\"]]','::1','{\"device\":\"Microsoft Edge\",\"version\":\"144.0.0.0\",\"layout\":\"Blink\",\"os\":{\"architecture\":64,\"family\":\"Windows\",\"version\":\"10\"},\"description\":\"Microsoft Edge 144.0.0.0 on Windows 10 64-bit\"}',0,'[\"1a6e8c0e7aaaf4b020906a1a05a9cf5716d8380881d2a5605b1482be02cfa35f\", \"82f7cc6423b7be11e795d0cd1c549166e28b9f299b9f792de3baaee1f3e3857a\"]',1,1),(27,'2026-02-09 07:22:50','0000-00-00 00:00:00','LOGIN','2','[[\"2026-02-09 07:22:50\", \"LOGIN\", \"::1\"], [\"2026-02-09 08:20:52\", \"LOGIN\", \"::1\"], [\"2026-02-09 08:21:09\", \"LOGIN\", \"::1\"], [\"2026-02-09 11:30:59\", \"LOGIN\", \"::1\"], [\"2026-02-09 12:06:27\", \"LOGIN\", \"::1\"], [\"2026-02-09 12:06:40\", \"LOGIN\", \"::1\"], [\"2026-02-09 12:07:19\", \"LOGIN\", \"::1\"], [\"2026-02-09 12:09:31\", \"LOGIN\", \"::1\"]]','::1','{\"device\":\"Microsoft Edge\",\"version\":\"144.0.0.0\",\"layout\":\"Blink\",\"os\":{\"architecture\":64,\"family\":\"Windows\",\"version\":\"10\"},\"description\":\"Microsoft Edge 144.0.0.0 on Windows 10 64-bit\"}',0,'[\"e8f43d500261f4169702965c27049335ba84ba7598a439b10acd0cc0f33e112e\", \"edb45c2139cdc194385d6c9c023bb39d57f3cd3db2d46befa7f86bb1b27fb27d\", \"2c885509e8dbb3aafae45f4dda0d1dbab7981efc65232297166a329d4cd8a529\", \"05bb68fd8f610b9d1ffe3c522d9d61f043e65d241e3e2ddb0940f282bc94e5b5\", \"d88ab727bbfe722950d7cf00acec00519062c7270dcd086ff6a525a4e7e0f9e9\", \"6604b7d3f6f647efcc60a0dc051cd0aad54e7c3c837eb977de788aa8cc09fdc1\", \"8b39959522c1b5e4378f8adc0af69f4e6b1a98316cd869e7cccd4d627b590c52\", \"05edbb956474baa6119b0cbd91c0d3d5e19192eddd6b8a98a86f0643dbd210cd\"]',1,2),(28,'2026-02-09 15:20:50','0000-00-00 00:00:00','LOGIN','1','[[\"2026-02-09 15:20:50\", \"LOGIN\", \"::1\"]]','::1','{\"device\":\"Chrome\",\"version\":\"144.0.0.0\",\"layout\":\"Blink\",\"os\":{\"architecture\":64,\"family\":\"Windows\",\"version\":\"10\"},\"description\":\"Chrome 144.0.0.0 on Windows 10 64-bit\"}',0,'[\"66f2df9ac36ab4cbca0c97f6e8068466431a05baeb2aa30891e35db936167931\"]',1,1),(29,'2026-02-10 06:42:21','0000-00-00 00:00:00','LOGIN','2','[[\"2026-02-10 06:42:21\", \"LOGIN\", \"::1\"], [\"2026-02-10 06:49:49\", \"LOGIN\", \"::1\"], [\"2026-02-10 06:50:21\", \"LOGIN\", \"::1\"], [\"2026-02-10 06:52:02\", \"LOGIN\", \"::1\"], [\"2026-02-10 08:11:52\", \"LOGIN\", \"::1\"], [\"2026-02-10 08:38:53\", \"LOGIN\", \"::1\"], [\"2026-02-10 08:39:01\", \"LOGIN\", \"::1\"]]','::1','{\"device\":\"Microsoft Edge\",\"version\":\"144.0.0.0\",\"layout\":\"Blink\",\"os\":{\"architecture\":64,\"family\":\"Windows\",\"version\":\"10\"},\"description\":\"Microsoft Edge 144.0.0.0 on Windows 10 64-bit\"}',0,'[\"8c639d590a9dbe4158dcc3bb7e54e42ea3efbab164746a386b4263ca9d5e9497\", \"a25368c2b942a87e94a8ea0c3f0355f03f0af9b686f691b06a956207138db891\", \"4a98328f9447d47f1ec7e4888d0ebe44737fb700e6a94e1de22e7aca92629844\", \"a57c40431301e658d27ecf453d973b8c74eea99fdd083efd530d45e59012a171\", \"63dd904550e9c795f2be55de27b397ffb95d8235c15a3461804feb4b5f71674b\", \"2117db50104b234aa5d5d3977e6ecf6b39456248a58c35524de877d823f3bfb1\", \"5daa3893dd689dcf48d7617605631a80ec002677005c0928ad2adf11917b0b05\"]',1,2),(30,'2026-02-10 06:42:47','0000-00-00 00:00:00','LOGIN','1','[[\"2026-02-10 06:42:47\", \"LOGIN\", \"::1\"], [\"2026-02-10 06:47:44\", \"LOGIN\", \"::1\"], [\"2026-02-10 07:15:48\", \"LOGIN\", \"::1\"]]','::1','{\"device\":\"Microsoft Edge\",\"version\":\"144.0.0.0\",\"layout\":\"Blink\",\"os\":{\"architecture\":64,\"family\":\"Windows\",\"version\":\"10\"},\"description\":\"Microsoft Edge 144.0.0.0 on Windows 10 64-bit\"}',0,'[\"8e2c96a4ba7882a98b13d15faf1a2c5be30602419a04e642b5a60d4feb6ce213\", \"bca8a15d105d00376e73a5d626c8ecdc64acccacb86dad279aa1b6f25678d9dd\", \"fea9b5aac9f2755fd6519800773ebe2273936b5cbd192bef36562ce9fd0e8189\"]',1,1),(31,'2026-02-10 07:32:20','0000-00-00 00:00:00','LOGIN','3','[[\"2026-02-10 07:32:20\", \"LOGIN\", \"::1\"]]','::1','{\"device\":\"Microsoft Edge\",\"version\":\"144.0.0.0\",\"layout\":\"Blink\",\"os\":{\"architecture\":64,\"family\":\"Windows\",\"version\":\"10\"},\"description\":\"Microsoft Edge 144.0.0.0 on Windows 10 64-bit\"}',0,'[\"af61b1d26a50d476701d86967c3e9785b1d5366331beee97bda199b2dc7ca089\"]',1,2),(32,'2026-02-11 06:53:46','0000-00-00 00:00:00','LOGIN','2','[[\"2026-02-11 06:53:46\", \"LOGIN\", \"::1\"], [\"2026-02-11 10:18:47\", \"LOGIN\", \"::1\"]]','::1','{\"device\":\"Microsoft Edge\",\"version\":\"144.0.0.0\",\"layout\":\"Blink\",\"os\":{\"architecture\":64,\"family\":\"Windows\",\"version\":\"10\"},\"description\":\"Microsoft Edge 144.0.0.0 on Windows 10 64-bit\"}',0,'[\"d021bef5c5ced9226630d1e9d0ab5c3bf0a88d4b24322fde8b1ea096bca1cad6\", \"023f0bffc7d135e7064f669c0c270f1acae5d7cd973e4bc2a364f6f855795873\"]',1,2),(33,'2026-02-11 06:56:25','0000-00-00 00:00:00','LOGIN','1','[[\"2026-02-11 06:56:25\", \"LOGIN\", \"::1\"], [\"2026-02-11 09:50:37\", \"LOGIN\", \"::1\"]]','::1','{\"device\":\"Chrome\",\"version\":\"144.0.0.0\",\"layout\":\"Blink\",\"os\":{\"architecture\":64,\"family\":\"Windows\",\"version\":\"10\"},\"description\":\"Chrome 144.0.0.0 on Windows 10 64-bit\"}',0,'[\"98734a32557113954f8e3042701530faaecc86e7878b0094652cdd088a7879a1\", \"a1b626be9cb554f103e185233e923367200dec6fdbfa4ffacd84c6f0508e232b\"]',1,2),(34,'2026-02-12 09:24:09','0000-00-00 00:00:00','LOGIN','1','[[\"2026-02-12 09:24:09\", \"LOGIN\", \"::1\"], [\"2026-02-12 09:57:21\", \"LOGIN\", \"::1\"], [\"2026-02-12 09:57:41\", \"LOGIN\", \"::1\"]]','::1','{\"device\":\"Chrome\",\"version\":\"144.0.0.0\",\"layout\":\"Blink\",\"os\":{\"architecture\":64,\"family\":\"Windows\",\"version\":\"10\"},\"description\":\"Chrome 144.0.0.0 on Windows 10 64-bit\"}',0,'[\"7dfd3cc7ab65f233bf991561d0a434a70e31907e4887c49c60e4b3823cbea33a\", \"ecaaaceb3fd5b9c6aa112816f0b47545bf0932b1990300fe8a4b194d53b9b92f\", \"ce881e912e1e59d0bcbc93138e6609dc1deb37a22a1af64269f7b6c4e205265e\"]',1,2),(35,'2026-02-12 11:56:12','0000-00-00 00:00:00','LOGIN','2','[[\"2026-02-12 11:56:12\", \"LOGIN\", \"::1\"]]','::1','{\"device\":\"Microsoft Edge\",\"version\":\"144.0.0.0\",\"layout\":\"Blink\",\"os\":{\"architecture\":64,\"family\":\"Windows\",\"version\":\"10\"},\"description\":\"Microsoft Edge 144.0.0.0 on Windows 10 64-bit\"}',0,'[\"4a75042ce428f3b52b7cb255295c447c125101e53562cfd97dd30f198b559ec0\"]',1,1),(36,'2026-02-13 07:39:57','0000-00-00 00:00:00','LOGIN','2','[[\"2026-02-13 07:39:57\", \"LOGIN\", \"::1\"]]','::1','{\"device\":\"Microsoft Edge\",\"version\":\"144.0.0.0\",\"layout\":\"Blink\",\"os\":{\"architecture\":64,\"family\":\"Windows\",\"version\":\"10\"},\"description\":\"Microsoft Edge 144.0.0.0 on Windows 10 64-bit\"}',0,'[\"002e38d067bde8a42fee496c2e930dc344190746b1c9b0857b2f9836c80aafe7\"]',1,2),(37,'2026-02-18 06:30:18','0000-00-00 00:00:00','LOGIN','2','[[\"2026-02-18 06:30:18\", \"LOGIN\", \"::1\"]]','::1','{\"device\":\"Microsoft Edge\",\"version\":\"145.0.0.0\",\"layout\":\"Blink\",\"os\":{\"architecture\":64,\"family\":\"Windows\",\"version\":\"10\"},\"description\":\"Microsoft Edge 145.0.0.0 on Windows 10 64-bit\"}',0,'[\"2750356ec357050525ddafeb2f37f537a5247c56afde0d8183264e90271ca553\"]',1,2),(38,'2026-02-18 06:41:34','0000-00-00 00:00:00','LOGIN','1','[[\"2026-02-18 06:41:34\", \"LOGIN\", \"::1\"]]','::1','{\"device\":\"Chrome\",\"version\":\"144.0.0.0\",\"layout\":\"Blink\",\"os\":{\"architecture\":64,\"family\":\"Windows\",\"version\":\"10\"},\"description\":\"Chrome 144.0.0.0 on Windows 10 64-bit\"}',0,'[\"9a3e854c5915e949c8a8755909daecb5da8423bdb420a5a30a3ef8032ce25fa5\"]',1,1),(39,'2026-02-19 06:58:42','0000-00-00 00:00:00','LOGIN','1','[[\"2026-02-19 06:58:42\", \"LOGIN\", \"::1\"], [\"2026-02-19 13:27:56\", \"LOGIN\", \"::1\"]]','::1','{\"device\":\"Chrome\",\"version\":\"145.0.0.0\",\"layout\":\"Blink\",\"os\":{\"architecture\":64,\"family\":\"Windows\",\"version\":\"10\"},\"description\":\"Chrome 145.0.0.0 on Windows 10 64-bit\"}',0,'[\"499833f195343e2295bee84624db54177755d08ffb16371ed863a9ba109f1be8\", \"38151cafd5142c7c1f261e41c2c6eba122328652e7d8def7778be1d6ea0ed7d1\"]',1,2),(40,'2026-02-19 06:59:13','0000-00-00 00:00:00','LOGIN','2','[[\"2026-02-19 06:59:13\", \"LOGIN\", \"::1\"], [\"2026-02-19 13:27:19\", \"LOGIN\", \"::1\"]]','::1','{\"device\":\"Microsoft Edge\",\"version\":\"145.0.0.0\",\"layout\":\"Blink\",\"os\":{\"architecture\":64,\"family\":\"Windows\",\"version\":\"10\"},\"description\":\"Microsoft Edge 145.0.0.0 on Windows 10 64-bit\"}',0,'[\"29488a6840082c305e84d0569f13bafafefe58c781f00f83cbff36024a42a30b\", \"4e73dd90558e9a46b6673a946ea532de7198dc50cd8e47e40b6cdb1d028361ae\"]',1,1),(41,'2026-02-20 07:25:09','0000-00-00 00:00:00','LOGIN','1','[[\"2026-02-20 07:25:09\", \"LOGIN\", \"::1\"], [\"2026-02-20 07:33:56\", \"LOGIN\", \"::1\"], [\"2026-02-20 07:35:37\", \"LOGIN\", \"::1\"], [\"2026-02-20 07:52:01\", \"LOGIN\", \"::1\"], [\"2026-02-20 08:15:48\", \"LOGIN\", \"::1\"], [\"2026-02-20 08:16:41\", \"LOGIN\", \"::1\"], [\"2026-02-20 08:30:35\", \"LOGIN\", \"::1\"], [\"2026-02-20 08:38:33\", \"LOGIN\", \"::1\"], [\"2026-02-20 13:17:30\", \"LOGIN\", \"::1\"]]','::1','{\"device\":\"Chrome\",\"version\":\"145.0.0.0\",\"layout\":\"Blink\",\"os\":{\"architecture\":64,\"family\":\"Windows\",\"version\":\"10\"},\"description\":\"Chrome 145.0.0.0 on Windows 10 64-bit\"}',0,'[\"a7f2307db89341b809dc0454b8b84929cd1d982426e050b04d49d91ca314da0b\", \"633011160c2ef335164852d3d003aa638d9cb17c223b94e6a17cf8e0c149c2bc\", \"35d80a02494fba680818c259c01db7936e84f8fcc53e0a01e69d3a2d6237cc81\", \"887790f0594f25bf083aa8d2cb51649569bb2fa0f695cfd682b2f93bd0366e6f\", \"d06df199ed05ab7e38db79346b55c7461b9e48f6259e322ea15f6f8a283acea7\", \"8af70f373ce4bca306d3836a559a84745d1384ad07dd207b0ab2973e4d785224\", \"1ccff07b26a2c762ee8b5fdfe4ea03161b9cb488b3a376ae9b1281e3a1b053f5\", \"e0c3b395825f6c67587935c6ecaa7188a2dab6de36d3270350c3f64e20cdf123\", \"fb81ab1dd4f13107eb049ccdcead783b1ba21cb9c93f37cfdde96e81d9137f8f\"]',1,2),(42,'2026-02-20 08:31:46','0000-00-00 00:00:00','LOGIN','2','[[\"2026-02-20 08:31:46\", \"LOGIN\", \"::1\"]]','::1','{\"device\":\"Microsoft Edge\",\"version\":\"145.0.0.0\",\"layout\":\"Blink\",\"os\":{\"architecture\":64,\"family\":\"Windows\",\"version\":\"10\"},\"description\":\"Microsoft Edge 145.0.0.0 on Windows 10 64-bit\"}',0,'[\"9a3e1191b5d60c5facd4205d7fb71f48ee8d999ec9de027207eb7b55118ea6d2\"]',1,1),(43,'2026-02-23 05:49:16','0000-00-00 00:00:00','LOGIN','2','[[\"2026-02-23 05:49:16\", \"LOGIN\", \"::1\"], [\"2026-02-23 08:05:54\", \"LOGIN\", \"::1\"]]','::1','{\"device\":\"Microsoft Edge\",\"version\":\"145.0.0.0\",\"layout\":\"Blink\",\"os\":{\"architecture\":64,\"family\":\"Windows\",\"version\":\"10\"},\"description\":\"Microsoft Edge 145.0.0.0 on Windows 10 64-bit\"}',0,'[\"da0ad61c3df43d77f0c0b47439aeb850116d8dfda796d29ca5ec75f5cb6de17e\", \"111b221715f21a444e27944699c43d2922c0550c7ec0463ba7cedcbeabd9a49d\"]',1,1),(44,'2026-02-23 11:51:19','0000-00-00 00:00:00','LOGIN','1','[[\"2026-02-23 11:51:19\", \"LOGIN\", \"::1\"]]','::1','{\"device\":\"Chrome\",\"version\":\"145.0.0.0\",\"layout\":\"Blink\",\"os\":{\"architecture\":64,\"family\":\"Windows\",\"version\":\"10\"},\"description\":\"Chrome 145.0.0.0 on Windows 10 64-bit\"}',0,'[\"972a4698c89ca6402cc2f79dbccedb0d969987b0dc267e82a9ae4b2080254280\"]',1,2),(45,'2026-02-24 07:01:20','0000-00-00 00:00:00','LOGIN','2','[[\"2026-02-24 07:01:20\", \"LOGIN\", \"::1\"], [\"2026-02-24 13:35:56\", \"LOGIN\", \"::1\"]]','::1','{\"device\":\"Microsoft Edge\",\"version\":\"145.0.0.0\",\"layout\":\"Blink\",\"os\":{\"architecture\":64,\"family\":\"Windows\",\"version\":\"10\"},\"description\":\"Microsoft Edge 145.0.0.0 on Windows 10 64-bit\"}',0,'[\"efb4768d9bf83600c56208cf0d1667cc919d01bd639e00b9f4a23e3156492770\", \"19b2ceb17ac6cc2afb864b59f28de8780fb11cb92d5dfaf93842c1bc671df48b\"]',1,2),(46,'2026-02-24 07:02:18','0000-00-00 00:00:00','LOGIN','1','[[\"2026-02-24 07:02:18\", \"LOGIN\", \"::1\"], [\"2026-02-24 09:31:45\", \"LOGIN\", \"::1\"]]','::1','{\"device\":\"Chrome\",\"version\":\"145.0.0.0\",\"layout\":\"Blink\",\"os\":{\"architecture\":64,\"family\":\"Windows\",\"version\":\"10\"},\"description\":\"Chrome 145.0.0.0 on Windows 10 64-bit\"}',0,'[\"3c9e7ad7fdf9a50d42efa9b226116763d02c681832b458e48611ef2d844825e8\", \"8eacaf29965245b97a7859627168b370dba49d3596eba6e619021284cff3955f\"]',1,1),(47,'2026-02-26 08:18:44','0000-00-00 00:00:00','LOGIN','2','[[\"2026-02-26 08:18:44\", \"LOGIN\", \"::1\"], [\"2026-02-26 12:31:43\", \"LOGIN\", \"::1\"]]','::1','{\"device\":\"Microsoft Edge\",\"version\":\"145.0.0.0\",\"layout\":\"Blink\",\"os\":{\"architecture\":64,\"family\":\"Windows\",\"version\":\"10\"},\"description\":\"Microsoft Edge 145.0.0.0 on Windows 10 64-bit\"}',0,'[\"84f475b4f96d357c52071c6baede96a8ec8742b7fd9a1cf1ed493c6fd818f168\", \"f160dc160d1ecfa2bb7e3b3b9b6a1ca3ee0efc07fc71aaa6ffd10617c192f814\"]',1,2),(48,'2026-02-26 08:25:22','0000-00-00 00:00:00','LOGIN','1','[[\"2026-02-26 08:25:22\", \"LOGIN\", \"::1\"]]','::1','{\"device\":\"Chrome\",\"version\":\"145.0.0.0\",\"layout\":\"Blink\",\"os\":{\"architecture\":64,\"family\":\"Windows\",\"version\":\"10\"},\"description\":\"Chrome 145.0.0.0 on Windows 10 64-bit\"}',0,'[\"03dcb8d9c20ca8b3dcd411d4542cef1b53fc1ab1ad3f9a4025151599615e53d6\"]',1,1),(49,'2026-02-27 11:23:36','0000-00-00 00:00:00','LOGIN','1','[[\"2026-02-27 11:23:36\", \"LOGIN\", \"::1\"], [\"2026-02-27 11:24:14\", \"LOGIN\", \"::1\"], [\"2026-02-27 12:00:15\", \"LOGIN\", \"::1\"]]','::1','{\"device\":\"Chrome\",\"version\":\"145.0.0.0\",\"layout\":\"Blink\",\"os\":{\"architecture\":64,\"family\":\"Windows\",\"version\":\"10\"},\"description\":\"Chrome 145.0.0.0 on Windows 10 64-bit\"}',0,'[\"6541be735280bf86cd2dee11b82e84bc51481b8c2a0fb6f5d4649bae8200a09b\", \"676324d8ef075b00b5aaea6f562b13104c29f1c494a1d4bcc8827ee99c2b73f7\", \"be63e8dccf0be266040eb56390d0d3c53fc311dd5b4776eb10ac65af7dca01e4\"]',1,1),(50,'2026-03-01 00:48:29','2026-03-01 21:00:03','LOGIN','1','[[\"2026-03-01 00:48:29\", \"LOGIN\", \"::1\"], [\"2026-03-01 01:12:29\", \"LOGIN\", \"::1\"], [\"2026-03-01 02:06:25\", \"LOGIN\", \"::1\"], [\"2026-03-01 11:26:33\", \"LOGIN\", \"::1\"], [\"2026-03-01 15:36:47\", \"LOGIN\", \"::1\"], [\"2026-03-01 15:40:01\", \"LOGIN\", \"::1\"], [\"2026-03-01 16:16:56\", \"LOGOUT\", \"::1\"], [\"2026-03-01 16:17:04\", \"LOGIN\", \"::1\"], [\"2026-03-01 16:49:00\", \"LOGIN\", \"::1\"], [\"2026-03-01 18:09:34\", \"LOGIN\", \"::1\"], [\"2026-03-01 18:10:08\", \"LOGIN\", \"::1\"], [\"2026-03-01 21:00:01\", \"LOGIN\", \"::1\"], [\"2026-03-01 21:00:03\", \"LOGOUT\", \"::1\"], [\"2026-03-01 21:03:27\", \"LOGIN\", \"::1\"]]','::1','{\"device\":\"Chrome\",\"version\":\"145.0.0.0\",\"layout\":\"Blink\",\"os\":{\"architecture\":64,\"family\":\"Windows\",\"version\":\"10\"},\"description\":\"Chrome 145.0.0.0 on Windows 10 64-bit\"}',0,'[\"156b7244b2ca9adc97af204debd3298fb1d77d7b4e36aaaaa5193fe970f75b4e\", \"ba68b5d318f07774efaddda5fe20c634df5800218fdc5ca60b8fe4478beea759\", \"e06cad4d12ccaa58ca3a8ba1262d5fc5682fc9d0d8baac12aad87c93ea923d4b\", \"31f01cdd0e576cc089be02aab95bc4d2c7c2d4a2c2601a510009b29f1a20b01a\", \"c627edd9234dd77c1043988b6d514140a0cfcb13516c5b558a1f10751309f6ae\", \"731af3b8ddb43354523238d8205ff5e195a20a3e5fa5fe337b46b8bf6cd36c17\", \"b74cbc05b018acaa4e753f73a1000bccfebb75ff4bb45797a95ab8e1819b8d86\", \"21435f8b310253bdb3f6c7c4acc4658a5dddaf7a82cef3768d3396cf8c24cc65\", \"5250abd36133626207ef1b8fc1e01c03cd8cc70875506987e5b730db9aaeb230\", \"5928a931b2dd5aa09caa552c749259c7d54b071e0da315b7346d49212b6a83b6\", \"a30d65d493463d2c2f9e599e6e6fce660fd501f1a1a6b876c311439f0a3e179d\", \"a4c6796e19297d50d3a532155fd8e77948989e2fd4bf1cf090df88d1c7b27edb\"]',1,1),(51,'2026-03-03 15:54:15','2026-03-03 16:47:03','LOGIN','1','[[\"2026-03-03 15:54:15\", \"LOGIN\", \"::1\"], [\"2026-03-03 15:55:18\", \"LOGOUT\", \"::1\"], [\"2026-03-03 15:55:23\", \"LOGIN\", \"::1\"], [\"2026-03-03 16:46:35\", \"LOGOUT\", \"::1\"], [\"2026-03-03 16:46:52\", \"LOGIN\", \"::1\"], [\"2026-03-03 16:47:03\", \"LOGOUT\", \"::1\"], [\"2026-03-03 16:49:32\", \"LOGIN\", \"::1\"]]','::1','{\"device\":\"Chrome\",\"version\":\"145.0.0.0\",\"layout\":\"Blink\",\"os\":{\"architecture\":64,\"family\":\"Windows\",\"version\":\"10\"},\"description\":\"Chrome 145.0.0.0 on Windows 10 64-bit\"}',0,'[\"e88a9998159429316f9f6e697e553515547422b3cdb005f8765e0c38ac5e34b6\", \"f9c480baea99c7d8f186afa280b0d33d22e24f98f84d00c7a2c54e307ac61a14\", \"868e1109da62e050c7e7def9caf10148a92850058c8973559468d8e1fe6739d3\", \"262159065865850dc2dc0cec60a0a784cdfa62ef80d5a2f0d96b6a0161e31ae5\"]',1,1),(52,'2026-03-04 08:35:57','2026-03-04 16:38:03','LOGIN','1','[[\"2026-03-04 08:35:57\", \"LOGIN\", \"::1\"], [\"2026-03-04 08:59:40\", \"LOGOUT\", \"::1\"], [\"2026-03-04 08:59:57\", \"LOGIN\", \"::1\"], [\"2026-03-04 09:34:12\", \"LOGOUT\", \"::1\"], [\"2026-03-04 09:34:25\", \"LOGIN\", \"::1\"], [\"2026-03-04 09:40:08\", \"LOGOUT\", \"::1\"], [\"2026-03-04 09:40:14\", \"LOGIN\", \"::1\"], [\"2026-03-04 09:40:46\", \"LOGOUT\", \"::1\"], [\"2026-03-04 09:40:53\", \"LOGIN\", \"::1\"], [\"2026-03-04 09:54:26\", \"LOGIN\", \"::1\"], [\"2026-03-04 09:55:01\", \"LOGOUT\", \"::1\"], [\"2026-03-04 09:55:11\", \"LOGIN\", \"::1\"], [\"2026-03-04 09:55:28\", \"LOGIN\", \"::1\"], [\"2026-03-04 10:42:47\", \"LOGIN\", \"::1\"], [\"2026-03-04 13:43:41\", \"LOGIN\", \"::1\"], [\"2026-03-04 14:45:18\", \"LOGOUT\", \"::1\"], [\"2026-03-04 14:45:27\", \"LOGIN\", \"::1\"], [\"2026-03-04 15:47:55\", \"LOGIN\", \"::1\"], [\"2026-03-04 15:48:21\", \"LOGOUT\", \"::1\"], [\"2026-03-04 15:48:31\", \"LOGIN\", \"::1\"], [\"2026-03-04 15:48:48\", \"LOGOUT\", \"::1\"], [\"2026-03-04 15:48:53\", \"LOGIN\", \"::1\"], [\"2026-03-04 16:38:03\", \"LOGOUT\", \"::1\"], [\"2026-03-04 16:38:08\", \"LOGIN\", \"::1\"]]','::1','{\"device\":\"Chrome\",\"version\":\"145.0.0.0\",\"layout\":\"Blink\",\"os\":{\"architecture\":64,\"family\":\"Windows\",\"version\":\"10\"},\"description\":\"Chrome 145.0.0.0 on Windows 10 64-bit\"}',0,'[\"f11cbce7cc0f4aaeec47e976c40b38a3c2315641463d74d7dbeae9aa76581cad\", \"6ff75279e2b5939c8beecafb97c4942483aeae0d860ea1cd62f94c072b626300\", \"8f57567808b263eb442202eb116a33a505151f7fddcd9c377211663edac7b25a\", \"d3484bcc46913b4c98f277ba120df2cf55fe77def9792c6bdfe3bce3bb3dea18\", \"0ea837c4148ab3ef0a10aa593df9eb360837333c721e1b09f8c436bc72b40a55\", \"72db427cd1aba6bced5d9b74cb6034e2897ca902dd7dddc20c81813edbeb7ac5\", \"b13872c14eae31630381c97bd11d54021ee541bc637a384e4e4aa6ead0e42ae6\", \"ad6bd701a5bf0466c54922b13a51b9bf9460c41b1ed4f563bcd922b25e553150\", \"1c6389f4c31db91954d6e3862a27bab034c957da526f6088c306935e2fcc02de\", \"93517acffd6b6bb5bb77df296e33cea3881f596df47fa1421b9af55341b58024\", \"8b2768da90773f586c45b873bf46d74770cc7137eacd09565ee9c589c66d3fbb\", \"4b88f706a88180439941321fb0c41b22fa051ac8274b93d0ee57dc5342f08d6a\", \"a37526ce1d77db0ed6639ff05d8d2db0ed30c7df52ae8f0e780f6262077a8ed0\", \"9574afbdf79b5a533d5545c5c9f044a4b85aaaea504de5f1843429e18d3cd669\", \"34538c2186896fd24d68729756a65146c2cdeaadcaae6ee961ba256bbec2a644\"]',1,1),(53,'2026-03-04 13:31:31','0000-00-00 00:00:00','LOGIN','2','[[\"2026-03-04 13:31:31\", \"LOGIN\", \"::1\"]]','::1','{\"device\":\"Chrome\",\"version\":\"145.0.0.0\",\"layout\":\"Blink\",\"os\":{\"architecture\":64,\"family\":\"Windows\",\"version\":\"10\"},\"description\":\"Chrome 145.0.0.0 on Windows 10 64-bit\"}',0,'[\"d35ba11c3e2dc70467ac989f182f08ff3f09f6c8c26ec24d7ec8a4f3958d6fe5\"]',1,3),(54,'2026-03-05 09:00:16','2026-03-05 16:12:07','LOGIN','1','[[\"2026-03-05 09:00:16\", \"LOGIN\", \"::1\"], [\"2026-03-05 09:06:32\", \"LOGOUT\", \"::1\"], [\"2026-03-05 09:06:40\", \"LOGIN\", \"::1\"], [\"2026-03-05 09:13:57\", \"LOGOUT\", \"::1\"], [\"2026-03-05 09:14:06\", \"LOGIN\", \"::1\"], [\"2026-03-05 09:26:35\", \"LOGOUT\", \"::1\"], [\"2026-03-05 10:13:10\", \"LOGIN\", \"::1\"], [\"2026-03-05 10:52:20\", \"LOGIN\", \"::1\"], [\"2026-03-05 11:36:50\", \"LOGOUT\", \"::1\"], [\"2026-03-05 11:36:56\", \"LOGIN\", \"::1\"], [\"2026-03-05 13:19:58\", \"LOGOUT\", \"::1\"], [\"2026-03-05 13:34:48\", \"LOGIN\", \"::1\"], [\"2026-03-05 14:13:18\", \"LOGOUT\", \"::1\"], [\"2026-03-05 14:13:25\", \"LOGIN\", \"::1\"], [\"2026-03-05 15:27:25\", \"LOGOUT\", \"::1\"], [\"2026-03-05 16:03:01\", \"LOGIN\", \"::1\"], [\"2026-03-05 16:12:07\", \"LOGOUT\", \"::1\"], [\"2026-03-05 16:12:13\", \"LOGIN\", \"::1\"]]','::1','{\"device\":\"Chrome\",\"version\":\"145.0.0.0\",\"layout\":\"Blink\",\"os\":{\"architecture\":64,\"family\":\"Windows\",\"version\":\"10\"},\"description\":\"Chrome 145.0.0.0 on Windows 10 64-bit\"}',0,'[\"5d42af16c51daf86cebb6ea10690d17bc008309ab75b5fe4abab449216d35f59\", \"bbd33f55aed022e5c31e9155c279846b93de9662d9fa75d82104a28985dc8666\", \"f9d82d25338ccd7982cf91ba439973cad30cc01d37002afb0c13864a6f1aeac0\", \"82a7dfdaf0c38b7a3b8fa7dfe570eac22a8bf869295296510f12b342eb13b505\", \"c44304bcf749e272237fa9e754901119d6dcd2d40e5be4fb03129923c8181c80\", \"903d486109648c7b5823eb6cef91d8dc8ce153b1ac6db764362a29565efd3a3c\", \"1df45ad98d5ef0e38844147382025159b440ef4af56b503cb96649bf1deeeaa3\", \"8bf8026a26f4e7dbcc976166850d93b2f157548ed4aed16da3c4a9e6ed66946d\", \"e00cfd1aa367dc0b0360f5fc718c11c8d6ea1ba9a2f3bc629d74e86c9a61b432\", \"f388242d7d7666a00980186d11571683698f8fd9f3a8ac9d98b3f70d7df9842b\"]',1,2),(55,'2026-03-05 09:29:04','2026-03-05 15:28:13','LOGIN','3','[[\"2026-03-05 09:29:04\", \"LOGIN\", \"::1\"], [\"2026-03-05 10:12:54\", \"LOGOUT\", \"::1\"], [\"2026-03-05 15:27:42\", \"LOGIN\", \"::1\"], [\"2026-03-05 15:28:13\", \"LOGOUT\", \"::1\"]]','::1','{\"device\":\"Chrome\",\"version\":\"145.0.0.0\",\"layout\":\"Blink\",\"os\":{\"architecture\":64,\"family\":\"Windows\",\"version\":\"10\"},\"description\":\"Chrome 145.0.0.0 on Windows 10 64-bit\"}',0,'[\"bd165d027718856ab630ed9fa03fc60e22d6ad210ecdb5033aa2819d887df257\", \"c80fc9a7a044fb3796f3312973537e714945437399db6e12728f0f7ea7bdfb85\"]',0,4),(56,'2026-03-05 15:28:27','2026-03-05 16:02:39','LOGIN','2','[[\"2026-03-05 15:28:27\", \"LOGIN\", \"::1\"], [\"2026-03-05 16:02:39\", \"LOGOUT\", \"::1\"]]','::1','{\"device\":\"Chrome\",\"version\":\"145.0.0.0\",\"layout\":\"Blink\",\"os\":{\"architecture\":64,\"family\":\"Windows\",\"version\":\"10\"},\"description\":\"Chrome 145.0.0.0 on Windows 10 64-bit\"}',0,'[\"f294bb96d9c86b7299fd5cc3279e9ca9038bb0828ab71f50f6fb34f73dd71b96\"]',0,3),(57,'2026-03-06 08:03:09','2026-03-06 13:57:54','LOGIN','1','[[\"2026-03-06 08:03:09\", \"LOGIN\", \"::1\"], [\"2026-03-06 11:16:08\", \"LOGOUT\", \"::1\"], [\"2026-03-06 11:20:16\", \"LOGIN\", \"::1\"], [\"2026-03-06 13:39:04\", \"LOGOUT\", \"::1\"], [\"2026-03-06 13:39:50\", \"LOGIN\", \"::1\"], [\"2026-03-06 13:57:49\", \"LOGIN\", \"::1\"], [\"2026-03-06 13:57:54\", \"LOGOUT\", \"::1\"], [\"2026-03-06 13:57:59\", \"LOGIN\", \"::1\"], [\"2026-03-06 14:47:46\", \"LOGIN\", \"::1\"]]','::1','{\"device\":\"Chrome\",\"version\":\"145.0.0.0\",\"layout\":\"Blink\",\"os\":{\"architecture\":64,\"family\":\"Windows\",\"version\":\"10\"},\"description\":\"Chrome 145.0.0.0 on Windows 10 64-bit\"}',0,'[\"0ca74978563bc25de824f3bda64378c64aa14d6b43dfe35153f03ff383e2e385\", \"106fd3b9b626088423c5e8b1c63b36ad2cf77f0afe32314a38c46846c7f123d3\", \"656f9a37b848165c990ba45e01fe45b74ff974559fac44ad4c4f53d889222ebe\", \"02312ae4ee06e3bd64eb57fcb3f574256074f03fc212665ab0bdb2a4f4779e28\", \"8f7b0ac25be5a1b5834b867d963759566927482ec6db2a46d18dda1d2a615fbe\", \"1a48b9ce6745d8776f1ad3941188fd026b70d2e5fe859ad77bc38bd7dcf784fe\"]',1,2),(58,'2026-03-06 13:39:12','2026-03-06 13:57:29','LOGIN','2','[[\"2026-03-06 13:39:12\", \"LOGIN\", \"::1\"], [\"2026-03-06 13:57:29\", \"LOGOUT\", \"::1\"]]','::1','{\"device\":\"Chrome\",\"version\":\"145.0.0.0\",\"layout\":\"Blink\",\"os\":{\"architecture\":64,\"family\":\"Windows\",\"version\":\"10\"},\"description\":\"Chrome 145.0.0.0 on Windows 10 64-bit\"}',0,'[\"007a046f923efb25faccdaf10cd370fdd63a9175e8c405c41b73f4ad0171c7d9\"]',0,3),(59,'2026-03-09 08:58:30','2026-03-09 11:46:03','LOGIN','1','[[\"2026-03-09 08:58:30\", \"LOGIN\", \"::1\"], [\"2026-03-09 09:01:58\", \"LOGOUT\", \"::1\"], [\"2026-03-09 09:02:06\", \"LOGIN\", \"::1\"], [\"2026-03-09 09:42:26\", \"LOGOUT\", \"::1\"], [\"2026-03-09 09:42:34\", \"LOGIN\", \"::1\"], [\"2026-03-09 09:43:26\", \"LOGOUT\", \"::1\"], [\"2026-03-09 09:43:31\", \"LOGIN\", \"::1\"], [\"2026-03-09 10:40:30\", \"LOGOUT\", \"::1\"], [\"2026-03-09 10:40:47\", \"LOGIN\", \"::1\"], [\"2026-03-09 10:40:56\", \"LOGOUT\", \"::1\"], [\"2026-03-09 10:49:28\", \"LOGIN\", \"::1\"], [\"2026-03-09 11:00:43\", \"LOGIN\", \"::1\"], [\"2026-03-09 11:02:06\", \"LOGOUT\", \"::1\"], [\"2026-03-09 11:02:14\", \"LOGIN\", \"::1\"], [\"2026-03-09 11:29:35\", \"LOGOUT\", \"::1\"], [\"2026-03-09 11:29:50\", \"LOGIN\", \"::1\"], [\"2026-03-09 11:30:25\", \"LOGOUT\", \"::1\"], [\"2026-03-09 11:30:32\", \"LOGIN\", \"::1\"], [\"2026-03-09 11:31:29\", \"LOGOUT\", \"::1\"], [\"2026-03-09 11:31:39\", \"LOGIN\", \"::1\"], [\"2026-03-09 11:32:00\", \"LOGOUT\", \"::1\"], [\"2026-03-09 11:32:05\", \"LOGIN\", \"::1\"], [\"2026-03-09 11:33:17\", \"LOGIN\", \"::1\"], [\"2026-03-09 11:46:03\", \"LOGOUT\", \"::1\"], [\"2026-03-09 11:46:10\", \"LOGIN\", \"::1\"], [\"2026-03-09 13:22:25\", \"LOGIN\", \"10.10.10.64\"], [\"2026-03-09 13:22:32\", \"LOGIN\", \"::1\"], [\"2026-03-09 14:34:30\", \"LOGIN\", \"::1\"]]','::1','{\"device\":\"Chrome\",\"version\":\"145.0.0.0\",\"layout\":\"Blink\",\"os\":{\"architecture\":64,\"family\":\"Windows\",\"version\":\"10\"},\"description\":\"Chrome 145.0.0.0 on Windows 10 64-bit\"}',0,'[\"f8088e4294b1c0f06dc98f723bcbe803a70ddc6b24dd332317ceec49d8bfbeb9\", \"ae645ee2e6bea8de525832582fe7b0f9ec99ad4d9b384b0ace598214bd4e1a48\", \"9163b63e39d2e27679d295de6153214c8814e04dcf9d412e6b11e882bccb6fa0\", \"c0244f09c3746500b687ab57927dffde33772318224260d7939c3191a210c262\", \"0c302eff5ec6d4892075f798fc46109a2bb113f6f61077e944a5dadd2ca3f7bf\", \"37ac2eb10e788b0b426ce89939d5e58c2304c1501ead30d0fca8121f46d04eb8\", \"74276a977871aa437a26843d382638aeef115585a85fa1865558d10d15a00e95\", \"d91395d3809f6442febe29bfef98678612c2de6a65cdc28d63e6d1010c4ac5ec\", \"ef3a08d5fdd63af26b6acc7ad94ed9f71da8d0121695a86a451b15241d8836f5\", \"571d25922ca66d8d13c74c040b5f943df7c197f9bcb9555dd423344d37574c27\", \"bb8ba6b82f819b8095e185ed561440f59ddf0b0f33396512150205530fb3dcf8\", \"72736ec90a6809f69e6489a1f52df9242ce52a89328eddf7f4635efc3d1f7d28\", \"a68a242254747432af536e2c974602a9f29bf78f90fbbd23763e25dee8018fef\", \"c79bd448d59cdccb3a227831b97b4bbe226e06a1b3ac12d73ee312a229a5a302\", \"3ae2e45344fad23c6b5309cdc46edc919bb48cb53277c56e89153dc9c7bb49f7\", \"5b19c2c7076ea278c1383d56219010cd566f4e2849518848e5a738c98a92c773\", \"3b523865270bec55dcea6de2afdbf8a23d37cc4f0d04a8ac15015e18e51a74e3\"]',1,2),(60,'2026-03-09 09:41:35','0000-00-00 00:00:00','LOGIN','3','[[\"2026-03-09 09:41:35\", \"LOGIN\", \"::1\"], [\"2026-03-09 20:38:51\", \"LOGIN\", \"::1\"], [\"2026-03-09 22:56:39\", \"LOGIN\", \"::1\"]]','::1','{\"device\":\"Chrome\",\"version\":\"145.0.0.0\",\"layout\":\"Blink\",\"os\":{\"architecture\":64,\"family\":\"Windows\",\"version\":\"10\"},\"description\":\"Chrome 145.0.0.0 on Windows 10 64-bit\"}',0,'[\"a10d471f29dda0f135e4a9414be9c3b019887e4bad0fa0db7238f9890e27b77d\", \"ad8dda8391c17fbb82c772f76144bf775a9ceed55f6b8e559613fa09b56f07b5\", \"66c349c033a3caceeb3754b08e5db6c6f49233e0805ad5cd276f2782cfe6eb28\"]',1,4),(61,'2026-03-10 02:54:18','0000-00-00 00:00:00','LOGIN','3','[[\"2026-03-10 02:54:18\", \"LOGIN\", \"::1\"], [\"2026-03-10 03:38:18\", \"LOGIN\", \"::1\"]]','::1','{\"device\":\"Chrome\",\"version\":\"145.0.0.0\",\"layout\":\"Blink\",\"os\":{\"architecture\":64,\"family\":\"Windows\",\"version\":\"10\"},\"description\":\"Chrome 145.0.0.0 on Windows 10 64-bit\"}',0,'[\"7cd32f447a6c84c589b01aa80582aa9a54eeecce37be7c94ad47a21c7e29ca44\", \"64d66f4afb6480b651195ebc08697e54638fbb7db0a9ac8b298efa3e83dbe7fa\"]',1,4),(62,'2026-03-11 07:19:24','0000-00-00 00:00:00','LOGIN','1','[[\"2026-03-11 07:19:24\", \"LOGIN\", \"::1\"], [\"2026-03-11 13:41:20\", \"LOGIN\", \"::1\"], [\"2026-03-11 17:56:03\", \"LOGIN\", \"::1\"]]','::1','{\"device\":\"Chrome\",\"version\":\"145.0.0.0\",\"layout\":\"Blink\",\"os\":{\"architecture\":64,\"family\":\"Windows\",\"version\":\"10\"},\"description\":\"Chrome 145.0.0.0 on Windows 10 64-bit\"}',0,'[\"88a203750f9c2d581414700182d96d3a6c12c8dda21d3a1de43af17e4dfd70af\", \"6523c50164e30b3db016154eed8eff73813a8b2008ecf55f38bb4298af1651de\", \"632092e70961ed3227c30817217999244ca3ecd0e1af164295ed6efb28dc9392\"]',1,2),(63,'2026-03-11 08:16:44','0000-00-00 00:00:00','LOGIN','3','[[\"2026-03-11 08:16:44\", \"LOGIN\", \"::1\"], [\"2026-03-11 14:20:19\", \"LOGIN\", \"::1\"], [\"2026-03-11 16:43:00\", \"LOGIN\", \"::1\"]]','::1','{\"device\":\"Chrome\",\"version\":\"145.0.0.0\",\"layout\":\"Blink\",\"os\":{\"architecture\":64,\"family\":\"Windows\",\"version\":\"10\"},\"description\":\"Chrome 145.0.0.0 on Windows 10 64-bit\"}',0,'[\"78e8c1aca1f70a926e8c7f722810f27c931969571d5a62f298f21c8ad54a2969\", \"e66a6f77cfddb8606e8aefa234387874ac25ec4d65dad5b271618572cc12a149\", \"ce0b93364dab1d15273aef78532936d7071a9dd052fcf9632b3a7b3a5de21624\"]',1,4),(64,'2026-03-12 07:13:41','0000-00-00 00:00:00','LOGIN','1','[[\"2026-03-12 07:13:41\", \"LOGIN\", \"::1\"], [\"2026-03-12 14:11:55\", \"LOGIN\", \"::1\"]]','::1','{\"device\":\"Chrome\",\"version\":\"145.0.0.0\",\"layout\":\"Blink\",\"os\":{\"architecture\":64,\"family\":\"Windows\",\"version\":\"10\"},\"description\":\"Chrome 145.0.0.0 on Windows 10 64-bit\"}',0,'[\"06069814ed4c598e485961da6cf7b20f047791f634105ea12c657ea3c2bba4d4\", \"80649113905aecef527eda1cf0ba20e3b35b90c56fb8e81136c7fb2e78f490e7\"]',1,2),(65,'2026-03-12 08:09:42','0000-00-00 00:00:00','LOGIN','3','[[\"2026-03-12 08:09:42\", \"LOGIN\", \"::1\"], [\"2026-03-12 10:57:23\", \"LOGIN\", \"::1\"]]','::1','{\"device\":\"Chrome\",\"version\":\"145.0.0.0\",\"layout\":\"Blink\",\"os\":{\"architecture\":64,\"family\":\"Windows\",\"version\":\"10\"},\"description\":\"Chrome 145.0.0.0 on Windows 10 64-bit\"}',0,'[\"8b7ec5b8c799f2a6f5347168c4ea3610bb79ea6be91a86010c3a5192a19a9687\", \"1a8737d7e704420ef6670605b893aa4d5fb04b855ec27857a531b020658e0f3c\"]',1,4),(66,'2026-03-16 08:24:18','2026-03-16 16:12:35','LOGIN','1','[[\"2026-03-16 08:24:18\", \"LOGIN\", \"::1\"], [\"2026-03-16 13:24:47\", \"LOGIN\", \"::1\"], [\"2026-03-16 13:25:39\", \"LOGOUT\", \"::1\"], [\"2026-03-16 13:25:43\", \"LOGIN\", \"::1\"], [\"2026-03-16 13:26:56\", \"LOGIN\", \"10.10.10.37\"], [\"2026-03-16 13:29:41\", \"LOGOUT\", \"::1\"], [\"2026-03-16 13:29:44\", \"LOGIN\", \"::1\"], [\"2026-03-16 13:49:47\", \"LOGIN\", \"::1\"], [\"2026-03-16 13:56:49\", \"LOGIN\", \"10.10.10.37\"], [\"2026-03-16 15:41:44\", \"LOGIN\", \"::1\"], [\"2026-03-16 15:43:49\", \"LOGIN\", \"::1\"], [\"2026-03-16 16:09:54\", \"LOGOUT\", \"::1\"], [\"2026-03-16 16:10:11\", \"LOGIN\", \"::1\"], [\"2026-03-16 16:12:35\", \"LOGOUT\", \"::1\"], [\"2026-03-16 16:13:42\", \"LOGIN\", \"::1\"]]','::1','{\"device\":\"Chrome\",\"version\":\"145.0.0.0\",\"layout\":\"Blink\",\"os\":{\"architecture\":64,\"family\":\"Windows\",\"version\":\"10\"},\"description\":\"Chrome 145.0.0.0 on Windows 10 64-bit\"}',0,'[\"ff7474dcad117e995d53eb0e8354b601996c058ab2213638c62e44958090a2e8\", \"fe5ae53410dced77a1e4d4de94a019cad901678420e37c48d4820d58a23e29e4\", \"cf18f989599a2afdacca0f266192379c426e991e8b8effdf0b86e2d0fcf5d72b\", \"9edb0fad85cd0bc890d957fca12e2f20d91e95a9c5da149446366e5c2ac23a6d\", \"650a9c6b75d24c549925073eb7b2d577c4a740124985429b6a4b29e0d64554f7\", \"ac5d9d50029d4c809b2aa699653382073f4b82d76e62eb95e5492fa78bad04c7\", \"5f67c6dcb49764e58358172b73958ac253ca23d759437cf52c5058fe9af3f401\", \"2656a084d3c814f0821d7dcb0e86a7fdb5decfc7d8cc634fea46b722234a196c\", \"ea27f375eb9cbbc3fd1429bdf4473594807c44ac301c8013a456c1f33f7304fc\", \"d5f1975a6c96613fa27396732bb6fe55a176506efa17e3dcf670c350398b8b82\", \"b163a67527c8bf465487702df277d44bce44a5208cdbae3458a6fc5db2bbdc76\"]',1,2),(67,'2026-03-17 08:11:14','0000-00-00 00:00:00','LOGIN','1','[[\"2026-03-17 08:11:14\", \"LOGIN\", \"::1\"], [\"2026-03-17 10:40:14\", \"LOGIN\", \"::1\"], [\"2026-03-17 13:46:22\", \"LOGIN\", \"::1\"], [\"2026-03-17 22:57:18\", \"LOGIN\", \"::1\"], [\"2026-03-17 23:02:13\", \"LOGIN\", \"10.10.10.48\"]]','::1','{\"device\":\"Chrome\",\"version\":\"145.0.0.0\",\"layout\":\"Blink\",\"os\":{\"architecture\":64,\"family\":\"Windows\",\"version\":\"10\"},\"description\":\"Chrome 145.0.0.0 on Windows 10 64-bit\"}',0,'[\"0e7cb4e0506a21ce1007655bf46f94e860e0143cff4f8935b3284fb6a22c1286\", \"7143ffdc96c25a350d1f0332534a5a23f2c1031f9a8487c038f4adbe310a38f1\", \"b4d2fa59af3d15e88f356b8057078bd9da9e46a6ecd1b5f223f3c5edda5b4eb1\", \"52b2b89cb18a6751a91f80523648577a8ae765c8eb616e07984cd95fbf4681f0\", \"cc4486dd79bf931f8d737d379e7c2c0c573457bedc8d7cd65efbab5742121ae3\"]',1,2),(68,'2026-03-18 02:34:56','0000-00-00 00:00:00','LOGIN','1','[[\"2026-03-18 02:34:56\", \"LOGIN\", \"::1\"]]','::1','{\"device\":\"Chrome\",\"version\":\"146.0.0.0\",\"layout\":\"Blink\",\"os\":{\"architecture\":64,\"family\":\"Windows\",\"version\":\"10\"},\"description\":\"Chrome 146.0.0.0 on Windows 10 64-bit\"}',0,'[\"874c9cc4af41484214316f03c5592d5f4473b6a82b109f49bf6aa411d1b5c0e9\"]',1,2),(69,'2026-03-23 08:23:52','2026-03-23 19:42:05','LOGIN','1','[[\"2026-03-23 08:23:52\", \"LOGIN\", \"::1\"], [\"2026-03-23 16:57:44\", \"LOGIN\", \"::1\"], [\"2026-03-23 18:18:53\", \"LOGOUT\", \"::1\"], [\"2026-03-23 18:19:02\", \"LOGIN\", \"::1\"], [\"2026-03-23 19:42:05\", \"LOGOUT\", \"::1\"], [\"2026-03-23 19:42:10\", \"LOGIN\", \"::1\"]]','::1','{\"device\":\"Chrome\",\"version\":\"146.0.0.0\",\"layout\":\"Blink\",\"os\":{\"architecture\":64,\"family\":\"Windows\",\"version\":\"10\"},\"description\":\"Chrome 146.0.0.0 on Windows 10 64-bit\"}',0,'[\"e7cf09549db5298487d6ba255a346b604b89c5ce599b4a015209293953196134\", \"4b994d52c66479e7b244588d636d82736206a3726ad2071ab72506211901eb06\", \"257aa07316f807e981551f695898ff5a934619a201310bf11cd32d6f307dbbe3\", \"0185f17eb33e1c8922d8e94d2bb2ba49dedea8949ee646063f4965c1dc1f99c2\"]',1,2),(70,'2026-03-24 00:29:16','2026-03-24 02:20:03','LOGIN','1','[[\"2026-03-24 00:29:16\", \"LOGIN\", \"::1\"], [\"2026-03-24 01:58:04\", \"LOGOUT\", \"::1\"], [\"2026-03-24 01:58:16\", \"LOGIN\", \"::1\"], [\"2026-03-24 01:58:34\", \"LOGOUT\", \"::1\"], [\"2026-03-24 01:58:40\", \"LOGIN\", \"::1\"], [\"2026-03-24 02:11:22\", \"LOGOUT\", \"::1\"], [\"2026-03-24 02:11:36\", \"LOGIN\", \"::1\"], [\"2026-03-24 02:11:56\", \"LOGOUT\", \"::1\"], [\"2026-03-24 02:12:36\", \"LOGIN\", \"::1\"], [\"2026-03-24 02:12:43\", \"LOGOUT\", \"::1\"], [\"2026-03-24 02:16:11\", \"LOGIN\", \"::1\"], [\"2026-03-24 02:19:46\", \"LOGOUT\", \"::1\"], [\"2026-03-24 02:19:51\", \"LOGIN\", \"::1\"], [\"2026-03-24 02:20:03\", \"LOGOUT\", \"::1\"], [\"2026-03-24 02:21:54\", \"LOGIN\", \"::1\"], [\"2026-03-24 02:23:26\", \"LOGIN\", \"::1\"]]','::1','{\"device\":\"Chrome\",\"version\":\"146.0.0.0\",\"layout\":\"Blink\",\"os\":{\"architecture\":64,\"family\":\"Windows\",\"version\":\"10\"},\"description\":\"Chrome 146.0.0.0 on Windows 10 64-bit\"}',0,'[\"977c3ff77314fd8c81ada5886b4c83ae2ebede269e5147ef9d7759138d242d61\", \"0c97cdc8fbd3ab09b214accd10042cdcaa9577dd7448db4de7d46e9d37f8ff1d\", \"eeb1bb63c5cb7bb86d2b397fea9480d554d09be8d631c7416e928e3da7cc72f3\", \"df266db825bb110c824075ee823aef6014e64cc06fd381161a87001665392caa\", \"1c11cd3540fb42c6eaf2bf147ba4bccbd72f70f9caed53d573257c4946971c8a\", \"9e513bcafdeb5036352c991f84b363fee7a80916b349c14d2b85a56da0a02b5a\", \"f29972f3e16d94a7f6c79a131beae33035e1bf8fe720c7c2063c408a0bce221d\", \"214807a454509a93f51df6d9c6aad169c874e42e599c5a2ae8d09a2b9dbb26cc\", \"9ac4f73f67b959e336b1c990ff779f321aac15d47aec76ddff9aa54a6871ee7b\"]',1,2),(71,'2026-03-24 02:20:20','2026-03-24 02:21:39','LOGIN','3','[[\"2026-03-24 02:20:20\", \"LOGIN\", \"::1\"], [\"2026-03-24 02:21:39\", \"LOGOUT\", \"::1\"]]','::1','{\"device\":\"Chrome\",\"version\":\"146.0.0.0\",\"layout\":\"Blink\",\"os\":{\"architecture\":64,\"family\":\"Windows\",\"version\":\"10\"},\"description\":\"Chrome 146.0.0.0 on Windows 10 64-bit\"}',0,'[\"82cd165b5dcb97f1b1cd5bbb893c501fc1c215add4152b9ad48f25ca1d447cbd\"]',0,4),(72,'2026-03-25 07:39:33','0000-00-00 00:00:00','LOGIN','1','[[\"2026-03-25 07:39:33\", \"LOGIN\", \"::1\"], [\"2026-03-25 13:08:41\", \"LOGIN\", \"::1\"]]','::1','{\"device\":\"Chrome\",\"version\":\"146.0.0.0\",\"layout\":\"Blink\",\"os\":{\"architecture\":64,\"family\":\"Windows\",\"version\":\"10\"},\"description\":\"Chrome 146.0.0.0 on Windows 10 64-bit\"}',0,'[\"987ed844804d6fca2ac139e6ce424fe358594285ef7491dbbead56e853db3a77\", \"f347d2ce14c424167d3fc260989eaf2c9209c26f02baeee12b73a58665137a86\"]',1,2),(73,'0000-00-00 00:00:00','2026-03-26 13:43:33','LOGOUT','1','[[\"2026-03-26 13:43:33\", \"LOGOUT\", \"::1\"]]','::1','',0,'[\"f347d2ce14c424167d3fc260989eaf2c9209c26f02baeee12b73a58665137a86\"]',1,1),(74,'2026-03-26 13:43:57','2026-03-26 13:44:04','LOGIN','1','[[\"2026-03-26 13:43:57\", \"LOGIN\", \"::1\"], [\"2026-03-26 13:44:04\", \"LOGOUT\", \"::1\"], [\"2026-03-26 14:39:57\", \"LOGIN\", \"::1\"]]','::1','{\"device\":\"Chrome\",\"version\":\"146.0.0.0\",\"layout\":\"Blink\",\"os\":{\"architecture\":64,\"family\":\"Windows\",\"version\":\"10\"},\"description\":\"Chrome 146.0.0.0 on Windows 10 64-bit\"}',0,'[\"511a3f0e9d3a9d5774c1378ef05f7e488138f2c27cc374fee9f5cd0bcd1a87c9\", \"03948a921484b9d138ecf8f2765ce8e80b706cdbf4d3d9213ba313fed5a10cc1\"]',1,2),(75,'2026-03-30 07:42:45','2026-03-30 14:50:57','LOGIN','1','[[\"2026-03-30 07:42:45\", \"LOGIN\", \"::1\"], [\"2026-03-30 13:40:33\", \"LOGIN\", \"::1\"], [\"2026-03-30 14:48:38\", \"LOGOUT\", \"::1\"], [\"2026-03-30 14:48:46\", \"LOGIN\", \"::1\"], [\"2026-03-30 14:50:57\", \"LOGOUT\", \"::1\"], [\"2026-03-30 14:51:32\", \"LOGIN\", \"::1\"]]','::1','{\"device\":\"Chrome\",\"version\":\"146.0.0.0\",\"layout\":\"Blink\",\"os\":{\"architecture\":64,\"family\":\"Windows\",\"version\":\"10\"},\"description\":\"Chrome 146.0.0.0 on Windows 10 64-bit\"}',0,'[\"be31b8bf71c09e59178a67906632af66b3eda5ac828a7062b8459f3dfc7e5a6f\", \"934e8d15d820ab25dad40348b7bbb64a220b015b7f66457e93f07e0152e5ae81\", \"6e70d299494fb1d042a1357d63902b611d3c82ac742e69b0046087ca6d79cbed\", \"005f9e35ac36f28657cb04df4f247a0ec661389dc2eea509e9ad85ec6ffb16d6\"]',1,2),(76,'2026-03-31 08:16:47','2026-03-31 15:56:01','LOGIN','1','[[\"2026-03-31 08:16:47\", \"LOGIN\", \"::1\"], [\"2026-03-31 15:53:03\", \"LOGIN\", \"::1\"], [\"2026-03-31 15:56:01\", \"LOGOUT\", \"::1\"], [\"2026-03-31 15:56:06\", \"LOGIN\", \"::1\"]]','::1','{\"device\":\"Chrome\",\"version\":\"146.0.0.0\",\"layout\":\"Blink\",\"os\":{\"architecture\":64,\"family\":\"Windows\",\"version\":\"10\"},\"description\":\"Chrome 146.0.0.0 on Windows 10 64-bit\"}',0,'[\"6e76a88ef2ca33dd651c81dab8536a21444ecb40b399417c5b752b3eee4930d9\", \"0a2ba618d84e965a22970dc7903c9e837df95ba8059d697783e12dccb8f0e9f5\", \"de318cb42fecb8c699075068b3d75768dfafda5e12734f3add71e10fde1395dc\"]',1,2),(77,'2026-04-06 10:59:52','0000-00-00 00:00:00','LOGIN','1','[[\"2026-04-06 10:59:52\", \"LOGIN\", \"::1\"]]','::1','{\"device\":\"Chrome\",\"version\":\"146.0.0.0\",\"layout\":\"Blink\",\"os\":{\"architecture\":64,\"family\":\"Windows\",\"version\":\"10\"},\"description\":\"Chrome 146.0.0.0 on Windows 10 64-bit\"}',0,'[\"eda99fd8a42298c3b1072ca7d0b05bc3471e245ac631a2f3c2524c4badcb8215\"]',1,2),(78,'2026-04-07 08:13:50','0000-00-00 00:00:00','LOGIN','1','[[\"2026-04-07 08:13:50\", \"LOGIN\", \"::1\"], [\"2026-04-07 15:04:15\", \"LOGIN\", \"::1\"]]','::1','{\"device\":\"Chrome\",\"version\":\"146.0.0.0\",\"layout\":\"Blink\",\"os\":{\"architecture\":64,\"family\":\"Windows\",\"version\":\"10\"},\"description\":\"Chrome 146.0.0.0 on Windows 10 64-bit\"}',0,'[\"8a9a1f7ea3cb64395184b466fa811d77563abb8b1625d861cb1afd172f6d7744\", \"1d9d95e95ffaf93a7e57bab42fed3280a50dc3415bfe405947c4a04b9514a78d\"]',1,2),(79,'2026-04-08 07:54:56','2026-04-08 14:59:58','LOGIN','1','[[\"2026-04-08 07:54:56\", \"LOGIN\", \"::1\"], [\"2026-04-08 08:56:02\", \"LOGIN\", \"10.10.10.67\"], [\"2026-04-08 14:29:54\", \"LOGIN\", \"::1\"], [\"2026-04-08 14:57:18\", \"LOGOUT\", \"::1\"], [\"2026-04-08 14:57:32\", \"LOGIN\", \"::1\"], [\"2026-04-08 14:59:58\", \"LOGOUT\", \"::1\"], [\"2026-04-08 15:00:07\", \"LOGIN\", \"::1\"]]','::1','{\"device\":\"Chrome\",\"version\":\"146.0.0.0\",\"layout\":\"Blink\",\"os\":{\"architecture\":64,\"family\":\"Windows\",\"version\":\"10\"},\"description\":\"Chrome 146.0.0.0 on Windows 10 64-bit\"}',0,'[\"9552c042a293c0f465ee3435a74cb2854f041e55177833e27b1bdb5549186ba4\", \"64a0e96372f22f10b68c9aa80a63603a3b193891f165f0fb50ac664e8e069770\", \"5cdadb70b5ca035a17334c6cd7cfe30d14a0d7b134d21d555668fab925f34077\", \"b414a07ced7c544dc75eea8e9cd4170a53179e55ff9d9afa93822a94766d7267\", \"5c8b1b7b799296d913f8db0bf3d03d4474912e6a578fd7766c5186f77d92c1b0\"]',1,2),(80,'2026-04-08 14:55:30','0000-00-00 00:00:00','LOGIN','3','[[\"2026-04-08 14:55:30\", \"LOGIN\", \"::1\"]]','::1','{\"device\":\"Chrome\",\"version\":\"146.0.0.0\",\"layout\":\"Blink\",\"os\":{\"architecture\":64,\"family\":\"Windows\",\"version\":\"10\"},\"description\":\"Chrome 146.0.0.0 on Windows 10 64-bit\"}',0,'[\"861a636cde6550ca416c9d81b4a2bd73b62480796c1cfeb7a947cf47dff36fc4\"]',1,4),(81,'2026-04-10 08:12:58','2026-04-10 11:11:40','LOGIN','1','[[\"2026-04-10 08:12:58\", \"LOGIN\", \"::1\"], [\"2026-04-10 11:10:46\", \"LOGIN\", \"::1\"], [\"2026-04-10 11:11:40\", \"LOGOUT\", \"::1\"], [\"2026-04-10 11:13:58\", \"LOGIN\", \"::1\"]]','::1','{\"device\":\"Chrome\",\"version\":\"146.0.0.0\",\"layout\":\"Blink\",\"os\":{\"architecture\":64,\"family\":\"Windows\",\"version\":\"10\"},\"description\":\"Chrome 146.0.0.0 on Windows 10 64-bit\"}',0,'[\"2f94135875853c009e23ec27589a4053e3170e2732a8dd00774b77707b3e06c0\", \"bbf4d6df41b1b7815f37e70ef144ec1c7de023b721b68134c0bc6fafb0aa47fc\", \"59795a22ecf865e6f14c106202c3a5a3cd080194c1568b4f25250a93ce2f29df\"]',1,2),(82,'2026-04-10 10:59:23','2026-04-10 11:11:33','LOGIN','3','[[\"2026-04-10 10:59:23\", \"LOGIN\", \"::1\"], [\"2026-04-10 11:11:33\", \"LOGOUT\", \"::1\"]]','::1','{\"device\":\"Chrome\",\"version\":\"146.0.0.0\",\"layout\":\"Blink\",\"os\":{\"architecture\":64,\"family\":\"Windows\",\"version\":\"10\"},\"description\":\"Chrome 146.0.0.0 on Windows 10 64-bit\"}',0,'[\"cab280f6af08d81141afb6c6633e8679c3b739b16eb6df77c13172387f6b1c34\"]',0,4),(83,'2026-04-10 11:13:34','0000-00-00 00:00:00','LOGIN','13','[[\"2026-04-10 11:13:34\", \"LOGIN\", \"::1\"]]','::1','{\"device\":\"Chrome\",\"version\":\"146.0.0.0\",\"layout\":\"Blink\",\"os\":{\"architecture\":64,\"family\":\"Windows\",\"version\":\"10\"},\"description\":\"Chrome 146.0.0.0 on Windows 10 64-bit\"}',0,'[\"2116378c565ae4a2c007b416c07929f6bd53b2ba9c7180e18ebba960e3ccac21\"]',1,4),(84,'2026-04-14 07:50:52','0000-00-00 00:00:00','LOGIN','1','[[\"2026-04-14 07:50:52\", \"LOGIN\", \"::1\"], [\"2026-04-14 14:19:50\", \"LOGIN\", \"::1\"]]','::1','{\"device\":\"Chrome\",\"version\":\"146.0.0.0\",\"layout\":\"Blink\",\"os\":{\"architecture\":64,\"family\":\"Windows\",\"version\":\"10\"},\"description\":\"Chrome 146.0.0.0 on Windows 10 64-bit\"}',0,'[\"508c1d8b0c8f4bb09ead1a8cd711de1ef95e7a7019609015cbcd61d859f1e950\", \"dd1752766eaa7a0f5ef198c9f4c914b80ccca14c1a984164b23ccd484a01a1eb\"]',1,2),(85,'2026-04-14 08:37:28','0000-00-00 00:00:00','LOGIN','3','[[\"2026-04-14 08:37:28\", \"LOGIN\", \"::1\"], [\"2026-04-14 14:19:10\", \"LOGIN\", \"::1\"], [\"2026-04-14 16:59:27\", \"LOGIN\", \"::1\"]]','::1','{\"device\":\"Chrome\",\"version\":\"146.0.0.0\",\"layout\":\"Blink\",\"os\":{\"architecture\":64,\"family\":\"Windows\",\"version\":\"10\"},\"description\":\"Chrome 146.0.0.0 on Windows 10 64-bit\"}',0,'[\"cf8ad97598eb6e09dbb1a8583542ad90cc567e3868df2c2b889634f004fa2a68\", \"3db5842a2639a8d8af8f4bcc178b3086762a6a1eb952d17f7197a616dc1f1143\", \"482476c7360a7fa796ca002aee882f39c914bb10cefcf1efb230134015580ab0\"]',1,4),(86,'2026-04-15 13:30:29','0000-00-00 00:00:00','LOGIN','1','[[\"2026-04-15 13:30:29\", \"LOGIN\", \"::1\"], [\"2026-04-15 16:12:17\", \"LOGIN\", \"::1\"]]','::1','{\"device\":\"Chrome\",\"version\":\"147.0.0.0\",\"layout\":\"Blink\",\"os\":{\"architecture\":64,\"family\":\"Windows\",\"version\":\"10\"},\"description\":\"Chrome 147.0.0.0 on Windows 10 64-bit\"}',0,'[\"00abc589f3d571e832412d0a9b26b150aa9b36ab43cc43cc789d138a6e05f678\", \"d6088ae6029f899e7461d1cd925f1d2f7abc053232e706a4d08edb4aa57075cc\"]',1,2),(87,'2026-04-15 16:19:12','2026-04-15 17:33:23','LOGIN','3','[[\"2026-04-15 16:19:12\", \"LOGIN\", \"::1\"], [\"2026-04-15 17:33:23\", \"LOGOUT\", \"::1\"]]','::1','{\"device\":\"Chrome\",\"version\":\"147.0.0.0\",\"layout\":\"Blink\",\"os\":{\"architecture\":64,\"family\":\"Windows\",\"version\":\"10\"},\"description\":\"Chrome 147.0.0.0 on Windows 10 64-bit\"}',0,'[\"de62cac8a5c2d95c1d43fa686f46d33a40ec1d63b16b7b1e0ff498f287a15965\"]',0,4),(88,'2026-04-16 08:28:29','0000-00-00 00:00:00','LOGIN','1','[[\"2026-04-16 08:28:29\", \"LOGIN\", \"::1\"], [\"2026-04-16 11:17:32\", \"LOGIN\", \"::1\"], [\"2026-04-16 11:20:24\", \"LOGIN\", \"10.10.10.54\"], [\"2026-04-16 11:20:39\", \"LOGIN\", \"10.10.10.54\"], [\"2026-04-16 11:27:14\", \"LOGIN\", \"::1\"], [\"2026-04-16 16:10:40\", \"LOGIN\", \"::1\"]]','::1','{\"device\":\"Chrome\",\"version\":\"147.0.0.0\",\"layout\":\"Blink\",\"os\":{\"architecture\":64,\"family\":\"Windows\",\"version\":\"10\"},\"description\":\"Chrome 147.0.0.0 on Windows 10 64-bit\"}',0,'[\"3c673f5b358bcff3722b1ac8c373618d3f3ed8dc1dcc96815ff69bfa8fb0fead\", \"b1db1dc2ff607b268e68ca354730d5c0a7526e499873600373c1c2aea80aea3d\", \"47bd24e725073829c203be1f1d5965e7681a45c07b8ed64164a3bd03b3dd36a3\", \"4a584a6a5f7b70b98a9507d10529d4703b69ed349982190ee169e9045d52c875\", \"d4f126c66140e282244761cd696f2c07f8954cbe08971ca9fa15f099f24b1ccd\", \"bfce93cccc173b4c01089371d9e35f1c3fab02e3934b0da6860ab07b657b9549\"]',1,2),(89,'2026-04-16 14:09:00','0000-00-00 00:00:00','LOGIN','3','[[\"2026-04-16 14:09:00\", \"LOGIN\", \"::1\"], [\"2026-04-16 16:10:04\", \"LOGIN\", \"::1\"]]','::1','{\"device\":\"Chrome\",\"version\":\"147.0.0.0\",\"layout\":\"Blink\",\"os\":{\"architecture\":64,\"family\":\"Windows\",\"version\":\"10\"},\"description\":\"Chrome 147.0.0.0 on Windows 10 64-bit\"}',0,'[\"27bbcafe005e167f1a164ca52f3823dc148a93518f9638dc59d8387e91458532\", \"7753df62294351394bd7480b422f4fbe26b2238a807cf239bd216e0b44ee3d02\"]',1,4),(90,'2026-04-20 08:13:14','2026-04-20 11:20:19','LOGIN','1','[[\"2026-04-20 08:13:14\", \"LOGIN\", \"::1\"], [\"2026-04-20 10:58:18\", \"LOGOUT\", \"::1\"], [\"2026-04-20 10:58:28\", \"LOGIN\", \"::1\"], [\"2026-04-20 11:00:53\", \"LOGOUT\", \"::1\"], [\"2026-04-20 11:06:31\", \"LOGIN\", \"::1\"], [\"2026-04-20 11:20:19\", \"LOGOUT\", \"::1\"], [\"2026-04-20 11:20:26\", \"LOGIN\", \"::1\"], [\"2026-04-20 14:03:53\", \"LOGIN\", \"::1\"]]','::1','{\"device\":\"Chrome\",\"version\":\"147.0.0.0\",\"layout\":\"Blink\",\"os\":{\"architecture\":64,\"family\":\"Windows\",\"version\":\"10\"},\"description\":\"Chrome 147.0.0.0 on Windows 10 64-bit\"}',0,'[\"496d8149b931f70287e3b98aedca3a9c6b803ec322d8a410ebef243b9509624c\", \"0c0750973a2875f2d85ee311609bef986b3505ec07b8158688eacea318636f37\", \"9f1c78cc29ccf3c6442d36f2c08253314bdd8dbff4b5746e4bbb0eeace159175\", \"508c593abaf9fccd36b2ef848968ac99659792afa03eb23f46e6aeb375db72a4\", \"ee7c0ccfbe4ff47e940b091ea6a3032a5ef094a299ff2d42f7bbb3d1994e0d69\"]',1,2),(91,'2026-04-20 11:06:17','2026-04-20 16:32:06','LOGIN','15','[[\"2026-04-20 11:06:17\", \"LOGIN\", \"::1\"], [\"2026-04-20 11:24:41\", \"LOGOUT\", \"::1\"], [\"2026-04-20 14:11:31\", \"LOGIN\", \"::1\"], [\"2026-04-20 16:32:06\", \"LOGOUT\", \"::1\"]]','::1','{\"device\":\"Chrome\",\"version\":\"147.0.0.0\",\"layout\":\"Blink\",\"os\":{\"architecture\":64,\"family\":\"Windows\",\"version\":\"10\"},\"description\":\"Chrome 147.0.0.0 on Windows 10 64-bit\"}',0,'[\"66772287249e885e42d13fee17c16c25c082d8eb88298e0f6faf7268cbf9d30b\", \"58793b48da67a41a7c52dc7a34d24ae520d753293fc578a7d0b0e55c98751bca\"]',0,3),(92,'2026-04-20 11:24:55','2026-04-20 16:32:52','LOGIN','3','[[\"2026-04-20 11:24:55\", \"LOGIN\", \"::1\"], [\"2026-04-20 16:32:30\", \"LOGIN\", \"::1\"], [\"2026-04-20 16:32:52\", \"LOGOUT\", \"::1\"], [\"2026-04-20 16:42:06\", \"LOGIN\", \"::1\"]]','::1','{\"device\":\"Chrome\",\"version\":\"147.0.0.0\",\"layout\":\"Blink\",\"os\":{\"architecture\":64,\"family\":\"Windows\",\"version\":\"10\"},\"description\":\"Chrome 147.0.0.0 on Windows 10 64-bit\"}',0,'[\"a131fd88512ac69254903327f0ed6f1cac62abf02aa79d834d981080d5091917\", \"4c50827a9d8fb3fc212aedabf4ed97b46eec89ffcc2ad35476bfbcbda43fab86\", \"7f48cd70765cac76d50337220bdd30c595bc4f1569ed24b24af8355f8ddc6e9a\"]',1,4),(93,'2026-04-22 13:49:39','0000-00-00 00:00:00','LOGIN','1','[[\"2026-04-22 13:49:39\", \"LOGIN\", \"::1\"], [\"2026-04-22 14:25:24\", \"LOGIN\", \"::1\"]]','::1','{\"device\":\"Chrome\",\"version\":\"147.0.0.0\",\"layout\":\"Blink\",\"os\":{\"architecture\":64,\"family\":\"Windows\",\"version\":\"10\"},\"description\":\"Chrome 147.0.0.0 on Windows 10 64-bit\"}',0,'[\"626d1d6c4701d0dc1b8a5aa58db7f3f5f6a779d224f71f17e55f838ebec9d569\", \"b1b7df4add13ec2cfa70abf1bcc894ad67b36fea8a060a1893724d2c901c22fd\"]',1,2),(94,'2026-04-22 13:50:14','0000-00-00 00:00:00','LOGIN','15','[[\"2026-04-22 13:50:14\", \"LOGIN\", \"::1\"]]','::1','{\"device\":\"Chrome\",\"version\":\"147.0.0.0\",\"layout\":\"Blink\",\"os\":{\"architecture\":64,\"family\":\"Windows\",\"version\":\"10\"},\"description\":\"Chrome 147.0.0.0 on Windows 10 64-bit\"}',0,'[\"37ffcb3905e042ed5238f29cd7aef02721f0ef713aa2a1a09975325b58758fa8\"]',1,3),(95,'2026-04-24 08:25:10','2026-04-24 09:15:52','LOGIN','1','[[\"2026-04-24 08:25:10\", \"LOGIN\", \"::1\"], [\"2026-04-24 09:15:52\", \"LOGOUT\", \"::1\"], [\"2026-04-24 10:15:55\", \"LOGIN\", \"::1\"], [\"2026-04-24 16:46:01\", \"LOGIN\", \"::1\"]]','::1','{\"device\":\"Chrome\",\"version\":\"147.0.0.0\",\"layout\":\"Blink\",\"os\":{\"architecture\":64,\"family\":\"Windows\",\"version\":\"10\"},\"description\":\"Chrome 147.0.0.0 on Windows 10 64-bit\"}',0,'[\"0e9ff4f151794b66f74157ed0d1f412e12d3fe866550b0b589d93f2b9fe14285\", \"f27cf2de370ca661042ec82f3a699859a9b26a2c9c02242f13db3251df335b2e\", \"36fef27b3c0197bf96388c2dfac066753375c9dfc6ddd8ce8897aa28866662cb\"]',1,2),(96,'2026-04-24 08:43:44','2026-04-24 10:15:29','LOGIN','15','[[\"2026-04-24 08:43:44\", \"LOGIN\", \"::1\"], [\"2026-04-24 10:15:29\", \"LOGOUT\", \"::1\"]]','::1','{\"device\":\"Chrome\",\"version\":\"147.0.0.0\",\"layout\":\"Blink\",\"os\":{\"architecture\":64,\"family\":\"Windows\",\"version\":\"10\"},\"description\":\"Chrome 147.0.0.0 on Windows 10 64-bit\"}',0,'[\"c001ddb64937f1e0589005197b686e4cec7478d0b8aac70cae87ff56e4b917ae\"]',0,3),(97,'2026-04-24 09:16:09','2026-04-24 16:45:49','LOGIN','3','[[\"2026-04-24 09:16:09\", \"LOGIN\", \"::1\"], [\"2026-04-24 13:44:51\", \"LOGIN\", \"::1\"], [\"2026-04-24 14:16:55\", \"LOGIN\", \"::1\"], [\"2026-04-24 14:44:13\", \"LOGIN\", \"::1\"], [\"2026-04-24 16:45:49\", \"LOGOUT\", \"::1\"]]','::1','{\"device\":\"Chrome\",\"version\":\"147.0.0.0\",\"layout\":\"Blink\",\"os\":{\"architecture\":64,\"family\":\"Windows\",\"version\":\"10\"},\"description\":\"Chrome 147.0.0.0 on Windows 10 64-bit\"}',0,'[\"85b0c5293be4a4cd61133474040a73a0cd52b7543cfeedf6f0b3bc5b5ed93c01\", \"3c73afd71999935dcafad210e6f67cf17947541f5a5e4e08cb986ea54a0105ac\", \"6a4742260a1697703ff842b124d1e6c0f805111f3b1e25fbb008beff0f823de7\", \"6bc8fe91b25fcbe30f3fa8a6ff0f2c09ccb32e51f19e984e0f67bea8a5930ed2\"]',0,4),(98,'2026-04-27 10:14:39','0000-00-00 00:00:00','LOGIN','1','[[\"2026-04-27 10:14:39\", \"LOGIN\", \"::1\"], [\"2026-04-27 13:14:41\", \"LOGIN\", \"::1\"]]','::1','{\"device\":\"Chrome\",\"version\":\"147.0.0.0\",\"layout\":\"Blink\",\"os\":{\"architecture\":64,\"family\":\"Windows\",\"version\":\"10\"},\"description\":\"Chrome 147.0.0.0 on Windows 10 64-bit\"}',0,'[\"7ab70b5d0dec860722a2ff47ff8dde451a03547212b615725fe12db06a36eb49\", \"09e61313314828b015182dd5b20573eef1ef1623ebd041ec6d53f68df35c5793\"]',1,2),(99,'2026-04-28 08:15:14','2026-04-28 16:20:31','LOGIN','1','[[\"2026-04-28 08:15:14\", \"LOGIN\", \"::1\"], [\"2026-04-28 08:59:34\", \"LOGOUT\", \"::1\"], [\"2026-04-28 08:59:49\", \"LOGIN\", \"::1\"], [\"2026-04-28 14:58:38\", \"LOGIN\", \"::1\"], [\"2026-04-28 16:20:31\", \"LOGOUT\", \"::1\"], [\"2026-04-28 16:20:40\", \"LOGIN\", \"::1\"]]','::1','{\"device\":\"Chrome\",\"version\":\"147.0.0.0\",\"layout\":\"Blink\",\"os\":{\"architecture\":64,\"family\":\"Windows\",\"version\":\"10\"},\"description\":\"Chrome 147.0.0.0 on Windows 10 64-bit\"}',0,'[\"1f0ca3064d37430898709a8035925b0902e174071e1dda9bd9cf581a1858b9de\", \"32b49a874c7bac5d8728a6c3065b933c4d97095b38231fe6f661a36806ad3185\", \"ffffc479e15a10315af40fb0bc6cf9006c482d51270ac1298ea4430b60f1584f\", \"ab4c16520e55786d4c18a1db50c51e57efdd95963dccfcf5f975b709e6165866\"]',1,1),(100,'2026-04-30 08:06:04','2026-04-30 15:07:59','LOGIN','1','[[\"2026-04-30 08:06:04\", \"LOGIN\", \"::1\"], [\"2026-04-30 09:48:44\", \"LOGOUT\", \"::1\"], [\"2026-04-30 09:48:52\", \"LOGIN\", \"::1\"], [\"2026-04-30 14:44:31\", \"LOGIN\", \"::1\"], [\"2026-04-30 15:07:31\", \"LOGOUT\", \"::1\"], [\"2026-04-30 15:07:40\", \"LOGIN\", \"::1\"], [\"2026-04-30 15:07:59\", \"LOGOUT\", \"::1\"]]','::1','{\"device\":\"Chrome\",\"version\":\"147.0.0.0\",\"layout\":\"Blink\",\"os\":{\"architecture\":64,\"family\":\"Windows\",\"version\":\"10\"},\"description\":\"Chrome 147.0.0.0 on Windows 10 64-bit\"}',0,'[\"1e8cdc5bfe78f39783a094ca548109fb79fe79d8087e3b239a547fab9476bd6f\", \"f3d53e1a0d108b7969bbe2a408ccef4c846280b95684fd219608230700b15203\", \"6b7547ecb28704289d0439c035d74ca3d6b76e987cb4768bbc1237d34ef90622\", \"9289144664d95753e33c4e8050d7c08d3844520dcd04b7f8712e54879e374164\"]',0,1),(101,'2026-04-30 15:08:13','0000-00-00 00:00:00','LOGIN','2','[[\"2026-04-30 15:08:13\", \"LOGIN\", \"::1\"]]','::1','{\"device\":\"Chrome\",\"version\":\"147.0.0.0\",\"layout\":\"Blink\",\"os\":{\"architecture\":64,\"family\":\"Windows\",\"version\":\"10\"},\"description\":\"Chrome 147.0.0.0 on Windows 10 64-bit\"}',0,'[\"164111a38811f65078f8b96be4bd4e17ec2399da4ef8ebfc27c45b654e824362\"]',1,3),(102,'2026-05-04 07:58:26','2026-05-04 16:45:36','LOGIN','1','[[\"2026-05-04 07:58:26\", \"LOGIN\", \"::1\"], [\"2026-05-04 08:25:36\", \"LOGOUT\", \"::1\"], [\"2026-05-04 10:52:26\", \"LOGIN\", \"::1\"], [\"2026-05-04 16:45:27\", \"LOGIN\", \"::1\"], [\"2026-05-04 16:45:36\", \"LOGOUT\", \"::1\"], [\"2026-05-04 16:45:41\", \"LOGIN\", \"::1\"]]','::1','{\"device\":\"Chrome\",\"version\":\"147.0.0.0\",\"layout\":\"Blink\",\"os\":{\"architecture\":64,\"family\":\"Windows\",\"version\":\"10\"},\"description\":\"Chrome 147.0.0.0 on Windows 10 64-bit\"}',0,'[\"c7f9133faa38553483670cea83d04deea92a7d4e96fe23bcbace8ecd5c631f7e\", \"747b28607b5fdaaaf427a56264ca21a6dcb44f0d9aaf47d87ed31e972e2128e3\", \"429a86fcef16670e64e05e763032b29ffb6d19383a0d177c23ac62eb01fd9e1f\", \"776508f6ab365dba57479c16b713cf6524046a7f8abeb93253552e0ae3fc417b\"]',1,2),(103,'2026-05-04 08:25:49','2026-05-04 16:45:14','LOGIN','15','[[\"2026-05-04 08:25:49\", \"LOGIN\", \"::1\"], [\"2026-05-04 10:46:33\", \"LOGIN\", \"::1\"], [\"2026-05-04 16:44:30\", \"LOGIN\", \"::1\"], [\"2026-05-04 16:45:14\", \"LOGOUT\", \"::1\"]]','::1','{\"device\":\"Chrome\",\"version\":\"147.0.0.0\",\"layout\":\"Blink\",\"os\":{\"architecture\":64,\"family\":\"Windows\",\"version\":\"10\"},\"description\":\"Chrome 147.0.0.0 on Windows 10 64-bit\"}',0,'[\"752bfd224a6e66c4db8651a21811fe4a389b54e873327304b4794f2af242c71b\", \"47b68fd62e476a5e19b494a2b0f6f176346b12da8dd4557ea63aa763cb73ba85\", \"60107e08b41e2fcbaf89cbe524d58266b4540f1363b4959cfa0bd78ac51cf23a\"]',0,3),(104,'2026-05-04 10:51:12','2026-05-04 10:52:06','LOGIN','3','[[\"2026-05-04 10:51:12\", \"LOGIN\", \"::1\"], [\"2026-05-04 10:52:06\", \"LOGOUT\", \"::1\"], [\"2026-05-04 17:37:15\", \"LOGIN\", \"::1\"]]','::1','{\"device\":\"Chrome\",\"version\":\"147.0.0.0\",\"layout\":\"Blink\",\"os\":{\"architecture\":64,\"family\":\"Windows\",\"version\":\"10\"},\"description\":\"Chrome 147.0.0.0 on Windows 10 64-bit\"}',0,'[\"0b19819731166fa1b44e1ef41fb52447166ba897eea82996bd18546a8172df69\", \"ad07d9dc5062a6afa3d7d1b6c2e1a1a67446c9420c9aea6c873c200834caae06\"]',1,4),(105,'2026-05-05 08:30:36','2026-05-05 16:05:56','LOGIN','1','[[\"2026-05-05 08:30:36\", \"LOGIN\", \"::1\"], [\"2026-05-05 14:48:48\", \"LOGIN\", \"::1\"], [\"2026-05-05 15:33:22\", \"LOGOUT\", \"::1\"], [\"2026-05-05 15:33:38\", \"LOGIN\", \"::1\"], [\"2026-05-05 16:05:56\", \"LOGOUT\", \"::1\"], [\"2026-05-05 16:15:39\", \"LOGIN\", \"::1\"]]','::1','{\"device\":\"Chrome\",\"version\":\"147.0.0.0\",\"layout\":\"Blink\",\"os\":{\"architecture\":64,\"family\":\"Windows\",\"version\":\"10\"},\"description\":\"Chrome 147.0.0.0 on Windows 10 64-bit\"}',0,'[\"b4aa00ef832ee9444c57f55cfd4b7ef74ac7fb89929b21b58abf078d550346a0\", \"ad18f1e4c6100365beb58dd3d76816f38b8413322315e364111205817bc9eafa\", \"d29d6cb7677eed51e2aa4acb428c64132ad5c5f578bfe78b47893300ae6b6310\", \"27bad1bb79e3eb8a92a37c3da0a8f489a372f5f8ff03468b43506c35060efd97\"]',1,1),(106,'2026-05-05 16:06:15','2026-05-05 16:15:26','LOGIN','15','[[\"2026-05-05 16:06:15\", \"LOGIN\", \"::1\"], [\"2026-05-05 16:15:26\", \"LOGOUT\", \"::1\"]]','::1','{\"device\":\"Chrome\",\"version\":\"147.0.0.0\",\"layout\":\"Blink\",\"os\":{\"architecture\":64,\"family\":\"Windows\",\"version\":\"10\"},\"description\":\"Chrome 147.0.0.0 on Windows 10 64-bit\"}',0,'[\"6fff6b101e3a0fb358ea7d4c24b0cee0abac771c1cc2666b5bcce65a7731fcf9\"]',0,3),(107,'2026-05-11 08:25:00','2026-05-11 08:30:20','LOGIN','1','[[\"2026-05-11 08:25:00\", \"LOGIN\", \"::1\"], [\"2026-05-11 08:30:20\", \"LOGOUT\", \"::1\"], [\"2026-05-11 08:30:46\", \"LOGIN\", \"::1\"], [\"2026-05-11 08:33:14\", \"LOGIN\", \"::1\"]]','::1','{\"device\":\"Chrome\",\"version\":\"147.0.0.0\",\"layout\":\"Blink\",\"os\":{\"architecture\":64,\"family\":\"Windows\",\"version\":\"10\"},\"description\":\"Chrome 147.0.0.0 on Windows 10 64-bit\"}',0,'[\"465459755a7ef0c67d33ff0755f6e8c9c21cca2f9fd4c5da40d0718cb110e851\", \"833521692f755b6d20405e07484c9d5c50f68891b9adaa33c18ea0363460909c\", \"133ff6f7b808cef5fdddec2d3f6c96abb7d82ef1217cb64e899843883ccda078\"]',1,2);
/*!40000 ALTER TABLE `user_log` ENABLE KEYS */;
UNLOCK TABLES;

--
-- Table structure for table `user_log_events`
--

DROP TABLE IF EXISTS `user_log_events`;
/*!40101 SET @saved_cs_client     = @@character_set_client */;
/*!40101 SET character_set_client = utf8 */;
CREATE TABLE `user_log_events` (
  `event_id` int(11) NOT NULL AUTO_INCREMENT,
  `user_id` int(11) NOT NULL,
  `action` varchar(20) NOT NULL,
  `event_time` datetime NOT NULL,
  `ip_address` varchar(45) NOT NULL DEFAULT '',
  `device` text DEFAULT NULL,
  `session_token` varchar(255) NOT NULL DEFAULT '',
  `user_level` varchar(100) NOT NULL DEFAULT '',
  `source` varchar(50) NOT NULL DEFAULT 'system',
  PRIMARY KEY (`event_id`),
  KEY `idx_user_id` (`user_id`),
  KEY `idx_event_time` (`event_time`),
  KEY `idx_action` (`action`)
) ENGINE=InnoDB AUTO_INCREMENT=297 DEFAULT CHARSET=utf8mb4 COLLATE=utf8mb4_general_ci;
/*!40101 SET character_set_client = @saved_cs_client */;

--
-- Dumping data for table `user_log_events`
--

LOCK TABLES `user_log_events` WRITE;
/*!40000 ALTER TABLE `user_log_events` DISABLE KEYS */;
INSERT INTO `user_log_events` VALUES (1,4,'LOGIN','2026-02-24 09:37:41','::1','{\"device\":\"Chrome\",\"version\":\"145.0.0.0\",\"layout\":\"Blink\",\"os\":{\"architecture\":64,\"family\":\"Windows\",\"version\":\"10\"},\"description\":\"Chrome 145.0.0.0 on Windows 10 64-bit\"}','fa4802a9c6cdbbe89c10da9be72ae92df74abb01033087d4eb747e3dd62a6f2e','3','system'),(2,4,'LOGIN','2026-02-24 09:38:07','::1','{\"device\":\"Chrome\",\"version\":\"145.0.0.0\",\"layout\":\"Blink\",\"os\":{\"architecture\":64,\"family\":\"Windows\",\"version\":\"10\"},\"description\":\"Chrome 145.0.0.0 on Windows 10 64-bit\"}','a466662736b9178563f9492641d0ee042fe5506616689d61532efefa71e474fa','3','system'),(3,4,'LOGIN','2026-02-24 09:41:40','::1','{\"device\":\"Chrome\",\"version\":\"145.0.0.0\",\"layout\":\"Blink\",\"os\":{\"architecture\":64,\"family\":\"Windows\",\"version\":\"10\"},\"description\":\"Chrome 145.0.0.0 on Windows 10 64-bit\"}','96de45e53fe0a89451f8620aa70acaca6cf8a5fc7f037df463b23a3884a7f8aa','3','system'),(4,4,'LOGOUT','2026-02-24 09:41:42','::1','{\"device\":\"Chrome\",\"version\":\"145.0.0.0\",\"layout\":\"Blink\",\"os\":{\"architecture\":64,\"family\":\"Windows\",\"version\":\"10\"},\"description\":\"Chrome 145.0.0.0 on Windows 10 64-bit\"}','96de45e53fe0a89451f8620aa70acaca6cf8a5fc7f037df463b23a3884a7f8aa','ADMIN_STAFF','system'),(5,4,'LOGIN','2026-02-24 09:42:01','::1','{\"device\":\"Chrome\",\"version\":\"145.0.0.0\",\"layout\":\"Blink\",\"os\":{\"architecture\":64,\"family\":\"Windows\",\"version\":\"10\"},\"description\":\"Chrome 145.0.0.0 on Windows 10 64-bit\"}','51d5d11267077e9c6639c4b7c94334b4b940016f6051d6b3144fa95c0fb5470b','3','system'),(6,1,'LOGIN','2026-02-24 10:36:17','::1','{\"device\":\"Chrome\",\"version\":\"145.0.0.0\",\"layout\":\"Blink\",\"os\":{\"architecture\":64,\"family\":\"Windows\",\"version\":\"10\"},\"description\":\"Chrome 145.0.0.0 on Windows 10 64-bit\"}','dda9f33fdb9726d9666bf3c4f4a9dbb5fcc97b7628473d96301e9b54d4e763fa','1','system'),(7,1,'LOGOUT','2026-02-24 11:39:11','::1','{\"device\":\"Chrome\",\"version\":\"145.0.0.0\",\"layout\":\"Blink\",\"os\":{\"architecture\":64,\"family\":\"Windows\",\"version\":\"10\"},\"description\":\"Chrome 145.0.0.0 on Windows 10 64-bit\"}','dda9f33fdb9726d9666bf3c4f4a9dbb5fcc97b7628473d96301e9b54d4e763fa','SUPER_ADMIN','system'),(8,1,'LOGIN','2026-02-24 11:39:29','::1','{\"device\":\"Chrome\",\"version\":\"145.0.0.0\",\"layout\":\"Blink\",\"os\":{\"architecture\":64,\"family\":\"Windows\",\"version\":\"10\"},\"description\":\"Chrome 145.0.0.0 on Windows 10 64-bit\"}','a4d01a63089ad89654a68f6c87e6588cac7285b03762b00ecbae3692d66a972d','2','system'),(9,1,'LOGOUT','2026-02-24 13:22:57','::1','{\"device\":\"Chrome\",\"version\":\"145.0.0.0\",\"layout\":\"Blink\",\"os\":{\"architecture\":64,\"family\":\"Windows\",\"version\":\"10\"},\"description\":\"Chrome 145.0.0.0 on Windows 10 64-bit\"}','a4d01a63089ad89654a68f6c87e6588cac7285b03762b00ecbae3692d66a972d','ADMIN','system'),(10,1,'LOGIN','2026-02-24 13:23:21','::1','{\"device\":\"Chrome\",\"version\":\"145.0.0.0\",\"layout\":\"Blink\",\"os\":{\"architecture\":64,\"family\":\"Windows\",\"version\":\"10\"},\"description\":\"Chrome 145.0.0.0 on Windows 10 64-bit\"}','84cda3da6f4983011cc22b270e49f6024ab209be8faf6ab05a1efb2db35325f4','1','system'),(11,1,'LOGIN','2026-02-24 13:25:47','::1','{\"device\":\"Chrome\",\"version\":\"145.0.0.0\",\"layout\":\"Blink\",\"os\":{\"architecture\":64,\"family\":\"Windows\",\"version\":\"10\"},\"description\":\"Chrome 145.0.0.0 on Windows 10 64-bit\"}','d033259ec35ab3d49c3473d58d07dd78b5949962f797ffb0cee596fa3be7c840','1','system'),(12,1,'LOGIN','2026-02-24 13:26:01','::1','{\"device\":\"Chrome\",\"version\":\"145.0.0.0\",\"layout\":\"Blink\",\"os\":{\"architecture\":64,\"family\":\"Windows\",\"version\":\"10\"},\"description\":\"Chrome 145.0.0.0 on Windows 10 64-bit\"}','c5aba65acf0ff1cb28dd096302d9032f817c26eab3ccb299faee151c7986af09','1','system'),(13,1,'LOGIN','2026-02-24 14:24:54','::1','{\"device\":\"Chrome\",\"version\":\"145.0.0.0\",\"layout\":\"Blink\",\"os\":{\"architecture\":64,\"family\":\"Windows\",\"version\":\"10\"},\"description\":\"Chrome 145.0.0.0 on Windows 10 64-bit\"}','caa6a5bc9aaa925352f9e138073c0faa675d9337ff61917a47fb15ea9b8ea3d9','1','system'),(14,1,'LOGOUT','2026-02-24 14:25:25','127.0.0.1','{\"device\":\"Chrome\",\"version\":\"145.0.0.0\",\"layout\":\"Blink\",\"os\":{\"architecture\":64,\"family\":\"Windows\",\"version\":\"10\"},\"description\":\"Chrome 145.0.0.0 on Windows 10 64-bit\"}','caa6a5bc9aaa925352f9e138073c0faa675d9337ff61917a47fb15ea9b8ea3d9','SUPER_ADMIN','system'),(15,3,'LOGIN','2026-02-24 14:25:37','::1','{\"device\":\"Chrome\",\"version\":\"145.0.0.0\",\"layout\":\"Blink\",\"os\":{\"architecture\":64,\"family\":\"Windows\",\"version\":\"10\"},\"description\":\"Chrome 145.0.0.0 on Windows 10 64-bit\"}','94da5d2ff0bf7bd6da19004636569f2d9123afad524440ab09bef3869329493e','3','system'),(16,1,'LOGIN','2026-02-24 14:25:53','::1','{\"device\":\"Chrome\",\"version\":\"145.0.0.0\",\"layout\":\"Blink\",\"os\":{\"architecture\":64,\"family\":\"Windows\",\"version\":\"10\"},\"description\":\"Chrome 145.0.0.0 on Windows 10 64-bit\"}','1f0f1bc3b8c9a3d67f307c0f049daa237002a5359dbf2c76a565000246261a4d','1','system'),(17,4,'LOGIN','2026-02-24 14:26:34','::1','{\"device\":\"Chrome\",\"version\":\"145.0.0.0\",\"layout\":\"Blink\",\"os\":{\"architecture\":64,\"family\":\"Windows\",\"version\":\"10\"},\"description\":\"Chrome 145.0.0.0 on Windows 10 64-bit\"}','e18780195f9328b364d1fa3727631fd5c96dedeb5d7f887837c2cad493e6bc90','3','system'),(18,4,'LOGOUT','2026-02-24 14:26:39','127.0.0.1','{\"device\":\"Chrome\",\"version\":\"145.0.0.0\",\"layout\":\"Blink\",\"os\":{\"architecture\":64,\"family\":\"Windows\",\"version\":\"10\"},\"description\":\"Chrome 145.0.0.0 on Windows 10 64-bit\"}','e18780195f9328b364d1fa3727631fd5c96dedeb5d7f887837c2cad493e6bc90','ADMIN_STAFF','system'),(19,1,'LOGIN','2026-02-24 14:26:49','::1','{\"device\":\"Chrome\",\"version\":\"145.0.0.0\",\"layout\":\"Blink\",\"os\":{\"architecture\":64,\"family\":\"Windows\",\"version\":\"10\"},\"description\":\"Chrome 145.0.0.0 on Windows 10 64-bit\"}','dbc510cd3891d5c32b6a27fd160abcac8337ddfa94a5bbe55b8ca70da1f95542','1','system'),(20,1,'LOGOUT','2026-02-24 16:15:32','::1','{\"device\":\"Chrome\",\"version\":\"145.0.0.0\",\"layout\":\"Blink\",\"os\":{\"architecture\":64,\"family\":\"Windows\",\"version\":\"10\"},\"description\":\"Chrome 145.0.0.0 on Windows 10 64-bit\"}','dbc510cd3891d5c32b6a27fd160abcac8337ddfa94a5bbe55b8ca70da1f95542','SUPER_ADMIN','system'),(21,1,'LOGIN','2026-02-24 16:15:44','::1','{\"device\":\"Chrome\",\"version\":\"145.0.0.0\",\"layout\":\"Blink\",\"os\":{\"architecture\":64,\"family\":\"Windows\",\"version\":\"10\"},\"description\":\"Chrome 145.0.0.0 on Windows 10 64-bit\"}','30c4b893b1d1ae66a37c4616c3c81bddd7b0f3aa565da8193f8e41c3203d857a','1','system'),(22,1,'LOGOUT','2026-02-24 16:22:13','::1','{\"device\":\"Chrome\",\"version\":\"145.0.0.0\",\"layout\":\"Blink\",\"os\":{\"architecture\":64,\"family\":\"Windows\",\"version\":\"10\"},\"description\":\"Chrome 145.0.0.0 on Windows 10 64-bit\"}','30c4b893b1d1ae66a37c4616c3c81bddd7b0f3aa565da8193f8e41c3203d857a','SUPER_ADMIN','system'),(23,1,'LOGIN','2026-02-24 16:22:24','::1','{\"device\":\"Chrome\",\"version\":\"145.0.0.0\",\"layout\":\"Blink\",\"os\":{\"architecture\":64,\"family\":\"Windows\",\"version\":\"10\"},\"description\":\"Chrome 145.0.0.0 on Windows 10 64-bit\"}','747ff8fa80b7ad621d5331b903c7245edf25dc00f498c77dfb1be1e9b2882642','2','system'),(24,1,'LOGOUT','2026-02-24 16:45:17','::1','{\"device\":\"Chrome\",\"version\":\"145.0.0.0\",\"layout\":\"Blink\",\"os\":{\"architecture\":64,\"family\":\"Windows\",\"version\":\"10\"},\"description\":\"Chrome 145.0.0.0 on Windows 10 64-bit\"}','747ff8fa80b7ad621d5331b903c7245edf25dc00f498c77dfb1be1e9b2882642','ADMIN','system'),(25,5,'LOGIN','2026-02-24 16:45:28','::1','{\"device\":\"Chrome\",\"version\":\"145.0.0.0\",\"layout\":\"Blink\",\"os\":{\"architecture\":64,\"family\":\"Windows\",\"version\":\"10\"},\"description\":\"Chrome 145.0.0.0 on Windows 10 64-bit\"}','0287d64e4e32d87783cfc8f72cc7a07eece52248f9ec8e57c25a644557949ea5','4','system'),(26,1,'LOGIN','2026-02-26 08:34:23','::1','{\"device\":\"Chrome\",\"version\":\"145.0.0.0\",\"layout\":\"Blink\",\"os\":{\"architecture\":64,\"family\":\"Windows\",\"version\":\"10\"},\"description\":\"Chrome 145.0.0.0 on Windows 10 64-bit\"}','5e4ade248ed3b7985dbada6155f2882d3b5930e03c12020605ad17958ccc81a8','3','system'),(27,1,'LOGIN','2026-02-26 08:34:32','::1','{\"device\":\"Chrome\",\"version\":\"145.0.0.0\",\"layout\":\"Blink\",\"os\":{\"architecture\":64,\"family\":\"Windows\",\"version\":\"10\"},\"description\":\"Chrome 145.0.0.0 on Windows 10 64-bit\"}','cc2a361e67b9b2cd56e5d4217f8160b67b52c9935861ca613bfc2460ca688f10','1','system'),(28,1,'LOGIN','2026-02-26 11:24:32','::1','{\"device\":\"Chrome\",\"version\":\"145.0.0.0\",\"layout\":\"Blink\",\"os\":{\"architecture\":64,\"family\":\"Windows\",\"version\":\"10\"},\"description\":\"Chrome 145.0.0.0 on Windows 10 64-bit\"}','6c2b1380f3194e138d1efd660bbe5ec0f61db8885c42950792bf25df773a6a75','2','system'),(29,1,'LOGIN','2026-02-26 11:30:11','10.10.10.46','{\"device\":\"Chrome Mobile\",\"version\":\"145.0.0.0\",\"layout\":\"Blink\",\"os\":{\"architecture\":32,\"family\":\"Android\",\"version\":\"10\"},\"description\":\"Chrome Mobile 145.0.0.0 on K (Android 10)\"}','21a98e1c1fca942aaf2fe848511ee317d75e4424f352e466c262c59054be1ea9','2','system'),(30,1,'LOGOUT','2026-02-26 11:41:31','::1','{\"device\":\"Chrome\",\"version\":\"145.0.0.0\",\"layout\":\"Blink\",\"os\":{\"architecture\":64,\"family\":\"Windows\",\"version\":\"10\"},\"description\":\"Chrome 145.0.0.0 on Windows 10 64-bit\"}','6c2b1380f3194e138d1efd660bbe5ec0f61db8885c42950792bf25df773a6a75','ADMIN','system'),(31,1,'LOGIN','2026-02-26 11:41:35','::1','{\"device\":\"Chrome\",\"version\":\"145.0.0.0\",\"layout\":\"Blink\",\"os\":{\"architecture\":64,\"family\":\"Windows\",\"version\":\"10\"},\"description\":\"Chrome 145.0.0.0 on Windows 10 64-bit\"}','6a97804baea3e61308a45cdf4bbeef31881145b8d7d0021a83ef3507ce6bf762','1','system'),(32,1,'LOGOUT','2026-02-26 11:51:59','10.10.10.49','{\"device\":\"Chrome\",\"version\":\"145.0.0.0\",\"layout\":\"Blink\",\"os\":{\"architecture\":64,\"family\":\"Windows\",\"version\":\"10\"},\"description\":\"Chrome 145.0.0.0 on Windows 10 64-bit\"}','6a97804baea3e61308a45cdf4bbeef31881145b8d7d0021a83ef3507ce6bf762','SUPER_ADMIN','system'),(33,1,'LOGIN','2026-02-26 11:52:03','::1','{\"device\":\"Chrome\",\"version\":\"145.0.0.0\",\"layout\":\"Blink\",\"os\":{\"architecture\":64,\"family\":\"Windows\",\"version\":\"10\"},\"description\":\"Chrome 145.0.0.0 on Windows 10 64-bit\"}','af414c85720a69c3d7b6aa655c3336a4ec0c0285d3889f0f44fd2f11a01438b0','2','system'),(34,1,'LOGIN','2026-02-26 18:02:05','10.10.10.49','{\"device\":\"Chrome\",\"version\":\"145.0.0.0\",\"layout\":\"Blink\",\"os\":{\"architecture\":64,\"family\":\"Windows\",\"version\":\"10\"},\"description\":\"Chrome 145.0.0.0 on Windows 10 64-bit\"}','441a0d10575b4253ab40fb6b3ff247b4698bb5e49d7a244a942b42577846f363','2','system'),(35,1,'LOGIN','2026-02-26 18:04:36','10.10.10.49','{\"device\":\"Chrome\",\"version\":\"145.0.0.0\",\"layout\":\"Blink\",\"os\":{\"architecture\":64,\"family\":\"Windows\",\"version\":\"10\"},\"description\":\"Chrome 145.0.0.0 on Windows 10 64-bit\"}','e39f4da055508d3c02a042a4b36e3b47c45adc1623a57d326c1ea02641197392','2','system'),(36,1,'LOGIN','2026-02-26 18:05:09','10.10.10.46','{\"device\":\"Chrome Mobile\",\"version\":\"145.0.0.0\",\"layout\":\"Blink\",\"os\":{\"architecture\":32,\"family\":\"Android\",\"version\":\"10\"},\"description\":\"Chrome Mobile 145.0.0.0 on K (Android 10)\"}','dfa2533130a5297f420b596f8ad00983abb299afbd128ae93b11d30489251285','2','system'),(37,1,'LOGIN','2026-02-26 18:05:43','10.10.10.49','{\"device\":\"Chrome\",\"version\":\"145.0.0.0\",\"layout\":\"Blink\",\"os\":{\"architecture\":64,\"family\":\"Windows\",\"version\":\"10\"},\"description\":\"Chrome 145.0.0.0 on Windows 10 64-bit\"}','fdbe8acde3bafae0dfce06f285f82fd9384942be6e15f3e2dd54d5de8649516a','2','system'),(38,1,'LOGIN','2026-02-27 08:20:13','::1','{\"device\":\"Chrome\",\"version\":\"145.0.0.0\",\"layout\":\"Blink\",\"os\":{\"architecture\":64,\"family\":\"Windows\",\"version\":\"10\"},\"description\":\"Chrome 145.0.0.0 on Windows 10 64-bit\"}','af1092c6ea9feadf826e87efc9f928002308ae9acd5ad811984083d283fd9ef7','2','system'),(39,1,'LOGIN','2026-02-27 10:22:56','::1','{\"device\":\"Chrome\",\"version\":\"145.0.0.0\",\"layout\":\"Blink\",\"os\":{\"architecture\":64,\"family\":\"Windows\",\"version\":\"10\"},\"description\":\"Chrome 145.0.0.0 on Windows 10 64-bit\"}','f31599ed217cc046fb18b077141d0856f1eb05f0ebd5868c4558d7a04a23e510','1','system'),(40,1,'LOGIN','2026-02-27 11:20:37','::1','{\"device\":\"Chrome\",\"version\":\"145.0.0.0\",\"layout\":\"Blink\",\"os\":{\"architecture\":64,\"family\":\"Windows\",\"version\":\"10\"},\"description\":\"Chrome 145.0.0.0 on Windows 10 64-bit\"}','ecf68ec957be12971883399f80381ecdfec47712e80ccea9c82320022038450c','2','system'),(41,1,'LOGIN','2026-02-27 11:21:06','::1','{\"device\":\"Chrome\",\"version\":\"145.0.0.0\",\"layout\":\"Blink\",\"os\":{\"architecture\":64,\"family\":\"Windows\",\"version\":\"10\"},\"description\":\"Chrome 145.0.0.0 on Windows 10 64-bit\"}','55f85baf9664aa7aeca0d1f06e5297dd22e9f5d67d33e28ccc699dcd0a2c611a','1','system'),(42,1,'LOGIN','2026-03-02 08:56:14','::1','{\"device\":\"Chrome\",\"version\":\"145.0.0.0\",\"layout\":\"Blink\",\"os\":{\"architecture\":64,\"family\":\"Windows\",\"version\":\"10\"},\"description\":\"Chrome 145.0.0.0 on Windows 10 64-bit\"}','ed5ed4c8453b2e5bc0ca382aa027a6b59669665f4215621d8b64248739507ce5','1','system'),(43,1,'LOGOUT','2026-03-02 09:31:03','::1','{\"device\":\"Chrome\",\"version\":\"145.0.0.0\",\"layout\":\"Blink\",\"os\":{\"architecture\":64,\"family\":\"Windows\",\"version\":\"10\"},\"description\":\"Chrome 145.0.0.0 on Windows 10 64-bit\"}','ed5ed4c8453b2e5bc0ca382aa027a6b59669665f4215621d8b64248739507ce5','SUPER_ADMIN','system'),(44,1,'LOGIN','2026-03-02 09:31:08','::1','{\"device\":\"Chrome\",\"version\":\"145.0.0.0\",\"layout\":\"Blink\",\"os\":{\"architecture\":64,\"family\":\"Windows\",\"version\":\"10\"},\"description\":\"Chrome 145.0.0.0 on Windows 10 64-bit\"}','b26a1cbc4c17250071007880bed747bc891528bd6318fe75b58267a7db58c73c','2','system'),(45,1,'LOGIN','2026-03-04 15:47:55','::1','{\"device\":\"Chrome\",\"version\":\"145.0.0.0\",\"layout\":\"Blink\",\"os\":{\"architecture\":64,\"family\":\"Windows\",\"version\":\"10\"},\"description\":\"Chrome 145.0.0.0 on Windows 10 64-bit\"}','4b88f706a88180439941321fb0c41b22fa051ac8274b93d0ee57dc5342f08d6a','2','legacy_sync'),(46,1,'LOGOUT','2026-03-04 15:48:21','::1','','4b88f706a88180439941321fb0c41b22fa051ac8274b93d0ee57dc5342f08d6a','0','legacy_sync'),(47,1,'LOGIN','2026-03-04 15:48:31','::1','{\"device\":\"Chrome\",\"version\":\"145.0.0.0\",\"layout\":\"Blink\",\"os\":{\"architecture\":64,\"family\":\"Windows\",\"version\":\"10\"},\"description\":\"Chrome 145.0.0.0 on Windows 10 64-bit\"}','a37526ce1d77db0ed6639ff05d8d2db0ed30c7df52ae8f0e780f6262077a8ed0','1','legacy_sync'),(48,1,'LOGOUT','2026-03-04 15:48:48','::1','','a37526ce1d77db0ed6639ff05d8d2db0ed30c7df52ae8f0e780f6262077a8ed0','0','legacy_sync'),(49,1,'LOGIN','2026-03-04 15:48:53','::1','{\"device\":\"Chrome\",\"version\":\"145.0.0.0\",\"layout\":\"Blink\",\"os\":{\"architecture\":64,\"family\":\"Windows\",\"version\":\"10\"},\"description\":\"Chrome 145.0.0.0 on Windows 10 64-bit\"}','9574afbdf79b5a533d5545c5c9f044a4b85aaaea504de5f1843429e18d3cd669','1','legacy_sync'),(50,1,'LOGOUT','2026-03-04 16:38:03','::1','','9574afbdf79b5a533d5545c5c9f044a4b85aaaea504de5f1843429e18d3cd669','1','legacy_sync'),(51,1,'LOGIN','2026-03-04 16:38:08','::1','{\"device\":\"Chrome\",\"version\":\"145.0.0.0\",\"layout\":\"Blink\",\"os\":{\"architecture\":64,\"family\":\"Windows\",\"version\":\"10\"},\"description\":\"Chrome 145.0.0.0 on Windows 10 64-bit\"}','34538c2186896fd24d68729756a65146c2cdeaadcaae6ee961ba256bbec2a644','1','legacy_sync'),(52,1,'LOGIN','2026-03-05 09:00:16','::1','{\"device\":\"Chrome\",\"version\":\"145.0.0.0\",\"layout\":\"Blink\",\"os\":{\"architecture\":64,\"family\":\"Windows\",\"version\":\"10\"},\"description\":\"Chrome 145.0.0.0 on Windows 10 64-bit\"}','5d42af16c51daf86cebb6ea10690d17bc008309ab75b5fe4abab449216d35f59','1','legacy_sync'),(53,1,'LOGOUT','2026-03-05 09:06:32','::1','','5d42af16c51daf86cebb6ea10690d17bc008309ab75b5fe4abab449216d35f59','1','legacy_sync'),(54,1,'LOGIN','2026-03-05 09:06:40','::1','{\"device\":\"Chrome\",\"version\":\"145.0.0.0\",\"layout\":\"Blink\",\"os\":{\"architecture\":64,\"family\":\"Windows\",\"version\":\"10\"},\"description\":\"Chrome 145.0.0.0 on Windows 10 64-bit\"}','bbd33f55aed022e5c31e9155c279846b93de9662d9fa75d82104a28985dc8666','1','legacy_sync'),(55,1,'LOGOUT','2026-03-05 09:13:57','::1','','bbd33f55aed022e5c31e9155c279846b93de9662d9fa75d82104a28985dc8666','1','legacy_sync'),(56,1,'LOGIN','2026-03-05 09:14:06','::1','{\"device\":\"Chrome\",\"version\":\"145.0.0.0\",\"layout\":\"Blink\",\"os\":{\"architecture\":64,\"family\":\"Windows\",\"version\":\"10\"},\"description\":\"Chrome 145.0.0.0 on Windows 10 64-bit\"}','f9d82d25338ccd7982cf91ba439973cad30cc01d37002afb0c13864a6f1aeac0','2','legacy_sync'),(57,1,'LOGOUT','2026-03-05 09:26:35','::1','','f9d82d25338ccd7982cf91ba439973cad30cc01d37002afb0c13864a6f1aeac0','1','legacy_sync'),(58,3,'LOGIN','2026-03-05 09:29:04','::1','{\"device\":\"Chrome\",\"version\":\"145.0.0.0\",\"layout\":\"Blink\",\"os\":{\"architecture\":64,\"family\":\"Windows\",\"version\":\"10\"},\"description\":\"Chrome 145.0.0.0 on Windows 10 64-bit\"}','bd165d027718856ab630ed9fa03fc60e22d6ad210ecdb5033aa2819d887df257','4','legacy_sync'),(59,3,'LOGOUT','2026-03-05 10:12:54','::1','','bd165d027718856ab630ed9fa03fc60e22d6ad210ecdb5033aa2819d887df257','4','legacy_sync'),(60,1,'LOGIN','2026-03-05 10:13:10','::1','{\"device\":\"Chrome\",\"version\":\"145.0.0.0\",\"layout\":\"Blink\",\"os\":{\"architecture\":64,\"family\":\"Windows\",\"version\":\"10\"},\"description\":\"Chrome 145.0.0.0 on Windows 10 64-bit\"}','82a7dfdaf0c38b7a3b8fa7dfe570eac22a8bf869295296510f12b342eb13b505','2','legacy_sync'),(61,1,'LOGIN','2026-03-05 10:52:20','::1','{\"device\":\"Chrome\",\"version\":\"145.0.0.0\",\"layout\":\"Blink\",\"os\":{\"architecture\":64,\"family\":\"Windows\",\"version\":\"10\"},\"description\":\"Chrome 145.0.0.0 on Windows 10 64-bit\"}','c44304bcf749e272237fa9e754901119d6dcd2d40e5be4fb03129923c8181c80','2','legacy_sync'),(62,1,'LOGOUT','2026-03-05 11:36:50','::1','','c44304bcf749e272237fa9e754901119d6dcd2d40e5be4fb03129923c8181c80','1','legacy_sync'),(63,1,'LOGIN','2026-03-05 11:36:56','::1','{\"device\":\"Chrome\",\"version\":\"145.0.0.0\",\"layout\":\"Blink\",\"os\":{\"architecture\":64,\"family\":\"Windows\",\"version\":\"10\"},\"description\":\"Chrome 145.0.0.0 on Windows 10 64-bit\"}','903d486109648c7b5823eb6cef91d8dc8ce153b1ac6db764362a29565efd3a3c','1','legacy_sync'),(64,1,'LOGOUT','2026-03-05 13:19:58','::1','','903d486109648c7b5823eb6cef91d8dc8ce153b1ac6db764362a29565efd3a3c','1','legacy_sync'),(65,1,'LOGIN','2026-03-05 13:34:48','::1','{\"device\":\"Chrome\",\"version\":\"145.0.0.0\",\"layout\":\"Blink\",\"os\":{\"architecture\":64,\"family\":\"Windows\",\"version\":\"10\"},\"description\":\"Chrome 145.0.0.0 on Windows 10 64-bit\"}','1df45ad98d5ef0e38844147382025159b440ef4af56b503cb96649bf1deeeaa3','1','legacy_sync'),(66,1,'LOGOUT','2026-03-05 14:13:18','::1','','1df45ad98d5ef0e38844147382025159b440ef4af56b503cb96649bf1deeeaa3','1','legacy_sync'),(67,1,'LOGIN','2026-03-05 14:13:25','::1','{\"device\":\"Chrome\",\"version\":\"145.0.0.0\",\"layout\":\"Blink\",\"os\":{\"architecture\":64,\"family\":\"Windows\",\"version\":\"10\"},\"description\":\"Chrome 145.0.0.0 on Windows 10 64-bit\"}','8bf8026a26f4e7dbcc976166850d93b2f157548ed4aed16da3c4a9e6ed66946d','2','legacy_sync'),(68,1,'LOGOUT','2026-03-05 15:27:25','::1','','8bf8026a26f4e7dbcc976166850d93b2f157548ed4aed16da3c4a9e6ed66946d','1','legacy_sync'),(69,3,'LOGIN','2026-03-05 15:27:42','::1','{\"device\":\"Chrome\",\"version\":\"145.0.0.0\",\"layout\":\"Blink\",\"os\":{\"architecture\":64,\"family\":\"Windows\",\"version\":\"10\"},\"description\":\"Chrome 145.0.0.0 on Windows 10 64-bit\"}','c80fc9a7a044fb3796f3312973537e714945437399db6e12728f0f7ea7bdfb85','4','legacy_sync'),(70,3,'LOGOUT','2026-03-05 15:28:13','::1','','c80fc9a7a044fb3796f3312973537e714945437399db6e12728f0f7ea7bdfb85','4','legacy_sync'),(71,2,'LOGIN','2026-03-05 15:28:27','::1','{\"device\":\"Chrome\",\"version\":\"145.0.0.0\",\"layout\":\"Blink\",\"os\":{\"architecture\":64,\"family\":\"Windows\",\"version\":\"10\"},\"description\":\"Chrome 145.0.0.0 on Windows 10 64-bit\"}','f294bb96d9c86b7299fd5cc3279e9ca9038bb0828ab71f50f6fb34f73dd71b96','3','legacy_sync'),(72,2,'LOGOUT','2026-03-05 16:02:39','::1','','f294bb96d9c86b7299fd5cc3279e9ca9038bb0828ab71f50f6fb34f73dd71b96','3','legacy_sync'),(73,1,'LOGIN','2026-03-05 16:03:01','::1','{\"device\":\"Chrome\",\"version\":\"145.0.0.0\",\"layout\":\"Blink\",\"os\":{\"architecture\":64,\"family\":\"Windows\",\"version\":\"10\"},\"description\":\"Chrome 145.0.0.0 on Windows 10 64-bit\"}','e00cfd1aa367dc0b0360f5fc718c11c8d6ea1ba9a2f3bc629d74e86c9a61b432','1','legacy_sync'),(74,1,'LOGOUT','2026-03-05 16:12:07','::1','','e00cfd1aa367dc0b0360f5fc718c11c8d6ea1ba9a2f3bc629d74e86c9a61b432','1','legacy_sync'),(75,1,'LOGIN','2026-03-05 16:12:13','::1','{\"device\":\"Chrome\",\"version\":\"145.0.0.0\",\"layout\":\"Blink\",\"os\":{\"architecture\":64,\"family\":\"Windows\",\"version\":\"10\"},\"description\":\"Chrome 145.0.0.0 on Windows 10 64-bit\"}','f388242d7d7666a00980186d11571683698f8fd9f3a8ac9d98b3f70d7df9842b','2','legacy_sync'),(76,1,'LOGIN','2026-03-06 08:03:09','::1','{\"device\":\"Chrome\",\"version\":\"145.0.0.0\",\"layout\":\"Blink\",\"os\":{\"architecture\":64,\"family\":\"Windows\",\"version\":\"10\"},\"description\":\"Chrome 145.0.0.0 on Windows 10 64-bit\"}','0ca74978563bc25de824f3bda64378c64aa14d6b43dfe35153f03ff383e2e385','2','legacy_sync'),(77,1,'LOGOUT','2026-03-06 11:16:08','::1','','0ca74978563bc25de824f3bda64378c64aa14d6b43dfe35153f03ff383e2e385','1','legacy_sync'),(78,1,'LOGIN','2026-03-06 11:20:16','::1','{\"device\":\"Chrome\",\"version\":\"145.0.0.0\",\"layout\":\"Blink\",\"os\":{\"architecture\":64,\"family\":\"Windows\",\"version\":\"10\"},\"description\":\"Chrome 145.0.0.0 on Windows 10 64-bit\"}','106fd3b9b626088423c5e8b1c63b36ad2cf77f0afe32314a38c46846c7f123d3','2','legacy_sync'),(79,1,'LOGOUT','2026-03-06 13:39:04','::1','','106fd3b9b626088423c5e8b1c63b36ad2cf77f0afe32314a38c46846c7f123d3','1','legacy_sync'),(80,2,'LOGIN','2026-03-06 13:39:12','::1','{\"device\":\"Chrome\",\"version\":\"145.0.0.0\",\"layout\":\"Blink\",\"os\":{\"architecture\":64,\"family\":\"Windows\",\"version\":\"10\"},\"description\":\"Chrome 145.0.0.0 on Windows 10 64-bit\"}','007a046f923efb25faccdaf10cd370fdd63a9175e8c405c41b73f4ad0171c7d9','3','legacy_sync'),(81,1,'LOGIN','2026-03-06 13:39:50','::1','{\"device\":\"Chrome\",\"version\":\"145.0.0.0\",\"layout\":\"Blink\",\"os\":{\"architecture\":64,\"family\":\"Windows\",\"version\":\"10\"},\"description\":\"Chrome 145.0.0.0 on Windows 10 64-bit\"}','656f9a37b848165c990ba45e01fe45b74ff974559fac44ad4c4f53d889222ebe','1','legacy_sync'),(82,2,'LOGOUT','2026-03-06 13:57:29','::1','','007a046f923efb25faccdaf10cd370fdd63a9175e8c405c41b73f4ad0171c7d9','3','legacy_sync'),(83,1,'LOGIN','2026-03-06 13:57:49','::1','{\"device\":\"Chrome\",\"version\":\"145.0.0.0\",\"layout\":\"Blink\",\"os\":{\"architecture\":64,\"family\":\"Windows\",\"version\":\"10\"},\"description\":\"Chrome 145.0.0.0 on Windows 10 64-bit\"}','02312ae4ee06e3bd64eb57fcb3f574256074f03fc212665ab0bdb2a4f4779e28','1','legacy_sync'),(84,1,'LOGOUT','2026-03-06 13:57:54','::1','','02312ae4ee06e3bd64eb57fcb3f574256074f03fc212665ab0bdb2a4f4779e28','1','legacy_sync'),(85,1,'LOGIN','2026-03-06 13:57:59','::1','{\"device\":\"Chrome\",\"version\":\"145.0.0.0\",\"layout\":\"Blink\",\"os\":{\"architecture\":64,\"family\":\"Windows\",\"version\":\"10\"},\"description\":\"Chrome 145.0.0.0 on Windows 10 64-bit\"}','8f7b0ac25be5a1b5834b867d963759566927482ec6db2a46d18dda1d2a615fbe','2','legacy_sync'),(86,1,'LOGIN','2026-03-06 14:47:46','::1','{\"device\":\"Chrome\",\"version\":\"145.0.0.0\",\"layout\":\"Blink\",\"os\":{\"architecture\":64,\"family\":\"Windows\",\"version\":\"10\"},\"description\":\"Chrome 145.0.0.0 on Windows 10 64-bit\"}','1a48b9ce6745d8776f1ad3941188fd026b70d2e5fe859ad77bc38bd7dcf784fe','2','legacy_sync'),(87,1,'LOGIN','2026-03-09 08:58:30','::1','{\"device\":\"Chrome\",\"version\":\"145.0.0.0\",\"layout\":\"Blink\",\"os\":{\"architecture\":64,\"family\":\"Windows\",\"version\":\"10\"},\"description\":\"Chrome 145.0.0.0 on Windows 10 64-bit\"}','f8088e4294b1c0f06dc98f723bcbe803a70ddc6b24dd332317ceec49d8bfbeb9','1','legacy_sync'),(88,1,'LOGOUT','2026-03-09 09:01:58','::1','','f8088e4294b1c0f06dc98f723bcbe803a70ddc6b24dd332317ceec49d8bfbeb9','1','legacy_sync'),(89,1,'LOGIN','2026-03-09 09:02:06','::1','{\"device\":\"Chrome\",\"version\":\"145.0.0.0\",\"layout\":\"Blink\",\"os\":{\"architecture\":64,\"family\":\"Windows\",\"version\":\"10\"},\"description\":\"Chrome 145.0.0.0 on Windows 10 64-bit\"}','ae645ee2e6bea8de525832582fe7b0f9ec99ad4d9b384b0ace598214bd4e1a48','2','legacy_sync'),(90,3,'LOGIN','2026-03-09 09:41:35','::1','{\"device\":\"Chrome\",\"version\":\"145.0.0.0\",\"layout\":\"Blink\",\"os\":{\"architecture\":64,\"family\":\"Windows\",\"version\":\"10\"},\"description\":\"Chrome 145.0.0.0 on Windows 10 64-bit\"}','a10d471f29dda0f135e4a9414be9c3b019887e4bad0fa0db7238f9890e27b77d','4','legacy_sync'),(91,1,'LOGOUT','2026-03-09 09:42:26','::1','','ae645ee2e6bea8de525832582fe7b0f9ec99ad4d9b384b0ace598214bd4e1a48','1','legacy_sync'),(92,1,'LOGIN','2026-03-09 09:42:34','::1','{\"device\":\"Chrome\",\"version\":\"145.0.0.0\",\"layout\":\"Blink\",\"os\":{\"architecture\":64,\"family\":\"Windows\",\"version\":\"10\"},\"description\":\"Chrome 145.0.0.0 on Windows 10 64-bit\"}','9163b63e39d2e27679d295de6153214c8814e04dcf9d412e6b11e882bccb6fa0','1','legacy_sync'),(93,1,'LOGOUT','2026-03-09 09:43:26','::1','','9163b63e39d2e27679d295de6153214c8814e04dcf9d412e6b11e882bccb6fa0','1','legacy_sync'),(94,1,'LOGIN','2026-03-09 09:43:31','::1','{\"device\":\"Chrome\",\"version\":\"145.0.0.0\",\"layout\":\"Blink\",\"os\":{\"architecture\":64,\"family\":\"Windows\",\"version\":\"10\"},\"description\":\"Chrome 145.0.0.0 on Windows 10 64-bit\"}','c0244f09c3746500b687ab57927dffde33772318224260d7939c3191a210c262','2','legacy_sync'),(95,1,'LOGOUT','2026-03-09 10:40:30','::1','','c0244f09c3746500b687ab57927dffde33772318224260d7939c3191a210c262','1','legacy_sync'),(96,1,'LOGIN','2026-03-09 10:40:47','::1','{\"device\":\"Chrome\",\"version\":\"145.0.0.0\",\"layout\":\"Blink\",\"os\":{\"architecture\":64,\"family\":\"Windows\",\"version\":\"10\"},\"description\":\"Chrome 145.0.0.0 on Windows 10 64-bit\"}','0c302eff5ec6d4892075f798fc46109a2bb113f6f61077e944a5dadd2ca3f7bf','1','legacy_sync'),(97,1,'LOGOUT','2026-03-09 10:40:56','::1','','0c302eff5ec6d4892075f798fc46109a2bb113f6f61077e944a5dadd2ca3f7bf','1','legacy_sync'),(98,1,'LOGIN','2026-03-09 10:49:28','::1','{\"device\":\"Chrome\",\"version\":\"145.0.0.0\",\"layout\":\"Blink\",\"os\":{\"architecture\":64,\"family\":\"Windows\",\"version\":\"10\"},\"description\":\"Chrome 145.0.0.0 on Windows 10 64-bit\"}','37ac2eb10e788b0b426ce89939d5e58c2304c1501ead30d0fca8121f46d04eb8','2','legacy_sync'),(99,1,'LOGIN','2026-03-09 11:00:43','::1','{\"device\":\"Chrome\",\"version\":\"145.0.0.0\",\"layout\":\"Blink\",\"os\":{\"architecture\":64,\"family\":\"Windows\",\"version\":\"10\"},\"description\":\"Chrome 145.0.0.0 on Windows 10 64-bit\"}','74276a977871aa437a26843d382638aeef115585a85fa1865558d10d15a00e95','1','legacy_sync'),(100,1,'LOGOUT','2026-03-09 11:02:06','::1','','74276a977871aa437a26843d382638aeef115585a85fa1865558d10d15a00e95','1','legacy_sync'),(101,1,'LOGIN','2026-03-09 11:02:14','::1','{\"device\":\"Chrome\",\"version\":\"145.0.0.0\",\"layout\":\"Blink\",\"os\":{\"architecture\":64,\"family\":\"Windows\",\"version\":\"10\"},\"description\":\"Chrome 145.0.0.0 on Windows 10 64-bit\"}','d91395d3809f6442febe29bfef98678612c2de6a65cdc28d63e6d1010c4ac5ec','2','legacy_sync'),(102,1,'LOGOUT','2026-03-09 11:29:35','::1','','d91395d3809f6442febe29bfef98678612c2de6a65cdc28d63e6d1010c4ac5ec','1','legacy_sync'),(103,1,'LOGIN','2026-03-09 11:29:50','::1','{\"device\":\"Chrome\",\"version\":\"145.0.0.0\",\"layout\":\"Blink\",\"os\":{\"architecture\":64,\"family\":\"Windows\",\"version\":\"10\"},\"description\":\"Chrome 145.0.0.0 on Windows 10 64-bit\"}','ef3a08d5fdd63af26b6acc7ad94ed9f71da8d0121695a86a451b15241d8836f5','1','legacy_sync'),(104,1,'LOGOUT','2026-03-09 11:30:25','::1','','ef3a08d5fdd63af26b6acc7ad94ed9f71da8d0121695a86a451b15241d8836f5','1','legacy_sync'),(105,1,'LOGIN','2026-03-09 11:30:32','::1','{\"device\":\"Chrome\",\"version\":\"145.0.0.0\",\"layout\":\"Blink\",\"os\":{\"architecture\":64,\"family\":\"Windows\",\"version\":\"10\"},\"description\":\"Chrome 145.0.0.0 on Windows 10 64-bit\"}','571d25922ca66d8d13c74c040b5f943df7c197f9bcb9555dd423344d37574c27','1','legacy_sync'),(106,1,'LOGOUT','2026-03-09 11:31:29','::1','','571d25922ca66d8d13c74c040b5f943df7c197f9bcb9555dd423344d37574c27','1','legacy_sync'),(107,1,'LOGIN','2026-03-09 11:31:39','::1','{\"device\":\"Chrome\",\"version\":\"145.0.0.0\",\"layout\":\"Blink\",\"os\":{\"architecture\":64,\"family\":\"Windows\",\"version\":\"10\"},\"description\":\"Chrome 145.0.0.0 on Windows 10 64-bit\"}','bb8ba6b82f819b8095e185ed561440f59ddf0b0f33396512150205530fb3dcf8','1','legacy_sync'),(108,1,'LOGOUT','2026-03-09 11:32:00','::1','','bb8ba6b82f819b8095e185ed561440f59ddf0b0f33396512150205530fb3dcf8','1','legacy_sync'),(109,1,'LOGIN','2026-03-09 11:32:05','::1','{\"device\":\"Chrome\",\"version\":\"145.0.0.0\",\"layout\":\"Blink\",\"os\":{\"architecture\":64,\"family\":\"Windows\",\"version\":\"10\"},\"description\":\"Chrome 145.0.0.0 on Windows 10 64-bit\"}','72736ec90a6809f69e6489a1f52df9242ce52a89328eddf7f4635efc3d1f7d28','1','legacy_sync'),(110,1,'LOGIN','2026-03-09 11:33:17','::1','{\"device\":\"Chrome\",\"version\":\"145.0.0.0\",\"layout\":\"Blink\",\"os\":{\"architecture\":64,\"family\":\"Windows\",\"version\":\"10\"},\"description\":\"Chrome 145.0.0.0 on Windows 10 64-bit\"}','a68a242254747432af536e2c974602a9f29bf78f90fbbd23763e25dee8018fef','1','legacy_sync'),(111,1,'LOGOUT','2026-03-09 11:46:03','::1','','a68a242254747432af536e2c974602a9f29bf78f90fbbd23763e25dee8018fef','1','legacy_sync'),(112,1,'LOGIN','2026-03-09 11:46:10','::1','{\"device\":\"Chrome\",\"version\":\"145.0.0.0\",\"layout\":\"Blink\",\"os\":{\"architecture\":64,\"family\":\"Windows\",\"version\":\"10\"},\"description\":\"Chrome 145.0.0.0 on Windows 10 64-bit\"}','c79bd448d59cdccb3a227831b97b4bbe226e06a1b3ac12d73ee312a229a5a302','2','legacy_sync'),(113,1,'LOGIN','2026-03-09 13:22:25','10.10.10.64','{\"device\":\"Chrome Mobile\",\"version\":\"145.0.0.0\",\"layout\":\"Blink\",\"os\":{\"architecture\":32,\"family\":\"Android\",\"version\":\"10\"},\"description\":\"Chrome Mobile 145.0.0.0 on K (Android 10)\"}','3ae2e45344fad23c6b5309cdc46edc919bb48cb53277c56e89153dc9c7bb49f7','2','legacy_sync'),(114,1,'LOGIN','2026-03-09 13:22:32','::1','{\"device\":\"Chrome\",\"version\":\"145.0.0.0\",\"layout\":\"Blink\",\"os\":{\"architecture\":64,\"family\":\"Windows\",\"version\":\"10\"},\"description\":\"Chrome 145.0.0.0 on Windows 10 64-bit\"}','5b19c2c7076ea278c1383d56219010cd566f4e2849518848e5a738c98a92c773','2','legacy_sync'),(115,1,'LOGIN','2026-03-09 14:34:30','::1','{\"device\":\"Chrome\",\"version\":\"145.0.0.0\",\"layout\":\"Blink\",\"os\":{\"architecture\":64,\"family\":\"Windows\",\"version\":\"10\"},\"description\":\"Chrome 145.0.0.0 on Windows 10 64-bit\"}','3b523865270bec55dcea6de2afdbf8a23d37cc4f0d04a8ac15015e18e51a74e3','2','legacy_sync'),(116,3,'LOGIN','2026-03-09 20:38:51','::1','{\"device\":\"Chrome\",\"version\":\"145.0.0.0\",\"layout\":\"Blink\",\"os\":{\"architecture\":64,\"family\":\"Windows\",\"version\":\"10\"},\"description\":\"Chrome 145.0.0.0 on Windows 10 64-bit\"}','ad8dda8391c17fbb82c772f76144bf775a9ceed55f6b8e559613fa09b56f07b5','4','legacy_sync'),(117,3,'LOGIN','2026-03-09 22:56:39','::1','{\"device\":\"Chrome\",\"version\":\"145.0.0.0\",\"layout\":\"Blink\",\"os\":{\"architecture\":64,\"family\":\"Windows\",\"version\":\"10\"},\"description\":\"Chrome 145.0.0.0 on Windows 10 64-bit\"}','66c349c033a3caceeb3754b08e5db6c6f49233e0805ad5cd276f2782cfe6eb28','4','legacy_sync'),(118,3,'LOGIN','2026-03-10 02:54:18','::1','{\"device\":\"Chrome\",\"version\":\"145.0.0.0\",\"layout\":\"Blink\",\"os\":{\"architecture\":64,\"family\":\"Windows\",\"version\":\"10\"},\"description\":\"Chrome 145.0.0.0 on Windows 10 64-bit\"}','7cd32f447a6c84c589b01aa80582aa9a54eeecce37be7c94ad47a21c7e29ca44','4','legacy_sync'),(119,3,'LOGIN','2026-03-10 03:38:18','::1','{\"device\":\"Chrome\",\"version\":\"145.0.0.0\",\"layout\":\"Blink\",\"os\":{\"architecture\":64,\"family\":\"Windows\",\"version\":\"10\"},\"description\":\"Chrome 145.0.0.0 on Windows 10 64-bit\"}','64d66f4afb6480b651195ebc08697e54638fbb7db0a9ac8b298efa3e83dbe7fa','4','legacy_sync'),(120,1,'LOGIN','2026-03-11 07:19:24','::1','{\"device\":\"Chrome\",\"version\":\"145.0.0.0\",\"layout\":\"Blink\",\"os\":{\"architecture\":64,\"family\":\"Windows\",\"version\":\"10\"},\"description\":\"Chrome 145.0.0.0 on Windows 10 64-bit\"}','88a203750f9c2d581414700182d96d3a6c12c8dda21d3a1de43af17e4dfd70af','2','legacy_sync'),(121,3,'LOGIN','2026-03-11 08:16:44','::1','{\"device\":\"Chrome\",\"version\":\"145.0.0.0\",\"layout\":\"Blink\",\"os\":{\"architecture\":64,\"family\":\"Windows\",\"version\":\"10\"},\"description\":\"Chrome 145.0.0.0 on Windows 10 64-bit\"}','78e8c1aca1f70a926e8c7f722810f27c931969571d5a62f298f21c8ad54a2969','4','legacy_sync'),(122,1,'LOGIN','2026-03-11 13:41:20','::1','{\"device\":\"Chrome\",\"version\":\"145.0.0.0\",\"layout\":\"Blink\",\"os\":{\"architecture\":64,\"family\":\"Windows\",\"version\":\"10\"},\"description\":\"Chrome 145.0.0.0 on Windows 10 64-bit\"}','6523c50164e30b3db016154eed8eff73813a8b2008ecf55f38bb4298af1651de','2','legacy_sync'),(123,3,'LOGIN','2026-03-11 14:20:19','::1','{\"device\":\"Chrome\",\"version\":\"145.0.0.0\",\"layout\":\"Blink\",\"os\":{\"architecture\":64,\"family\":\"Windows\",\"version\":\"10\"},\"description\":\"Chrome 145.0.0.0 on Windows 10 64-bit\"}','e66a6f77cfddb8606e8aefa234387874ac25ec4d65dad5b271618572cc12a149','4','legacy_sync'),(124,3,'LOGIN','2026-03-11 16:43:00','::1','{\"device\":\"Chrome\",\"version\":\"145.0.0.0\",\"layout\":\"Blink\",\"os\":{\"architecture\":64,\"family\":\"Windows\",\"version\":\"10\"},\"description\":\"Chrome 145.0.0.0 on Windows 10 64-bit\"}','ce0b93364dab1d15273aef78532936d7071a9dd052fcf9632b3a7b3a5de21624','4','legacy_sync'),(125,1,'LOGIN','2026-03-11 17:56:03','::1','{\"device\":\"Chrome\",\"version\":\"145.0.0.0\",\"layout\":\"Blink\",\"os\":{\"architecture\":64,\"family\":\"Windows\",\"version\":\"10\"},\"description\":\"Chrome 145.0.0.0 on Windows 10 64-bit\"}','632092e70961ed3227c30817217999244ca3ecd0e1af164295ed6efb28dc9392','2','legacy_sync'),(126,1,'LOGIN','2026-03-12 07:13:41','::1','{\"device\":\"Chrome\",\"version\":\"145.0.0.0\",\"layout\":\"Blink\",\"os\":{\"architecture\":64,\"family\":\"Windows\",\"version\":\"10\"},\"description\":\"Chrome 145.0.0.0 on Windows 10 64-bit\"}','06069814ed4c598e485961da6cf7b20f047791f634105ea12c657ea3c2bba4d4','2','legacy_sync'),(127,3,'LOGIN','2026-03-12 08:09:42','::1','{\"device\":\"Chrome\",\"version\":\"145.0.0.0\",\"layout\":\"Blink\",\"os\":{\"architecture\":64,\"family\":\"Windows\",\"version\":\"10\"},\"description\":\"Chrome 145.0.0.0 on Windows 10 64-bit\"}','8b7ec5b8c799f2a6f5347168c4ea3610bb79ea6be91a86010c3a5192a19a9687','4','legacy_sync'),(128,3,'LOGIN','2026-03-12 10:57:23','::1','{\"device\":\"Chrome\",\"version\":\"145.0.0.0\",\"layout\":\"Blink\",\"os\":{\"architecture\":64,\"family\":\"Windows\",\"version\":\"10\"},\"description\":\"Chrome 145.0.0.0 on Windows 10 64-bit\"}','1a8737d7e704420ef6670605b893aa4d5fb04b855ec27857a531b020658e0f3c','4','legacy_sync'),(129,1,'LOGIN','2026-03-12 14:11:55','::1','{\"device\":\"Chrome\",\"version\":\"145.0.0.0\",\"layout\":\"Blink\",\"os\":{\"architecture\":64,\"family\":\"Windows\",\"version\":\"10\"},\"description\":\"Chrome 145.0.0.0 on Windows 10 64-bit\"}','80649113905aecef527eda1cf0ba20e3b35b90c56fb8e81136c7fb2e78f490e7','2','legacy_sync'),(130,1,'LOGIN','2026-03-16 08:24:18','::1','{\"device\":\"Chrome\",\"version\":\"145.0.0.0\",\"layout\":\"Blink\",\"os\":{\"architecture\":64,\"family\":\"Windows\",\"version\":\"10\"},\"description\":\"Chrome 145.0.0.0 on Windows 10 64-bit\"}','ff7474dcad117e995d53eb0e8354b601996c058ab2213638c62e44958090a2e8','2','legacy_sync'),(131,1,'LOGIN','2026-03-16 13:24:47','::1','{\"device\":\"Chrome\",\"version\":\"145.0.0.0\",\"layout\":\"Blink\",\"os\":{\"architecture\":64,\"family\":\"Windows\",\"version\":\"10\"},\"description\":\"Chrome 145.0.0.0 on Windows 10 64-bit\"}','fe5ae53410dced77a1e4d4de94a019cad901678420e37c48d4820d58a23e29e4','2','legacy_sync'),(132,1,'LOGOUT','2026-03-16 13:25:39','::1','','fe5ae53410dced77a1e4d4de94a019cad901678420e37c48d4820d58a23e29e4','1','legacy_sync'),(133,1,'LOGIN','2026-03-16 13:25:43','::1','{\"device\":\"Chrome\",\"version\":\"145.0.0.0\",\"layout\":\"Blink\",\"os\":{\"architecture\":64,\"family\":\"Windows\",\"version\":\"10\"},\"description\":\"Chrome 145.0.0.0 on Windows 10 64-bit\"}','cf18f989599a2afdacca0f266192379c426e991e8b8effdf0b86e2d0fcf5d72b','1','legacy_sync'),(134,1,'LOGIN','2026-03-16 13:26:56','10.10.10.37','{\"device\":\"Chrome Mobile\",\"version\":\"145.0.0.0\",\"layout\":\"Blink\",\"os\":{\"architecture\":32,\"family\":\"Android\",\"version\":\"10\"},\"description\":\"Chrome Mobile 145.0.0.0 on K (Android 10)\"}','9edb0fad85cd0bc890d957fca12e2f20d91e95a9c5da149446366e5c2ac23a6d','2','legacy_sync'),(135,1,'LOGOUT','2026-03-16 13:29:41','::1','','cf18f989599a2afdacca0f266192379c426e991e8b8effdf0b86e2d0fcf5d72b','1','legacy_sync'),(136,1,'LOGIN','2026-03-16 13:29:44','::1','{\"device\":\"Chrome\",\"version\":\"145.0.0.0\",\"layout\":\"Blink\",\"os\":{\"architecture\":64,\"family\":\"Windows\",\"version\":\"10\"},\"description\":\"Chrome 145.0.0.0 on Windows 10 64-bit\"}','650a9c6b75d24c549925073eb7b2d577c4a740124985429b6a4b29e0d64554f7','2','legacy_sync'),(137,1,'LOGIN','2026-03-16 13:49:47','::1','{\"device\":\"Chrome\",\"version\":\"145.0.0.0\",\"layout\":\"Blink\",\"os\":{\"architecture\":64,\"family\":\"Windows\",\"version\":\"10\"},\"description\":\"Chrome 145.0.0.0 on Windows 10 64-bit\"}','ac5d9d50029d4c809b2aa699653382073f4b82d76e62eb95e5492fa78bad04c7','2','legacy_sync'),(138,1,'LOGIN','2026-03-16 13:56:49','10.10.10.37','{\"device\":\"Chrome Mobile\",\"version\":\"145.0.0.0\",\"layout\":\"Blink\",\"os\":{\"architecture\":32,\"family\":\"Android\",\"version\":\"10\"},\"description\":\"Chrome Mobile 145.0.0.0 on K (Android 10)\"}','5f67c6dcb49764e58358172b73958ac253ca23d759437cf52c5058fe9af3f401','2','legacy_sync'),(139,1,'LOGIN','2026-03-16 15:41:44','::1','{\"device\":\"Chrome\",\"version\":\"145.0.0.0\",\"layout\":\"Blink\",\"os\":{\"architecture\":64,\"family\":\"Windows\",\"version\":\"10\"},\"description\":\"Chrome 145.0.0.0 on Windows 10 64-bit\"}','2656a084d3c814f0821d7dcb0e86a7fdb5decfc7d8cc634fea46b722234a196c','1','legacy_sync'),(140,1,'LOGIN','2026-03-16 15:43:49','::1','{\"device\":\"Chrome\",\"version\":\"145.0.0.0\",\"layout\":\"Blink\",\"os\":{\"architecture\":64,\"family\":\"Windows\",\"version\":\"10\"},\"description\":\"Chrome 145.0.0.0 on Windows 10 64-bit\"}','ea27f375eb9cbbc3fd1429bdf4473594807c44ac301c8013a456c1f33f7304fc','1','legacy_sync'),(141,1,'LOGOUT','2026-03-16 16:09:54','::1','','ac5d9d50029d4c809b2aa699653382073f4b82d76e62eb95e5492fa78bad04c7','1','legacy_sync'),(142,1,'LOGIN','2026-03-16 16:10:11','::1','{\"device\":\"Chrome\",\"version\":\"145.0.0.0\",\"layout\":\"Blink\",\"os\":{\"architecture\":64,\"family\":\"Windows\",\"version\":\"10\"},\"description\":\"Chrome 145.0.0.0 on Windows 10 64-bit\"}','d5f1975a6c96613fa27396732bb6fe55a176506efa17e3dcf670c350398b8b82','1','legacy_sync'),(143,1,'LOGOUT','2026-03-16 16:12:35','::1','','d5f1975a6c96613fa27396732bb6fe55a176506efa17e3dcf670c350398b8b82','1','legacy_sync'),(144,1,'LOGIN','2026-03-16 16:13:42','::1','{\"device\":\"Chrome\",\"version\":\"145.0.0.0\",\"layout\":\"Blink\",\"os\":{\"architecture\":64,\"family\":\"Windows\",\"version\":\"10\"},\"description\":\"Chrome 145.0.0.0 on Windows 10 64-bit\"}','b163a67527c8bf465487702df277d44bce44a5208cdbae3458a6fc5db2bbdc76','2','legacy_sync'),(145,1,'LOGIN','2026-03-17 08:11:14','::1','{\"device\":\"Chrome\",\"version\":\"145.0.0.0\",\"layout\":\"Blink\",\"os\":{\"architecture\":64,\"family\":\"Windows\",\"version\":\"10\"},\"description\":\"Chrome 145.0.0.0 on Windows 10 64-bit\"}','0e7cb4e0506a21ce1007655bf46f94e860e0143cff4f8935b3284fb6a22c1286','2','legacy_sync'),(146,1,'LOGIN','2026-03-17 10:40:14','::1','{\"device\":\"Chrome\",\"version\":\"146.0.0.0\",\"layout\":\"Blink\",\"os\":{\"architecture\":64,\"family\":\"Windows\",\"version\":\"10\"},\"description\":\"Chrome 146.0.0.0 on Windows 10 64-bit\"}','7143ffdc96c25a350d1f0332534a5a23f2c1031f9a8487c038f4adbe310a38f1','2','legacy_sync'),(147,1,'LOGIN','2026-03-17 13:46:22','::1','{\"device\":\"Chrome\",\"version\":\"146.0.0.0\",\"layout\":\"Blink\",\"os\":{\"architecture\":64,\"family\":\"Windows\",\"version\":\"10\"},\"description\":\"Chrome 146.0.0.0 on Windows 10 64-bit\"}','b4d2fa59af3d15e88f356b8057078bd9da9e46a6ecd1b5f223f3c5edda5b4eb1','1','legacy_sync'),(148,1,'LOGIN','2026-03-17 22:57:18','::1','{\"device\":\"Chrome\",\"version\":\"146.0.0.0\",\"layout\":\"Blink\",\"os\":{\"architecture\":64,\"family\":\"Windows\",\"version\":\"10\"},\"description\":\"Chrome 146.0.0.0 on Windows 10 64-bit\"}','52b2b89cb18a6751a91f80523648577a8ae765c8eb616e07984cd95fbf4681f0','2','legacy_sync'),(149,1,'LOGIN','2026-03-17 23:02:13','10.10.10.48','{\"device\":\"Chrome Mobile\",\"version\":\"146.0.0.0\",\"layout\":\"Blink\",\"os\":{\"architecture\":32,\"family\":\"Android\",\"version\":\"10\"},\"description\":\"Chrome Mobile 146.0.0.0 on K (Android 10)\"}','cc4486dd79bf931f8d737d379e7c2c0c573457bedc8d7cd65efbab5742121ae3','2','legacy_sync'),(150,1,'LOGIN','2026-03-18 02:34:56','::1','{\"device\":\"Chrome\",\"version\":\"146.0.0.0\",\"layout\":\"Blink\",\"os\":{\"architecture\":64,\"family\":\"Windows\",\"version\":\"10\"},\"description\":\"Chrome 146.0.0.0 on Windows 10 64-bit\"}','874c9cc4af41484214316f03c5592d5f4473b6a82b109f49bf6aa411d1b5c0e9','2','legacy_sync'),(151,1,'LOGIN','2026-03-23 08:23:52','::1','{\"device\":\"Chrome\",\"version\":\"146.0.0.0\",\"layout\":\"Blink\",\"os\":{\"architecture\":64,\"family\":\"Windows\",\"version\":\"10\"},\"description\":\"Chrome 146.0.0.0 on Windows 10 64-bit\"}','e7cf09549db5298487d6ba255a346b604b89c5ce599b4a015209293953196134','2','legacy_sync'),(152,1,'LOGIN','2026-03-23 16:57:44','::1','{\"device\":\"Chrome\",\"version\":\"146.0.0.0\",\"layout\":\"Blink\",\"os\":{\"architecture\":64,\"family\":\"Windows\",\"version\":\"10\"},\"description\":\"Chrome 146.0.0.0 on Windows 10 64-bit\"}','4b994d52c66479e7b244588d636d82736206a3726ad2071ab72506211901eb06','2','legacy_sync'),(153,1,'LOGOUT','2026-03-23 18:18:53','::1','','4b994d52c66479e7b244588d636d82736206a3726ad2071ab72506211901eb06','1','legacy_sync'),(154,1,'LOGIN','2026-03-23 18:19:02','::1','{\"device\":\"Chrome\",\"version\":\"146.0.0.0\",\"layout\":\"Blink\",\"os\":{\"architecture\":64,\"family\":\"Windows\",\"version\":\"10\"},\"description\":\"Chrome 146.0.0.0 on Windows 10 64-bit\"}','257aa07316f807e981551f695898ff5a934619a201310bf11cd32d6f307dbbe3','2','legacy_sync'),(155,1,'LOGOUT','2026-03-23 19:42:05','::1','','257aa07316f807e981551f695898ff5a934619a201310bf11cd32d6f307dbbe3','1','legacy_sync'),(156,1,'LOGIN','2026-03-23 19:42:10','::1','{\"device\":\"Chrome\",\"version\":\"146.0.0.0\",\"layout\":\"Blink\",\"os\":{\"architecture\":64,\"family\":\"Windows\",\"version\":\"10\"},\"description\":\"Chrome 146.0.0.0 on Windows 10 64-bit\"}','0185f17eb33e1c8922d8e94d2bb2ba49dedea8949ee646063f4965c1dc1f99c2','2','legacy_sync'),(157,1,'LOGIN','2026-03-24 00:29:16','::1','{\"device\":\"Chrome\",\"version\":\"146.0.0.0\",\"layout\":\"Blink\",\"os\":{\"architecture\":64,\"family\":\"Windows\",\"version\":\"10\"},\"description\":\"Chrome 146.0.0.0 on Windows 10 64-bit\"}','977c3ff77314fd8c81ada5886b4c83ae2ebede269e5147ef9d7759138d242d61','2','legacy_sync'),(158,1,'LOGOUT','2026-03-24 01:58:04','::1','','977c3ff77314fd8c81ada5886b4c83ae2ebede269e5147ef9d7759138d242d61','1','legacy_sync'),(159,1,'LOGIN','2026-03-24 01:58:16','::1','{\"device\":\"Chrome\",\"version\":\"146.0.0.0\",\"layout\":\"Blink\",\"os\":{\"architecture\":64,\"family\":\"Windows\",\"version\":\"10\"},\"description\":\"Chrome 146.0.0.0 on Windows 10 64-bit\"}','0c97cdc8fbd3ab09b214accd10042cdcaa9577dd7448db4de7d46e9d37f8ff1d','1','legacy_sync'),(160,1,'LOGOUT','2026-03-24 01:58:34','::1','','0c97cdc8fbd3ab09b214accd10042cdcaa9577dd7448db4de7d46e9d37f8ff1d','1','legacy_sync'),(161,1,'LOGIN','2026-03-24 01:58:40','::1','{\"device\":\"Chrome\",\"version\":\"146.0.0.0\",\"layout\":\"Blink\",\"os\":{\"architecture\":64,\"family\":\"Windows\",\"version\":\"10\"},\"description\":\"Chrome 146.0.0.0 on Windows 10 64-bit\"}','eeb1bb63c5cb7bb86d2b397fea9480d554d09be8d631c7416e928e3da7cc72f3','2','legacy_sync'),(162,1,'LOGOUT','2026-03-24 02:11:22','::1','','eeb1bb63c5cb7bb86d2b397fea9480d554d09be8d631c7416e928e3da7cc72f3','1','legacy_sync'),(163,1,'LOGIN','2026-03-24 02:11:36','::1','{\"device\":\"Chrome\",\"version\":\"146.0.0.0\",\"layout\":\"Blink\",\"os\":{\"architecture\":64,\"family\":\"Windows\",\"version\":\"10\"},\"description\":\"Chrome 146.0.0.0 on Windows 10 64-bit\"}','df266db825bb110c824075ee823aef6014e64cc06fd381161a87001665392caa','1','legacy_sync'),(164,1,'LOGOUT','2026-03-24 02:11:56','::1','','df266db825bb110c824075ee823aef6014e64cc06fd381161a87001665392caa','1','legacy_sync'),(165,1,'LOGIN','2026-03-24 02:12:36','::1','{\"device\":\"Chrome\",\"version\":\"146.0.0.0\",\"layout\":\"Blink\",\"os\":{\"architecture\":64,\"family\":\"Windows\",\"version\":\"10\"},\"description\":\"Chrome 146.0.0.0 on Windows 10 64-bit\"}','1c11cd3540fb42c6eaf2bf147ba4bccbd72f70f9caed53d573257c4946971c8a','2','legacy_sync'),(166,1,'LOGOUT','2026-03-24 02:12:43','::1','','1c11cd3540fb42c6eaf2bf147ba4bccbd72f70f9caed53d573257c4946971c8a','1','legacy_sync'),(167,1,'LOGIN','2026-03-24 02:16:11','::1','{\"device\":\"Chrome\",\"version\":\"146.0.0.0\",\"layout\":\"Blink\",\"os\":{\"architecture\":64,\"family\":\"Windows\",\"version\":\"10\"},\"description\":\"Chrome 146.0.0.0 on Windows 10 64-bit\"}','9e513bcafdeb5036352c991f84b363fee7a80916b349c14d2b85a56da0a02b5a','2','legacy_sync'),(168,1,'LOGOUT','2026-03-24 02:19:46','::1','','9e513bcafdeb5036352c991f84b363fee7a80916b349c14d2b85a56da0a02b5a','1','legacy_sync'),(169,1,'LOGIN','2026-03-24 02:19:51','::1','{\"device\":\"Chrome\",\"version\":\"146.0.0.0\",\"layout\":\"Blink\",\"os\":{\"architecture\":64,\"family\":\"Windows\",\"version\":\"10\"},\"description\":\"Chrome 146.0.0.0 on Windows 10 64-bit\"}','f29972f3e16d94a7f6c79a131beae33035e1bf8fe720c7c2063c408a0bce221d','2','legacy_sync'),(170,1,'LOGOUT','2026-03-24 02:20:03','::1','','f29972f3e16d94a7f6c79a131beae33035e1bf8fe720c7c2063c408a0bce221d','1','legacy_sync'),(171,3,'LOGIN','2026-03-24 02:20:20','::1','{\"device\":\"Chrome\",\"version\":\"146.0.0.0\",\"layout\":\"Blink\",\"os\":{\"architecture\":64,\"family\":\"Windows\",\"version\":\"10\"},\"description\":\"Chrome 146.0.0.0 on Windows 10 64-bit\"}','82cd165b5dcb97f1b1cd5bbb893c501fc1c215add4152b9ad48f25ca1d447cbd','4','legacy_sync'),(172,3,'LOGOUT','2026-03-24 02:21:39','::1','','82cd165b5dcb97f1b1cd5bbb893c501fc1c215add4152b9ad48f25ca1d447cbd','4','legacy_sync'),(173,1,'LOGIN','2026-03-24 02:21:54','::1','{\"device\":\"Chrome\",\"version\":\"146.0.0.0\",\"layout\":\"Blink\",\"os\":{\"architecture\":64,\"family\":\"Windows\",\"version\":\"10\"},\"description\":\"Chrome 146.0.0.0 on Windows 10 64-bit\"}','214807a454509a93f51df6d9c6aad169c874e42e599c5a2ae8d09a2b9dbb26cc','2','legacy_sync'),(174,1,'LOGIN','2026-03-24 02:23:26','::1','{\"device\":\"Chrome\",\"version\":\"146.0.0.0\",\"layout\":\"Blink\",\"os\":{\"architecture\":64,\"family\":\"Windows\",\"version\":\"10\"},\"description\":\"Chrome 146.0.0.0 on Windows 10 64-bit\"}','9ac4f73f67b959e336b1c990ff779f321aac15d47aec76ddff9aa54a6871ee7b','2','legacy_sync'),(175,1,'LOGIN','2026-03-25 07:39:33','::1','{\"device\":\"Chrome\",\"version\":\"146.0.0.0\",\"layout\":\"Blink\",\"os\":{\"architecture\":64,\"family\":\"Windows\",\"version\":\"10\"},\"description\":\"Chrome 146.0.0.0 on Windows 10 64-bit\"}','987ed844804d6fca2ac139e6ce424fe358594285ef7491dbbead56e853db3a77','2','legacy_sync'),(176,1,'LOGIN','2026-03-25 13:08:41','::1','{\"device\":\"Chrome\",\"version\":\"146.0.0.0\",\"layout\":\"Blink\",\"os\":{\"architecture\":64,\"family\":\"Windows\",\"version\":\"10\"},\"description\":\"Chrome 146.0.0.0 on Windows 10 64-bit\"}','f347d2ce14c424167d3fc260989eaf2c9209c26f02baeee12b73a58665137a86','2','legacy_sync'),(177,1,'LOGOUT','2026-03-26 13:43:33','::1','','f347d2ce14c424167d3fc260989eaf2c9209c26f02baeee12b73a58665137a86','1','legacy_sync'),(178,1,'LOGIN','2026-03-26 13:43:57','::1','{\"device\":\"Chrome\",\"version\":\"146.0.0.0\",\"layout\":\"Blink\",\"os\":{\"architecture\":64,\"family\":\"Windows\",\"version\":\"10\"},\"description\":\"Chrome 146.0.0.0 on Windows 10 64-bit\"}','511a3f0e9d3a9d5774c1378ef05f7e488138f2c27cc374fee9f5cd0bcd1a87c9','1','legacy_sync'),(179,1,'LOGOUT','2026-03-26 13:44:04','::1','','511a3f0e9d3a9d5774c1378ef05f7e488138f2c27cc374fee9f5cd0bcd1a87c9','1','legacy_sync'),(180,1,'LOGIN','2026-03-26 14:39:57','::1','{\"device\":\"Chrome\",\"version\":\"146.0.0.0\",\"layout\":\"Blink\",\"os\":{\"architecture\":64,\"family\":\"Windows\",\"version\":\"10\"},\"description\":\"Chrome 146.0.0.0 on Windows 10 64-bit\"}','03948a921484b9d138ecf8f2765ce8e80b706cdbf4d3d9213ba313fed5a10cc1','2','legacy_sync'),(181,1,'LOGIN','2026-03-30 07:42:45','::1','{\"device\":\"Chrome\",\"version\":\"146.0.0.0\",\"layout\":\"Blink\",\"os\":{\"architecture\":64,\"family\":\"Windows\",\"version\":\"10\"},\"description\":\"Chrome 146.0.0.0 on Windows 10 64-bit\"}','be31b8bf71c09e59178a67906632af66b3eda5ac828a7062b8459f3dfc7e5a6f','2','legacy_sync'),(182,1,'LOGIN','2026-03-30 13:40:33','::1','{\"device\":\"Chrome\",\"version\":\"146.0.0.0\",\"layout\":\"Blink\",\"os\":{\"architecture\":64,\"family\":\"Windows\",\"version\":\"10\"},\"description\":\"Chrome 146.0.0.0 on Windows 10 64-bit\"}','934e8d15d820ab25dad40348b7bbb64a220b015b7f66457e93f07e0152e5ae81','2','legacy_sync'),(183,1,'LOGOUT','2026-03-30 14:48:38','::1','','934e8d15d820ab25dad40348b7bbb64a220b015b7f66457e93f07e0152e5ae81','1','legacy_sync'),(184,1,'LOGIN','2026-03-30 14:48:46','::1','{\"device\":\"Chrome\",\"version\":\"146.0.0.0\",\"layout\":\"Blink\",\"os\":{\"architecture\":64,\"family\":\"Windows\",\"version\":\"10\"},\"description\":\"Chrome 146.0.0.0 on Windows 10 64-bit\"}','6e70d299494fb1d042a1357d63902b611d3c82ac742e69b0046087ca6d79cbed','1','legacy_sync'),(185,1,'LOGOUT','2026-03-30 14:50:57','::1','','6e70d299494fb1d042a1357d63902b611d3c82ac742e69b0046087ca6d79cbed','1','legacy_sync'),(186,1,'LOGIN','2026-03-30 14:51:32','::1','{\"device\":\"Chrome\",\"version\":\"146.0.0.0\",\"layout\":\"Blink\",\"os\":{\"architecture\":64,\"family\":\"Windows\",\"version\":\"10\"},\"description\":\"Chrome 146.0.0.0 on Windows 10 64-bit\"}','005f9e35ac36f28657cb04df4f247a0ec661389dc2eea509e9ad85ec6ffb16d6','2','legacy_sync'),(187,1,'LOGIN','2026-03-31 08:16:47','::1','{\"device\":\"Chrome\",\"version\":\"146.0.0.0\",\"layout\":\"Blink\",\"os\":{\"architecture\":64,\"family\":\"Windows\",\"version\":\"10\"},\"description\":\"Chrome 146.0.0.0 on Windows 10 64-bit\"}','6e76a88ef2ca33dd651c81dab8536a21444ecb40b399417c5b752b3eee4930d9','2','legacy_sync'),(188,1,'LOGIN','2026-03-31 15:53:03','::1','{\"device\":\"Chrome\",\"version\":\"146.0.0.0\",\"layout\":\"Blink\",\"os\":{\"architecture\":64,\"family\":\"Windows\",\"version\":\"10\"},\"description\":\"Chrome 146.0.0.0 on Windows 10 64-bit\"}','0a2ba618d84e965a22970dc7903c9e837df95ba8059d697783e12dccb8f0e9f5','1','legacy_sync'),(189,1,'LOGOUT','2026-03-31 15:56:01','::1','','0a2ba618d84e965a22970dc7903c9e837df95ba8059d697783e12dccb8f0e9f5','1','legacy_sync'),(190,1,'LOGIN','2026-03-31 15:56:06','::1','{\"device\":\"Chrome\",\"version\":\"146.0.0.0\",\"layout\":\"Blink\",\"os\":{\"architecture\":64,\"family\":\"Windows\",\"version\":\"10\"},\"description\":\"Chrome 146.0.0.0 on Windows 10 64-bit\"}','de318cb42fecb8c699075068b3d75768dfafda5e12734f3add71e10fde1395dc','2','legacy_sync'),(191,1,'LOGIN','2026-04-06 10:59:52','::1','{\"device\":\"Chrome\",\"version\":\"146.0.0.0\",\"layout\":\"Blink\",\"os\":{\"architecture\":64,\"family\":\"Windows\",\"version\":\"10\"},\"description\":\"Chrome 146.0.0.0 on Windows 10 64-bit\"}','eda99fd8a42298c3b1072ca7d0b05bc3471e245ac631a2f3c2524c4badcb8215','2','legacy_sync'),(192,1,'LOGIN','2026-04-07 08:13:50','::1','{\"device\":\"Chrome\",\"version\":\"146.0.0.0\",\"layout\":\"Blink\",\"os\":{\"architecture\":64,\"family\":\"Windows\",\"version\":\"10\"},\"description\":\"Chrome 146.0.0.0 on Windows 10 64-bit\"}','8a9a1f7ea3cb64395184b466fa811d77563abb8b1625d861cb1afd172f6d7744','2','legacy_sync'),(193,1,'LOGIN','2026-04-07 15:04:15','::1','{\"device\":\"Chrome\",\"version\":\"146.0.0.0\",\"layout\":\"Blink\",\"os\":{\"architecture\":64,\"family\":\"Windows\",\"version\":\"10\"},\"description\":\"Chrome 146.0.0.0 on Windows 10 64-bit\"}','1d9d95e95ffaf93a7e57bab42fed3280a50dc3415bfe405947c4a04b9514a78d','2','legacy_sync'),(194,1,'LOGIN','2026-04-08 07:54:56','::1','{\"device\":\"Chrome\",\"version\":\"146.0.0.0\",\"layout\":\"Blink\",\"os\":{\"architecture\":64,\"family\":\"Windows\",\"version\":\"10\"},\"description\":\"Chrome 146.0.0.0 on Windows 10 64-bit\"}','9552c042a293c0f465ee3435a74cb2854f041e55177833e27b1bdb5549186ba4','2','legacy_sync'),(195,1,'LOGIN','2026-04-08 08:56:02','10.10.10.67','{\"device\":\"Chrome Mobile\",\"version\":\"146.0.0.0\",\"layout\":\"Blink\",\"os\":{\"architecture\":32,\"family\":\"Android\",\"version\":\"10\"},\"description\":\"Chrome Mobile 146.0.0.0 on K (Android 10)\"}','64a0e96372f22f10b68c9aa80a63603a3b193891f165f0fb50ac664e8e069770','2','legacy_sync'),(196,1,'LOGIN','2026-04-08 14:29:54','::1','{\"device\":\"Chrome\",\"version\":\"146.0.0.0\",\"layout\":\"Blink\",\"os\":{\"architecture\":64,\"family\":\"Windows\",\"version\":\"10\"},\"description\":\"Chrome 146.0.0.0 on Windows 10 64-bit\"}','5cdadb70b5ca035a17334c6cd7cfe30d14a0d7b134d21d555668fab925f34077','2','legacy_sync'),(197,3,'LOGIN','2026-04-08 14:55:30','::1','{\"device\":\"Chrome\",\"version\":\"146.0.0.0\",\"layout\":\"Blink\",\"os\":{\"architecture\":64,\"family\":\"Windows\",\"version\":\"10\"},\"description\":\"Chrome 146.0.0.0 on Windows 10 64-bit\"}','861a636cde6550ca416c9d81b4a2bd73b62480796c1cfeb7a947cf47dff36fc4','4','legacy_sync'),(198,1,'LOGOUT','2026-04-08 14:57:18','::1','','5cdadb70b5ca035a17334c6cd7cfe30d14a0d7b134d21d555668fab925f34077','1','legacy_sync'),(199,1,'LOGIN','2026-04-08 14:57:32','::1','{\"device\":\"Chrome\",\"version\":\"146.0.0.0\",\"layout\":\"Blink\",\"os\":{\"architecture\":64,\"family\":\"Windows\",\"version\":\"10\"},\"description\":\"Chrome 146.0.0.0 on Windows 10 64-bit\"}','b414a07ced7c544dc75eea8e9cd4170a53179e55ff9d9afa93822a94766d7267','1','legacy_sync'),(200,1,'LOGOUT','2026-04-08 14:59:58','::1','','b414a07ced7c544dc75eea8e9cd4170a53179e55ff9d9afa93822a94766d7267','1','legacy_sync'),(201,1,'LOGIN','2026-04-08 15:00:07','::1','{\"device\":\"Chrome\",\"version\":\"146.0.0.0\",\"layout\":\"Blink\",\"os\":{\"architecture\":64,\"family\":\"Windows\",\"version\":\"10\"},\"description\":\"Chrome 146.0.0.0 on Windows 10 64-bit\"}','5c8b1b7b799296d913f8db0bf3d03d4474912e6a578fd7766c5186f77d92c1b0','2','legacy_sync'),(202,1,'LOGIN','2026-04-10 08:12:58','::1','{\"device\":\"Chrome\",\"version\":\"146.0.0.0\",\"layout\":\"Blink\",\"os\":{\"architecture\":64,\"family\":\"Windows\",\"version\":\"10\"},\"description\":\"Chrome 146.0.0.0 on Windows 10 64-bit\"}','2f94135875853c009e23ec27589a4053e3170e2732a8dd00774b77707b3e06c0','2','legacy_sync'),(203,3,'LOGIN','2026-04-10 10:59:23','::1','{\"device\":\"Chrome\",\"version\":\"146.0.0.0\",\"layout\":\"Blink\",\"os\":{\"architecture\":64,\"family\":\"Windows\",\"version\":\"10\"},\"description\":\"Chrome 146.0.0.0 on Windows 10 64-bit\"}','cab280f6af08d81141afb6c6633e8679c3b739b16eb6df77c13172387f6b1c34','4','legacy_sync'),(204,1,'LOGIN','2026-04-10 11:10:46','::1','{\"device\":\"Chrome\",\"version\":\"146.0.0.0\",\"layout\":\"Blink\",\"os\":{\"architecture\":64,\"family\":\"Windows\",\"version\":\"10\"},\"description\":\"Chrome 146.0.0.0 on Windows 10 64-bit\"}','bbf4d6df41b1b7815f37e70ef144ec1c7de023b721b68134c0bc6fafb0aa47fc','2','legacy_sync'),(205,3,'LOGOUT','2026-04-10 11:11:33','::1','','cab280f6af08d81141afb6c6633e8679c3b739b16eb6df77c13172387f6b1c34','4','legacy_sync'),(206,1,'LOGOUT','2026-04-10 11:11:40','::1','','bbf4d6df41b1b7815f37e70ef144ec1c7de023b721b68134c0bc6fafb0aa47fc','1','legacy_sync'),(207,13,'LOGIN','2026-04-10 11:13:34','::1','{\"device\":\"Chrome\",\"version\":\"146.0.0.0\",\"layout\":\"Blink\",\"os\":{\"architecture\":64,\"family\":\"Windows\",\"version\":\"10\"},\"description\":\"Chrome 146.0.0.0 on Windows 10 64-bit\"}','2116378c565ae4a2c007b416c07929f6bd53b2ba9c7180e18ebba960e3ccac21','4','legacy_sync'),(208,1,'LOGIN','2026-04-10 11:13:58','::1','{\"device\":\"Chrome\",\"version\":\"146.0.0.0\",\"layout\":\"Blink\",\"os\":{\"architecture\":64,\"family\":\"Windows\",\"version\":\"10\"},\"description\":\"Chrome 146.0.0.0 on Windows 10 64-bit\"}','59795a22ecf865e6f14c106202c3a5a3cd080194c1568b4f25250a93ce2f29df','2','legacy_sync'),(209,1,'LOGIN','2026-04-14 07:50:52','::1','{\"device\":\"Chrome\",\"version\":\"146.0.0.0\",\"layout\":\"Blink\",\"os\":{\"architecture\":64,\"family\":\"Windows\",\"version\":\"10\"},\"description\":\"Chrome 146.0.0.0 on Windows 10 64-bit\"}','508c1d8b0c8f4bb09ead1a8cd711de1ef95e7a7019609015cbcd61d859f1e950','2','legacy_sync'),(210,3,'LOGIN','2026-04-14 08:37:28','::1','{\"device\":\"Chrome\",\"version\":\"146.0.0.0\",\"layout\":\"Blink\",\"os\":{\"architecture\":64,\"family\":\"Windows\",\"version\":\"10\"},\"description\":\"Chrome 146.0.0.0 on Windows 10 64-bit\"}','cf8ad97598eb6e09dbb1a8583542ad90cc567e3868df2c2b889634f004fa2a68','4','legacy_sync'),(211,3,'LOGIN','2026-04-14 14:19:10','::1','{\"device\":\"Chrome\",\"version\":\"146.0.0.0\",\"layout\":\"Blink\",\"os\":{\"architecture\":64,\"family\":\"Windows\",\"version\":\"10\"},\"description\":\"Chrome 146.0.0.0 on Windows 10 64-bit\"}','3db5842a2639a8d8af8f4bcc178b3086762a6a1eb952d17f7197a616dc1f1143','4','legacy_sync'),(212,1,'LOGIN','2026-04-14 14:19:50','::1','{\"device\":\"Chrome\",\"version\":\"146.0.0.0\",\"layout\":\"Blink\",\"os\":{\"architecture\":64,\"family\":\"Windows\",\"version\":\"10\"},\"description\":\"Chrome 146.0.0.0 on Windows 10 64-bit\"}','dd1752766eaa7a0f5ef198c9f4c914b80ccca14c1a984164b23ccd484a01a1eb','2','legacy_sync'),(213,3,'LOGIN','2026-04-14 16:59:27','::1','{\"device\":\"Chrome\",\"version\":\"146.0.0.0\",\"layout\":\"Blink\",\"os\":{\"architecture\":64,\"family\":\"Windows\",\"version\":\"10\"},\"description\":\"Chrome 146.0.0.0 on Windows 10 64-bit\"}','482476c7360a7fa796ca002aee882f39c914bb10cefcf1efb230134015580ab0','4','legacy_sync'),(214,1,'LOGIN','2026-04-15 13:30:29','::1','{\"device\":\"Chrome\",\"version\":\"147.0.0.0\",\"layout\":\"Blink\",\"os\":{\"architecture\":64,\"family\":\"Windows\",\"version\":\"10\"},\"description\":\"Chrome 147.0.0.0 on Windows 10 64-bit\"}','00abc589f3d571e832412d0a9b26b150aa9b36ab43cc43cc789d138a6e05f678','2','legacy_sync'),(215,1,'LOGIN','2026-04-15 16:12:17','::1','{\"device\":\"Chrome\",\"version\":\"147.0.0.0\",\"layout\":\"Blink\",\"os\":{\"architecture\":64,\"family\":\"Windows\",\"version\":\"10\"},\"description\":\"Chrome 147.0.0.0 on Windows 10 64-bit\"}','d6088ae6029f899e7461d1cd925f1d2f7abc053232e706a4d08edb4aa57075cc','2','legacy_sync'),(216,3,'LOGIN','2026-04-15 16:19:12','::1','{\"device\":\"Chrome\",\"version\":\"147.0.0.0\",\"layout\":\"Blink\",\"os\":{\"architecture\":64,\"family\":\"Windows\",\"version\":\"10\"},\"description\":\"Chrome 147.0.0.0 on Windows 10 64-bit\"}','de62cac8a5c2d95c1d43fa686f46d33a40ec1d63b16b7b1e0ff498f287a15965','4','legacy_sync'),(217,3,'LOGOUT','2026-04-15 17:33:23','::1','','de62cac8a5c2d95c1d43fa686f46d33a40ec1d63b16b7b1e0ff498f287a15965','4','legacy_sync'),(218,1,'LOGIN','2026-04-16 08:28:29','::1','{\"device\":\"Chrome\",\"version\":\"147.0.0.0\",\"layout\":\"Blink\",\"os\":{\"architecture\":64,\"family\":\"Windows\",\"version\":\"10\"},\"description\":\"Chrome 147.0.0.0 on Windows 10 64-bit\"}','3c673f5b358bcff3722b1ac8c373618d3f3ed8dc1dcc96815ff69bfa8fb0fead','2','legacy_sync'),(219,1,'LOGIN','2026-04-16 11:17:32','::1','{\"device\":\"Chrome\",\"version\":\"147.0.0.0\",\"layout\":\"Blink\",\"os\":{\"architecture\":64,\"family\":\"Windows\",\"version\":\"10\"},\"description\":\"Chrome 147.0.0.0 on Windows 10 64-bit\"}','b1db1dc2ff607b268e68ca354730d5c0a7526e499873600373c1c2aea80aea3d','2','legacy_sync'),(220,1,'LOGIN','2026-04-16 11:20:24','10.10.10.54','{\"device\":\"Chrome Mobile\",\"version\":\"147.0.0.0\",\"layout\":\"Blink\",\"os\":{\"architecture\":32,\"family\":\"Android\",\"version\":\"10\"},\"description\":\"Chrome Mobile 147.0.0.0 on K (Android 10)\"}','47bd24e725073829c203be1f1d5965e7681a45c07b8ed64164a3bd03b3dd36a3','2','legacy_sync'),(221,1,'LOGIN','2026-04-16 11:20:39','10.10.10.54','{\"device\":\"Chrome Mobile\",\"version\":\"147.0.0.0\",\"layout\":\"Blink\",\"os\":{\"architecture\":32,\"family\":\"Android\",\"version\":\"10\"},\"description\":\"Chrome Mobile 147.0.0.0 on K (Android 10)\"}','4a584a6a5f7b70b98a9507d10529d4703b69ed349982190ee169e9045d52c875','2','legacy_sync'),(222,1,'LOGIN','2026-04-16 11:27:14','::1','{\"device\":\"Chrome\",\"version\":\"147.0.0.0\",\"layout\":\"Blink\",\"os\":{\"architecture\":64,\"family\":\"Windows\",\"version\":\"10\"},\"description\":\"Chrome 147.0.0.0 on Windows 10 64-bit\"}','d4f126c66140e282244761cd696f2c07f8954cbe08971ca9fa15f099f24b1ccd','2','legacy_sync'),(223,3,'LOGIN','2026-04-16 14:09:00','::1','{\"device\":\"Chrome\",\"version\":\"147.0.0.0\",\"layout\":\"Blink\",\"os\":{\"architecture\":64,\"family\":\"Windows\",\"version\":\"10\"},\"description\":\"Chrome 147.0.0.0 on Windows 10 64-bit\"}','27bbcafe005e167f1a164ca52f3823dc148a93518f9638dc59d8387e91458532','4','legacy_sync'),(224,3,'LOGIN','2026-04-16 16:10:04','::1','{\"device\":\"Chrome\",\"version\":\"147.0.0.0\",\"layout\":\"Blink\",\"os\":{\"architecture\":64,\"family\":\"Windows\",\"version\":\"10\"},\"description\":\"Chrome 147.0.0.0 on Windows 10 64-bit\"}','7753df62294351394bd7480b422f4fbe26b2238a807cf239bd216e0b44ee3d02','4','legacy_sync'),(225,1,'LOGIN','2026-04-16 16:10:40','::1','{\"device\":\"Chrome\",\"version\":\"147.0.0.0\",\"layout\":\"Blink\",\"os\":{\"architecture\":64,\"family\":\"Windows\",\"version\":\"10\"},\"description\":\"Chrome 147.0.0.0 on Windows 10 64-bit\"}','bfce93cccc173b4c01089371d9e35f1c3fab02e3934b0da6860ab07b657b9549','2','legacy_sync'),(226,1,'LOGIN','2026-04-20 08:13:14','::1','{\"device\":\"Chrome\",\"version\":\"147.0.0.0\",\"layout\":\"Blink\",\"os\":{\"architecture\":64,\"family\":\"Windows\",\"version\":\"10\"},\"description\":\"Chrome 147.0.0.0 on Windows 10 64-bit\"}','496d8149b931f70287e3b98aedca3a9c6b803ec322d8a410ebef243b9509624c','2','legacy_sync'),(227,1,'LOGOUT','2026-04-20 10:58:18','::1','','496d8149b931f70287e3b98aedca3a9c6b803ec322d8a410ebef243b9509624c','1','legacy_sync'),(228,1,'LOGIN','2026-04-20 10:58:28','::1','{\"device\":\"Chrome\",\"version\":\"147.0.0.0\",\"layout\":\"Blink\",\"os\":{\"architecture\":64,\"family\":\"Windows\",\"version\":\"10\"},\"description\":\"Chrome 147.0.0.0 on Windows 10 64-bit\"}','0c0750973a2875f2d85ee311609bef986b3505ec07b8158688eacea318636f37','1','legacy_sync'),(229,1,'LOGOUT','2026-04-20 11:00:53','::1','','0c0750973a2875f2d85ee311609bef986b3505ec07b8158688eacea318636f37','1','legacy_sync'),(230,15,'LOGIN','2026-04-20 11:06:17','::1','{\"device\":\"Chrome\",\"version\":\"147.0.0.0\",\"layout\":\"Blink\",\"os\":{\"architecture\":64,\"family\":\"Windows\",\"version\":\"10\"},\"description\":\"Chrome 147.0.0.0 on Windows 10 64-bit\"}','66772287249e885e42d13fee17c16c25c082d8eb88298e0f6faf7268cbf9d30b','3','legacy_sync'),(231,1,'LOGIN','2026-04-20 11:06:31','::1','{\"device\":\"Chrome\",\"version\":\"147.0.0.0\",\"layout\":\"Blink\",\"os\":{\"architecture\":64,\"family\":\"Windows\",\"version\":\"10\"},\"description\":\"Chrome 147.0.0.0 on Windows 10 64-bit\"}','9f1c78cc29ccf3c6442d36f2c08253314bdd8dbff4b5746e4bbb0eeace159175','1','legacy_sync'),(232,1,'LOGOUT','2026-04-20 11:20:19','::1','','9f1c78cc29ccf3c6442d36f2c08253314bdd8dbff4b5746e4bbb0eeace159175','1','legacy_sync'),(233,1,'LOGIN','2026-04-20 11:20:26','::1','{\"device\":\"Chrome\",\"version\":\"147.0.0.0\",\"layout\":\"Blink\",\"os\":{\"architecture\":64,\"family\":\"Windows\",\"version\":\"10\"},\"description\":\"Chrome 147.0.0.0 on Windows 10 64-bit\"}','508c593abaf9fccd36b2ef848968ac99659792afa03eb23f46e6aeb375db72a4','2','legacy_sync'),(234,15,'LOGOUT','2026-04-20 11:24:41','::1','','66772287249e885e42d13fee17c16c25c082d8eb88298e0f6faf7268cbf9d30b','3','legacy_sync'),(235,3,'LOGIN','2026-04-20 11:24:55','::1','{\"device\":\"Chrome\",\"version\":\"147.0.0.0\",\"layout\":\"Blink\",\"os\":{\"architecture\":64,\"family\":\"Windows\",\"version\":\"10\"},\"description\":\"Chrome 147.0.0.0 on Windows 10 64-bit\"}','a131fd88512ac69254903327f0ed6f1cac62abf02aa79d834d981080d5091917','4','legacy_sync'),(236,1,'LOGIN','2026-04-20 14:03:53','::1','{\"device\":\"Chrome\",\"version\":\"147.0.0.0\",\"layout\":\"Blink\",\"os\":{\"architecture\":64,\"family\":\"Windows\",\"version\":\"10\"},\"description\":\"Chrome 147.0.0.0 on Windows 10 64-bit\"}','ee7c0ccfbe4ff47e940b091ea6a3032a5ef094a299ff2d42f7bbb3d1994e0d69','2','legacy_sync'),(237,15,'LOGIN','2026-04-20 14:11:31','::1','{\"device\":\"Chrome\",\"version\":\"147.0.0.0\",\"layout\":\"Blink\",\"os\":{\"architecture\":64,\"family\":\"Windows\",\"version\":\"10\"},\"description\":\"Chrome 147.0.0.0 on Windows 10 64-bit\"}','58793b48da67a41a7c52dc7a34d24ae520d753293fc578a7d0b0e55c98751bca','3','legacy_sync'),(238,15,'LOGOUT','2026-04-20 16:32:06','::1','','58793b48da67a41a7c52dc7a34d24ae520d753293fc578a7d0b0e55c98751bca','3','legacy_sync'),(239,3,'LOGIN','2026-04-20 16:32:30','::1','{\"device\":\"Chrome\",\"version\":\"147.0.0.0\",\"layout\":\"Blink\",\"os\":{\"architecture\":64,\"family\":\"Windows\",\"version\":\"10\"},\"description\":\"Chrome 147.0.0.0 on Windows 10 64-bit\"}','4c50827a9d8fb3fc212aedabf4ed97b46eec89ffcc2ad35476bfbcbda43fab86','4','legacy_sync'),(240,3,'LOGOUT','2026-04-20 16:32:52','::1','','4c50827a9d8fb3fc212aedabf4ed97b46eec89ffcc2ad35476bfbcbda43fab86','4','legacy_sync'),(241,3,'LOGIN','2026-04-20 16:42:06','::1','{\"device\":\"Chrome\",\"version\":\"147.0.0.0\",\"layout\":\"Blink\",\"os\":{\"architecture\":64,\"family\":\"Windows\",\"version\":\"10\"},\"description\":\"Chrome 147.0.0.0 on Windows 10 64-bit\"}','7f48cd70765cac76d50337220bdd30c595bc4f1569ed24b24af8355f8ddc6e9a','4','legacy_sync'),(242,1,'LOGIN','2026-04-22 13:49:39','::1','{\"device\":\"Chrome\",\"version\":\"147.0.0.0\",\"layout\":\"Blink\",\"os\":{\"architecture\":64,\"family\":\"Windows\",\"version\":\"10\"},\"description\":\"Chrome 147.0.0.0 on Windows 10 64-bit\"}','626d1d6c4701d0dc1b8a5aa58db7f3f5f6a779d224f71f17e55f838ebec9d569','2','legacy_sync'),(243,15,'LOGIN','2026-04-22 13:50:14','::1','{\"device\":\"Chrome\",\"version\":\"147.0.0.0\",\"layout\":\"Blink\",\"os\":{\"architecture\":64,\"family\":\"Windows\",\"version\":\"10\"},\"description\":\"Chrome 147.0.0.0 on Windows 10 64-bit\"}','37ffcb3905e042ed5238f29cd7aef02721f0ef713aa2a1a09975325b58758fa8','3','legacy_sync'),(244,1,'LOGIN','2026-04-22 14:25:24','::1','{\"device\":\"Chrome\",\"version\":\"147.0.0.0\",\"layout\":\"Blink\",\"os\":{\"architecture\":64,\"family\":\"Windows\",\"version\":\"10\"},\"description\":\"Chrome 147.0.0.0 on Windows 10 64-bit\"}','b1b7df4add13ec2cfa70abf1bcc894ad67b36fea8a060a1893724d2c901c22fd','2','legacy_sync'),(245,1,'LOGIN','2026-04-24 08:25:10','::1','{\"device\":\"Chrome\",\"version\":\"147.0.0.0\",\"layout\":\"Blink\",\"os\":{\"architecture\":64,\"family\":\"Windows\",\"version\":\"10\"},\"description\":\"Chrome 147.0.0.0 on Windows 10 64-bit\"}','0e9ff4f151794b66f74157ed0d1f412e12d3fe866550b0b589d93f2b9fe14285','2','legacy_sync'),(246,15,'LOGIN','2026-04-24 08:43:44','::1','{\"device\":\"Chrome\",\"version\":\"147.0.0.0\",\"layout\":\"Blink\",\"os\":{\"architecture\":64,\"family\":\"Windows\",\"version\":\"10\"},\"description\":\"Chrome 147.0.0.0 on Windows 10 64-bit\"}','c001ddb64937f1e0589005197b686e4cec7478d0b8aac70cae87ff56e4b917ae','3','legacy_sync'),(247,1,'LOGOUT','2026-04-24 09:15:52','::1','','0e9ff4f151794b66f74157ed0d1f412e12d3fe866550b0b589d93f2b9fe14285','1','legacy_sync'),(248,3,'LOGIN','2026-04-24 09:16:09','::1','{\"device\":\"Chrome\",\"version\":\"147.0.0.0\",\"layout\":\"Blink\",\"os\":{\"architecture\":64,\"family\":\"Windows\",\"version\":\"10\"},\"description\":\"Chrome 147.0.0.0 on Windows 10 64-bit\"}','85b0c5293be4a4cd61133474040a73a0cd52b7543cfeedf6f0b3bc5b5ed93c01','4','legacy_sync'),(249,15,'LOGOUT','2026-04-24 10:15:29','::1','','c001ddb64937f1e0589005197b686e4cec7478d0b8aac70cae87ff56e4b917ae','3','legacy_sync'),(250,1,'LOGIN','2026-04-24 10:15:55','::1','{\"device\":\"Chrome\",\"version\":\"147.0.0.0\",\"layout\":\"Blink\",\"os\":{\"architecture\":64,\"family\":\"Windows\",\"version\":\"10\"},\"description\":\"Chrome 147.0.0.0 on Windows 10 64-bit\"}','f27cf2de370ca661042ec82f3a699859a9b26a2c9c02242f13db3251df335b2e','2','legacy_sync'),(251,3,'LOGIN','2026-04-24 13:44:51','::1','{\"device\":\"Chrome\",\"version\":\"147.0.0.0\",\"layout\":\"Blink\",\"os\":{\"architecture\":64,\"family\":\"Windows\",\"version\":\"10\"},\"description\":\"Chrome 147.0.0.0 on Windows 10 64-bit\"}','3c73afd71999935dcafad210e6f67cf17947541f5a5e4e08cb986ea54a0105ac','4','legacy_sync'),(252,3,'LOGIN','2026-04-24 14:16:55','::1','{\"device\":\"Chrome\",\"version\":\"147.0.0.0\",\"layout\":\"Blink\",\"os\":{\"architecture\":64,\"family\":\"Windows\",\"version\":\"10\"},\"description\":\"Chrome 147.0.0.0 on Windows 10 64-bit\"}','6a4742260a1697703ff842b124d1e6c0f805111f3b1e25fbb008beff0f823de7','4','legacy_sync'),(253,3,'LOGIN','2026-04-24 14:44:13','::1','{\"device\":\"Chrome\",\"version\":\"147.0.0.0\",\"layout\":\"Blink\",\"os\":{\"architecture\":64,\"family\":\"Windows\",\"version\":\"10\"},\"description\":\"Chrome 147.0.0.0 on Windows 10 64-bit\"}','6bc8fe91b25fcbe30f3fa8a6ff0f2c09ccb32e51f19e984e0f67bea8a5930ed2','4','legacy_sync'),(254,3,'LOGOUT','2026-04-24 16:45:49','::1','','6bc8fe91b25fcbe30f3fa8a6ff0f2c09ccb32e51f19e984e0f67bea8a5930ed2','4','legacy_sync'),(255,1,'LOGIN','2026-04-24 16:46:01','::1','{\"device\":\"Chrome\",\"version\":\"147.0.0.0\",\"layout\":\"Blink\",\"os\":{\"architecture\":64,\"family\":\"Windows\",\"version\":\"10\"},\"description\":\"Chrome 147.0.0.0 on Windows 10 64-bit\"}','36fef27b3c0197bf96388c2dfac066753375c9dfc6ddd8ce8897aa28866662cb','2','legacy_sync'),(256,1,'LOGIN','2026-04-27 10:14:39','::1','{\"device\":\"Chrome\",\"version\":\"147.0.0.0\",\"layout\":\"Blink\",\"os\":{\"architecture\":64,\"family\":\"Windows\",\"version\":\"10\"},\"description\":\"Chrome 147.0.0.0 on Windows 10 64-bit\"}','7ab70b5d0dec860722a2ff47ff8dde451a03547212b615725fe12db06a36eb49','2','legacy_sync'),(257,1,'LOGIN','2026-04-27 13:14:41','::1','{\"device\":\"Chrome\",\"version\":\"147.0.0.0\",\"layout\":\"Blink\",\"os\":{\"architecture\":64,\"family\":\"Windows\",\"version\":\"10\"},\"description\":\"Chrome 147.0.0.0 on Windows 10 64-bit\"}','09e61313314828b015182dd5b20573eef1ef1623ebd041ec6d53f68df35c5793','2','legacy_sync'),(258,1,'LOGIN','2026-04-28 08:15:14','::1','{\"device\":\"Chrome\",\"version\":\"147.0.0.0\",\"layout\":\"Blink\",\"os\":{\"architecture\":64,\"family\":\"Windows\",\"version\":\"10\"},\"description\":\"Chrome 147.0.0.0 on Windows 10 64-bit\"}','1f0ca3064d37430898709a8035925b0902e174071e1dda9bd9cf581a1858b9de','2','legacy_sync'),(259,1,'LOGOUT','2026-04-28 08:59:34','::1','','1f0ca3064d37430898709a8035925b0902e174071e1dda9bd9cf581a1858b9de','1','legacy_sync'),(260,1,'LOGIN','2026-04-28 08:59:49','::1','{\"device\":\"Chrome\",\"version\":\"147.0.0.0\",\"layout\":\"Blink\",\"os\":{\"architecture\":64,\"family\":\"Windows\",\"version\":\"10\"},\"description\":\"Chrome 147.0.0.0 on Windows 10 64-bit\"}','32b49a874c7bac5d8728a6c3065b933c4d97095b38231fe6f661a36806ad3185','1','legacy_sync'),(261,1,'LOGIN','2026-04-28 14:58:38','::1','{\"device\":\"Chrome\",\"version\":\"147.0.0.0\",\"layout\":\"Blink\",\"os\":{\"architecture\":64,\"family\":\"Windows\",\"version\":\"10\"},\"description\":\"Chrome 147.0.0.0 on Windows 10 64-bit\"}','ffffc479e15a10315af40fb0bc6cf9006c482d51270ac1298ea4430b60f1584f','2','legacy_sync'),(262,1,'LOGOUT','2026-04-28 16:20:31','::1','','ffffc479e15a10315af40fb0bc6cf9006c482d51270ac1298ea4430b60f1584f','1','legacy_sync'),(263,1,'LOGIN','2026-04-28 16:20:40','::1','{\"device\":\"Chrome\",\"version\":\"147.0.0.0\",\"layout\":\"Blink\",\"os\":{\"architecture\":64,\"family\":\"Windows\",\"version\":\"10\"},\"description\":\"Chrome 147.0.0.0 on Windows 10 64-bit\"}','ab4c16520e55786d4c18a1db50c51e57efdd95963dccfcf5f975b709e6165866','1','legacy_sync'),(264,1,'LOGIN','2026-04-30 08:06:04','::1','{\"device\":\"Chrome\",\"version\":\"147.0.0.0\",\"layout\":\"Blink\",\"os\":{\"architecture\":64,\"family\":\"Windows\",\"version\":\"10\"},\"description\":\"Chrome 147.0.0.0 on Windows 10 64-bit\"}','1e8cdc5bfe78f39783a094ca548109fb79fe79d8087e3b239a547fab9476bd6f','1','legacy_sync'),(265,1,'LOGOUT','2026-04-30 09:48:44','::1','','1e8cdc5bfe78f39783a094ca548109fb79fe79d8087e3b239a547fab9476bd6f','1','legacy_sync'),(266,1,'LOGIN','2026-04-30 09:48:52','::1','{\"device\":\"Chrome\",\"version\":\"147.0.0.0\",\"layout\":\"Blink\",\"os\":{\"architecture\":64,\"family\":\"Windows\",\"version\":\"10\"},\"description\":\"Chrome 147.0.0.0 on Windows 10 64-bit\"}','f3d53e1a0d108b7969bbe2a408ccef4c846280b95684fd219608230700b15203','2','legacy_sync'),(267,1,'LOGIN','2026-04-30 14:44:31','::1','{\"device\":\"Chrome\",\"version\":\"147.0.0.0\",\"layout\":\"Blink\",\"os\":{\"architecture\":64,\"family\":\"Windows\",\"version\":\"10\"},\"description\":\"Chrome 147.0.0.0 on Windows 10 64-bit\"}','6b7547ecb28704289d0439c035d74ca3d6b76e987cb4768bbc1237d34ef90622','2','legacy_sync'),(268,1,'LOGOUT','2026-04-30 15:07:31','::1','','6b7547ecb28704289d0439c035d74ca3d6b76e987cb4768bbc1237d34ef90622','1','legacy_sync'),(269,1,'LOGIN','2026-04-30 15:07:40','::1','{\"device\":\"Chrome\",\"version\":\"147.0.0.0\",\"layout\":\"Blink\",\"os\":{\"architecture\":64,\"family\":\"Windows\",\"version\":\"10\"},\"description\":\"Chrome 147.0.0.0 on Windows 10 64-bit\"}','9289144664d95753e33c4e8050d7c08d3844520dcd04b7f8712e54879e374164','1','legacy_sync'),(270,1,'LOGOUT','2026-04-30 15:07:59','::1','','9289144664d95753e33c4e8050d7c08d3844520dcd04b7f8712e54879e374164','1','legacy_sync'),(271,2,'LOGIN','2026-04-30 15:08:13','::1','{\"device\":\"Chrome\",\"version\":\"147.0.0.0\",\"layout\":\"Blink\",\"os\":{\"architecture\":64,\"family\":\"Windows\",\"version\":\"10\"},\"description\":\"Chrome 147.0.0.0 on Windows 10 64-bit\"}','164111a38811f65078f8b96be4bd4e17ec2399da4ef8ebfc27c45b654e824362','3','legacy_sync'),(272,1,'LOGIN','2026-05-04 07:58:26','::1','{\"device\":\"Chrome\",\"version\":\"147.0.0.0\",\"layout\":\"Blink\",\"os\":{\"architecture\":64,\"family\":\"Windows\",\"version\":\"10\"},\"description\":\"Chrome 147.0.0.0 on Windows 10 64-bit\"}','c7f9133faa38553483670cea83d04deea92a7d4e96fe23bcbace8ecd5c631f7e','2','legacy_sync'),(273,1,'LOGOUT','2026-05-04 08:25:36','::1','','c7f9133faa38553483670cea83d04deea92a7d4e96fe23bcbace8ecd5c631f7e','1','legacy_sync'),(274,15,'LOGIN','2026-05-04 08:25:49','::1','{\"device\":\"Chrome\",\"version\":\"147.0.0.0\",\"layout\":\"Blink\",\"os\":{\"architecture\":64,\"family\":\"Windows\",\"version\":\"10\"},\"description\":\"Chrome 147.0.0.0 on Windows 10 64-bit\"}','752bfd224a6e66c4db8651a21811fe4a389b54e873327304b4794f2af242c71b','3','legacy_sync'),(275,15,'LOGIN','2026-05-04 10:46:33','::1','{\"device\":\"Chrome\",\"version\":\"147.0.0.0\",\"layout\":\"Blink\",\"os\":{\"architecture\":64,\"family\":\"Windows\",\"version\":\"10\"},\"description\":\"Chrome 147.0.0.0 on Windows 10 64-bit\"}','47b68fd62e476a5e19b494a2b0f6f176346b12da8dd4557ea63aa763cb73ba85','3','legacy_sync'),(276,3,'LOGIN','2026-05-04 10:51:12','::1','{\"device\":\"Chrome\",\"version\":\"147.0.0.0\",\"layout\":\"Blink\",\"os\":{\"architecture\":64,\"family\":\"Windows\",\"version\":\"10\"},\"description\":\"Chrome 147.0.0.0 on Windows 10 64-bit\"}','0b19819731166fa1b44e1ef41fb52447166ba897eea82996bd18546a8172df69','4','legacy_sync'),(277,3,'LOGOUT','2026-05-04 10:52:06','::1','','0b19819731166fa1b44e1ef41fb52447166ba897eea82996bd18546a8172df69','4','legacy_sync'),(278,1,'LOGIN','2026-05-04 10:52:26','::1','{\"device\":\"Chrome\",\"version\":\"147.0.0.0\",\"layout\":\"Blink\",\"os\":{\"architecture\":64,\"family\":\"Windows\",\"version\":\"10\"},\"description\":\"Chrome 147.0.0.0 on Windows 10 64-bit\"}','747b28607b5fdaaaf427a56264ca21a6dcb44f0d9aaf47d87ed31e972e2128e3','2','legacy_sync'),(279,15,'LOGIN','2026-05-04 16:44:30','::1','{\"device\":\"Chrome\",\"version\":\"147.0.0.0\",\"layout\":\"Blink\",\"os\":{\"architecture\":64,\"family\":\"Windows\",\"version\":\"10\"},\"description\":\"Chrome 147.0.0.0 on Windows 10 64-bit\"}','60107e08b41e2fcbaf89cbe524d58266b4540f1363b4959cfa0bd78ac51cf23a','3','legacy_sync'),(280,15,'LOGOUT','2026-05-04 16:45:14','::1','','60107e08b41e2fcbaf89cbe524d58266b4540f1363b4959cfa0bd78ac51cf23a','3','legacy_sync'),(281,1,'LOGIN','2026-05-04 16:45:27','::1','{\"device\":\"Chrome\",\"version\":\"147.0.0.0\",\"layout\":\"Blink\",\"os\":{\"architecture\":64,\"family\":\"Windows\",\"version\":\"10\"},\"description\":\"Chrome 147.0.0.0 on Windows 10 64-bit\"}','429a86fcef16670e64e05e763032b29ffb6d19383a0d177c23ac62eb01fd9e1f','1','legacy_sync'),(282,1,'LOGOUT','2026-05-04 16:45:36','::1','','429a86fcef16670e64e05e763032b29ffb6d19383a0d177c23ac62eb01fd9e1f','1','legacy_sync'),(283,1,'LOGIN','2026-05-04 16:45:41','::1','{\"device\":\"Chrome\",\"version\":\"147.0.0.0\",\"layout\":\"Blink\",\"os\":{\"architecture\":64,\"family\":\"Windows\",\"version\":\"10\"},\"description\":\"Chrome 147.0.0.0 on Windows 10 64-bit\"}','776508f6ab365dba57479c16b713cf6524046a7f8abeb93253552e0ae3fc417b','2','legacy_sync'),(284,3,'LOGIN','2026-05-04 17:37:15','::1','{\"device\":\"Chrome\",\"version\":\"147.0.0.0\",\"layout\":\"Blink\",\"os\":{\"architecture\":64,\"family\":\"Windows\",\"version\":\"10\"},\"description\":\"Chrome 147.0.0.0 on Windows 10 64-bit\"}','ad07d9dc5062a6afa3d7d1b6c2e1a1a67446c9420c9aea6c873c200834caae06','4','legacy_sync'),(285,1,'LOGIN','2026-05-05 08:30:36','::1','{\"device\":\"Chrome\",\"version\":\"147.0.0.0\",\"layout\":\"Blink\",\"os\":{\"architecture\":64,\"family\":\"Windows\",\"version\":\"10\"},\"description\":\"Chrome 147.0.0.0 on Windows 10 64-bit\"}','b4aa00ef832ee9444c57f55cfd4b7ef74ac7fb89929b21b58abf078d550346a0','2','legacy_sync'),(286,1,'LOGIN','2026-05-05 14:48:48','::1','{\"device\":\"Chrome\",\"version\":\"147.0.0.0\",\"layout\":\"Blink\",\"os\":{\"architecture\":64,\"family\":\"Windows\",\"version\":\"10\"},\"description\":\"Chrome 147.0.0.0 on Windows 10 64-bit\"}','ad18f1e4c6100365beb58dd3d76816f38b8413322315e364111205817bc9eafa','2','legacy_sync'),(287,1,'LOGOUT','2026-05-05 15:33:22','::1','','ad18f1e4c6100365beb58dd3d76816f38b8413322315e364111205817bc9eafa','1','legacy_sync'),(288,1,'LOGIN','2026-05-05 15:33:38','::1','{\"device\":\"Chrome\",\"version\":\"147.0.0.0\",\"layout\":\"Blink\",\"os\":{\"architecture\":64,\"family\":\"Windows\",\"version\":\"10\"},\"description\":\"Chrome 147.0.0.0 on Windows 10 64-bit\"}','d29d6cb7677eed51e2aa4acb428c64132ad5c5f578bfe78b47893300ae6b6310','1','legacy_sync'),(289,1,'LOGOUT','2026-05-05 16:05:56','::1','','d29d6cb7677eed51e2aa4acb428c64132ad5c5f578bfe78b47893300ae6b6310','1','legacy_sync'),(290,15,'LOGIN','2026-05-05 16:06:15','::1','{\"device\":\"Chrome\",\"version\":\"147.0.0.0\",\"layout\":\"Blink\",\"os\":{\"architecture\":64,\"family\":\"Windows\",\"version\":\"10\"},\"description\":\"Chrome 147.0.0.0 on Windows 10 64-bit\"}','6fff6b101e3a0fb358ea7d4c24b0cee0abac771c1cc2666b5bcce65a7731fcf9','3','legacy_sync'),(291,15,'LOGOUT','2026-05-05 16:15:26','::1','','6fff6b101e3a0fb358ea7d4c24b0cee0abac771c1cc2666b5bcce65a7731fcf9','3','legacy_sync'),(292,1,'LOGIN','2026-05-05 16:15:39','::1','{\"device\":\"Chrome\",\"version\":\"147.0.0.0\",\"layout\":\"Blink\",\"os\":{\"architecture\":64,\"family\":\"Windows\",\"version\":\"10\"},\"description\":\"Chrome 147.0.0.0 on Windows 10 64-bit\"}','27bad1bb79e3eb8a92a37c3da0a8f489a372f5f8ff03468b43506c35060efd97','1','legacy_sync'),(293,1,'LOGIN','2026-05-11 08:25:00','::1','{\"device\":\"Chrome\",\"version\":\"147.0.0.0\",\"layout\":\"Blink\",\"os\":{\"architecture\":64,\"family\":\"Windows\",\"version\":\"10\"},\"description\":\"Chrome 147.0.0.0 on Windows 10 64-bit\"}','465459755a7ef0c67d33ff0755f6e8c9c21cca2f9fd4c5da40d0718cb110e851','2','legacy_sync'),(294,1,'LOGOUT','2026-05-11 08:30:20','::1','','465459755a7ef0c67d33ff0755f6e8c9c21cca2f9fd4c5da40d0718cb110e851','1','legacy_sync'),(295,1,'LOGIN','2026-05-11 08:30:46','::1','{\"device\":\"Chrome\",\"version\":\"147.0.0.0\",\"layout\":\"Blink\",\"os\":{\"architecture\":64,\"family\":\"Windows\",\"version\":\"10\"},\"description\":\"Chrome 147.0.0.0 on Windows 10 64-bit\"}','833521692f755b6d20405e07484c9d5c50f68891b9adaa33c18ea0363460909c','2','legacy_sync'),(296,1,'LOGIN','2026-05-11 08:33:14','::1','{\"device\":\"Chrome\",\"version\":\"147.0.0.0\",\"layout\":\"Blink\",\"os\":{\"architecture\":64,\"family\":\"Windows\",\"version\":\"10\"},\"description\":\"Chrome 147.0.0.0 on Windows 10 64-bit\"}','133ff6f7b808cef5fdddec2d3f6c96abb7d82ef1217cb64e899843883ccda078','2','legacy_sync');
/*!40000 ALTER TABLE `user_log_events` ENABLE KEYS */;
UNLOCK TABLES;

--
-- Table structure for table `users`
--

DROP TABLE IF EXISTS `users`;
/*!40101 SET @saved_cs_client     = @@character_set_client */;
/*!40101 SET character_set_client = utf8 */;
CREATE TABLE `users` (
  `user_id` int(11) NOT NULL AUTO_INCREMENT,
  `general_id` varchar(255) NOT NULL,
  `img` varchar(255) NOT NULL,
  `f_name` varchar(255) NOT NULL,
  `m_name` varchar(255) NOT NULL,
  `l_name` varchar(255) NOT NULL,
  `suffix` varchar(255) NOT NULL,
  `sex` varchar(100) NOT NULL,
  `birth_date` varchar(255) NOT NULL,
  `user_role` text DEFAULT '[""]' COMMENT '''1'' => ''ADMIN'', ''2'' => ''REGISTRAR'', ''3'' => ''VPAA'', ''4'' => ''OFFICIAL'', ''5'' => ''FACULTY'', ''6'' => ''STUDENT''',
  `username` varchar(255) NOT NULL,
  `password` varchar(255) DEFAULT NULL,
  `email_address` varchar(255) NOT NULL DEFAULT '',
  `recovery_email` varchar(255) NOT NULL,
  `position` varchar(255) DEFAULT NULL,
  `employment_status_id` int(11) DEFAULT NULL,
  `assigned_access` varchar(100) DEFAULT NULL,
  `status` int(11) NOT NULL,
  `locked` int(11) NOT NULL,
  `last_signin` datetime NOT NULL,
  PRIMARY KEY (`user_id`),
  KEY `idx_users_employment_status_id` (`employment_status_id`),
  CONSTRAINT `fk_users_employment_status` FOREIGN KEY (`employment_status_id`) REFERENCES `employment_status` (`employment_status_id`) ON DELETE SET NULL ON UPDATE CASCADE
) ENGINE=InnoDB AUTO_INCREMENT=16 DEFAULT CHARSET=utf8mb4 COLLATE=utf8mb4_general_ci;
/*!40101 SET character_set_client = @saved_cs_client */;

--
-- Dumping data for table `users`
--

LOCK TABLES `users` WRITE;
/*!40000 ALTER TABLE `users` DISABLE KEYS */;
INSERT INTO `users` VALUES (1,'CGC-08626','','Marlon','Llanes','Reolo','','male','2000-11-04','[\"1\",\"2\"]','mlreolo@ccc.edu.ph','779a8d6c3c12a58398e76f3146ae3874454e97c5','mlreolo@ccc.edu.ph','mlreolo@ccc.edu.ph','Administrative',1,'DTE',0,0,'0000-00-00 00:00:00'),(2,'po_as','','PO','PO','PO','','male','2011-03-04','[\"3\"]','po_as','6380d71637c7aa7cc3b34474d08e97b139ad0d32','asdfasdfasdf@gmail.com','','Administrative',1,NULL,0,0,'0000-00-00 00:00:00'),(3,'user','','USER','USER','USER','','male','2011-03-05','[\"4\"]','user','9842d454dfa08a3a957c56bdbe5bc01746e21424','user@gmail.com','','Academic Personnel',1,NULL,0,0,'0000-00-00 00:00:00'),(4,'2026-0001','','ANNA','MARIA','REYES','','female','1980-01-15','[\"4\"]','teachuser1','passwrd1','anna.reyes@ccc.edu.ph','','Academic Personnel',1,NULL,0,0,'0000-00-00 00:00:00'),(5,'2026-0002','','JUAN','CRUZ','SANTOS','','male','1978-03-22','[\"4\"]','teachuser2','passwrd2','juan.santos@ccc.edu.ph','','Academic Personnel',1,NULL,0,0,'0000-00-00 00:00:00'),(6,'2026-0003','','EMILY','GRACE','LOPEZ','','female','1985-07-09','[\"4\"]','teachuser3','passwrd3','emily.lopez@ccc.edu.ph','','Academic Personnel',1,NULL,0,0,'0000-00-00 00:00:00'),(7,'2026-0004','','MICHAEL','JAMES','GARCIA','','male','1975-11-30','[\"4\"]','teachuser4','passwrd4','michael.garcia@ccc.edu.ph','','Academic Personnel',1,NULL,0,0,'0000-00-00 00:00:00'),(8,'2026-0005','','SOPHIA','ANNE','RAMOS','','female','1990-05-18','[\"4\"]','teachuser5','passwrd5','sophia.ramos@ccc.edu.ph','','Academic Personnel',1,NULL,0,0,'0000-00-00 00:00:00'),(9,'2026-0006','','DAVID','LEE','MENDOZA','','male','1982-09-25','[\"4\"]','teachuser6','passwrd6','david.mendoza@ccc.edu.ph','','Academic Personnel',1,NULL,0,0,'0000-00-00 00:00:00'),(10,'2026-0007','','ISABELLA','MARIE','CASTRO','','female','1988-12-12','[\"4\"]','teachuser7','passwrd7','isabella.castro@ccc.edu.ph','','Academic Personnel',1,NULL,0,0,'0000-00-00 00:00:00'),(11,'2026-0008','','MARK','ANTHONY','DELOS SANTOS','','male','1979-04-03','[\"4\"]','teachuser8','passwrd8','mark.delossantos@ccc.edu.ph','','Academic Personnel',1,NULL,0,0,'0000-00-00 00:00:00'),(12,'2026-0009','','PATRICIA','JOY','NAVARRO','','female','1983-08-27','[\"4\"]','teachuser9','passwrd9','patricia.navarro@ccc.edu.ph','','Academic Personnel',1,NULL,0,0,'0000-00-00 00:00:00'),(13,'2026-0010','','ROBERT','JOHN','LIM','','male','1977-02-14','[\"4\"]','teachuser10','passwrdA','robert.lim@ccc.edu.ph','','Academic Personnel',1,NULL,0,0,'0000-00-00 00:00:00'),(14,'csm_as','','CSM','CSM','CSM','','male','2011-04-11','[\"3\"]','csm_as','b714716b5a707f656f8775d1e34d24df187cafff','ballesafsdfrosjancedric@gmail.com','','Non-Teaching Personnel',1,NULL,0,0,'0000-00-00 00:00:00'),(15,'ast_as','','AST_AS','AST_AS','AST_AS','','male','2011-04-11','[\"3\"]','ast_as','d5f21934d5816b4165eb5c46931b0dc656f30686','ballesterosjangasdgasdfacedric@gmail.com','','Non-Teaching Personnel',1,NULL,0,0,'0000-00-00 00:00:00');
/*!40000 ALTER TABLE `users` ENABLE KEYS */;
UNLOCK TABLES;

--
-- Dumping routines for database 'e_inventory'
--
/*!40103 SET TIME_ZONE=@OLD_TIME_ZONE */;

/*!40101 SET SQL_MODE=@OLD_SQL_MODE */;
/*!40014 SET FOREIGN_KEY_CHECKS=@OLD_FOREIGN_KEY_CHECKS */;
/*!40014 SET UNIQUE_CHECKS=@OLD_UNIQUE_CHECKS */;
/*!40101 SET CHARACTER_SET_CLIENT=@OLD_CHARACTER_SET_CLIENT */;
/*!40101 SET CHARACTER_SET_RESULTS=@OLD_CHARACTER_SET_RESULTS */;
/*!40101 SET COLLATION_CONNECTION=@OLD_COLLATION_CONNECTION */;
/*!40111 SET SQL_NOTES=@OLD_SQL_NOTES */;

-- Dump completed on 2026-05-11  8:51:25
